# NACRE (Angulo et al. 1999, Nucl. Phys. A 656, 3) recommended reaction rates,
# with lower/upper bounds as factor uncertainties.
# Reformatted from data/netgen/netgen_nacre_log_100_{rec,low,up}.txt
# (the NACRE-project NetGen distribution format) into ReacNetJl's per-reaction block format.
reaction: d p -> he3 ; label: d+p_to_he3 ; table: nacre ; variant: standard
0.001 1.3e-11 8.3e-12 1.77e-11
0.0010999999999999998 2.63e-11 1.68e-11 3.58e-11
0.0012000000000000001 5.7e-11 3.644e-11 7.756e-11
0.00132 1.332e-10 8.521e-11 1.812e-10
0.0014500000000000001 3.381e-10 2.165e-10 4.597e-10
0.00159 9.399e-10 6.023e-10 1.277e-9
0.0017500000000000003 2.886e-9 1.852e-9 3.921e-9
0.0019199999999999998 9.89e-9 6.35e-9 1.343e-8
0.0021000000000000003 2.578e-8 1.657e-8 3.499e-8
0.00231 5.264e-8 3.389e-8 7.14e-8
0.0025399999999999997 1.152e-7 7.428e-8 1.562e-7
0.00278 2.722e-7 1.758e-7 3.687e-7
0.0030499999999999998 6.522e-7 4.219e-7 8.827e-7
0.00335 1.248e-6 8.09e-7 1.688e-6
0.00368 2.545e-6 1.653e-6 3.44e-6
0.00404 5.432e-6 3.537e-6 7.337e-6
0.00443 9.987e-6 6.504e-6 1.346e-5
0.00486 1.948e-5 1.269e-5 2.621e-5
0.00534 3.576e-5 2.334e-5 4.814e-5
0.00586 6.58e-5 4.309e-5 8.875e-5
0.00643 0.000116 7.613e-5 0.0001563
0.007049999999999999 0.0002065 0.0001356 0.0002774
0.0077399999999999995 0.0003504 0.000231 0.0004697
0.0085 0.0005897 0.00039 0.0007884
0.00933 0.0009806 0.0006496 0.001309
0.01024 0.001602 0.001064 0.002139
0.01123 0.002565 0.001715 0.003416
0.01233 0.00405 0.002712 0.005385
0.01353 0.006293 0.004226 0.008359
0.014849999999999999 0.009639 0.006513 0.01279
0.016300000000000002 0.01456 0.00984 0.01929
0.01789 0.02177 0.01477 0.02877
0.01963 0.032 0.02176 0.04218
0.02154 0.04541 0.03101 0.05977
0.02364 0.06547 0.04494 0.08612
0.02595 0.09405 0.0649 0.1235
0.02848 0.1316 0.09126 0.1721
0.031259999999999996 0.1818 0.1267 0.2369
0.034300000000000004 0.244 0.1707 0.3171
0.03765 0.3371 0.2368 0.4368
0.04132 0.4632 0.3269 0.5984
0.04535 0.6109 0.4337 0.7871
0.049769999999999995 0.8278 0.5914 1.063
0.05462 1.071 0.771 1.371
0.05995 1.416 1.027 1.805
0.06579 1.811 1.32 2.306
0.07221 2.333 1.708 2.965
0.07925 2.981 2.191 3.772
0.08697 3.759 2.782 4.736
0.09545000000000001 4.722 3.517 5.931
0.10476 5.896 4.417 7.382
0.11498 7.32 5.513 9.14
0.12619 9.028 6.844 11.24
0.13849 11.12 8.455 13.68
0.15199000000000001 13.56 10.38 16.63
0.16680999999999999 16.36 12.63 20.04
0.18307 19.73 15.39 24.15
0.20092 23.78 18.55 28.92
0.22050999999999998 28.06 22.02 34.01
0.24201 33.65 26.58 40.63
0.26561 39.86 31.71 47.97
0.29151 47.21 37.84 56.63
0.31993 55.48 44.75 66.28
0.35112 65.43 53.07 77.78
0.38534999999999997 76.24 62.15 90.26
0.42291999999999996 88.84 72.84 104.8
0.46416 103.2 85.19 121.3
0.50941 119.1 99.17 139.6
0.55908 137.1 114.6 160.0
0.6135900000000001 158.8 133.3 184.4
0.67342 181.8 153.9 210.3
0.73907 208.4 177.2 240.0
0.81113 239.3 203.9 273.9
0.89022 272.6 234.0 311.1
0.9770099999999999 309.6 267.5 352.4
1.07227 349.2 303.5 396.0
1.1768100000000001 396.3 346.4 447.2
1.29155 450.6 396.0 506.0
1.41747 508.2 448.7 568.2
1.5556800000000002 574.7 510.2 639.4
1.70735 647.8 579.0 717.4
1.8738199999999998 728.3 654.4 802.8
2.0565100000000003 818.6 738.9 897.9
2.25702 916.1 830.1 1000.0
2.47708 1037.0 943.4 1126.0
2.71859 1153.0 1060.0 1247.0
2.98365 1291.0 1201.0 1391.0
3.27455 1442.0 1341.0 1547.0
3.59381 1617.0 1507.0 1728.0
3.9442100000000004 1808.0 1698.0 1918.0
4.32876 2002.0 1892.0 2116.0
4.7508099999999995 2232.0 2121.0 2350.0
5.21401 2490.0 2380.0 2609.0
5.72237 2772.0 2662.0 2886.0
6.28029 3087.0 2977.0 3195.0
6.89261 3435.0 3325.0 3536.0
7.564629999999999 3806.0 3701.0 3901.0
8.30218 4219.0 4124.0 4306.0
9.11163 4668.0 4589.0 4747.0
10.0 5160.0 5090.0 5230.0
end
reaction: d d -> p t ; label: d+d_to_p+t ; table: nacre ; variant: standard
0.001 1.41e-8 1.35e-8 1.47e-8
0.0010999999999999998 3.177e-8 3.041e-8 3.311e-8
0.0012000000000000001 7.746e-8 7.416e-8 8.074e-8
0.00132 2.061e-7 1.973e-7 2.147e-7
0.0014500000000000001 6.03e-7 5.773e-7 6.282e-7
0.00159 1.959e-6 1.876e-6 2.041e-6
0.0017500000000000003 7.141e-6 6.836e-6 7.436e-6
0.0019199999999999998 2.952e-5 2.826e-5 3.074e-5
0.0021000000000000003 8.905e-5 8.526e-5 9.272e-5
0.00231 0.0002026 0.0001941 0.000211
0.0025399999999999997 0.0004993 0.0004785 0.0005205
0.00278 0.001344 0.001289 0.001402
0.0030499999999999998 0.003675 0.003526 0.003835
0.00335 0.007766 0.007451 0.008102
0.00368 0.01765 0.01694 0.01841
0.00404 0.04229 0.04059 0.04411
0.00443 0.0851 0.08173 0.08875
0.00486 0.1833 0.1762 0.1912
0.00534 0.3688 0.3544 0.3845
0.00586 0.7452 0.7149 0.7766
0.00643 1.433 1.374 1.492
0.007049999999999999 2.781 2.666 2.897
0.0077399999999999995 5.101 4.886 5.309
0.0085 9.278 8.876 9.638
0.00933 16.61 15.88 17.26
0.01024 29.07 27.82 30.31
0.01123 49.9 47.78 51.93
0.01233 84.03 80.48 87.34
0.01353 139.0 133.0 144.4
0.014849999999999999 226.5 217.0 235.9
0.016300000000000002 360.6 346.4 375.9
0.01789 570.0 546.9 594.2
0.01963 881.6 845.9 921.2
0.02154 1310.0 1256.0 1367.0
0.02364 1983.0 1899.0 2063.0
0.02595 2982.0 2857.0 3100.0
0.02848 4342.0 4163.0 4520.0
0.031259999999999996 6230.0 5976.0 6490.0
0.034300000000000004 8655.0 8293.0 9003.0
0.03765 12420.0 11880.0 12900.0
0.04132 17670.0 16910.0 18350.0
0.04535 23950.0 22930.0 24890.0
0.049769999999999995 33420.0 32040.0 34790.0
0.05462 44280.0 42480.0 46110.0
0.05995 60020.0 57630.0 62520.0
0.06579 78320.0 75180.0 81500.0
0.07221 102800.0 98790.0 107000.0
0.07925 133300.0 128400.0 139100.0
0.08697 170800.0 163900.0 177500.0
0.09545000000000001 217200.0 208700.0 225700.0
0.10476 273600.0 263300.0 285000.0
0.11498 342500.0 329100.0 356500.0
0.12619 425400.0 408600.0 442200.0
0.13849 523900.0 503400.0 545200.0
0.15199000000000001 640100.0 615400.0 665700.0
0.16680999999999999 774600.0 744400.0 804800.0
0.18307 935600.0 899900.0 972600.0
0.20092 1.118e6 1.078e6 1.169e6
0.22050999999999998 1.313e6 1.265e6 1.37e6
0.24201 1.565e6 1.508e6 1.631e6
0.26561 1.84e6 1.772e6 1.914e6
0.29151 2.163e6 2.078e6 2.241e6
0.31993 2.513e6 2.415e6 2.604e6
0.35112 2.923e6 2.813e6 3.034e6
0.38534999999999997 3.356e6 3.232e6 3.48e6
0.42291999999999996 3.849e6 3.71e6 3.992e6
0.46416 4.4e6 4.242e6 4.565e6
0.50941 5.002e6 4.819e6 5.186e6
0.55908 5.637e6 5.44e6 5.845e6
0.6135900000000001 6.386e6 6.17e6 6.621e6
0.67342 7.171e6 6.925e6 7.43e6
0.73907 8.037e6 7.759e6 8.322e6
0.81113 8.99e6 8.681e6 9.309e6
0.89022 9.971e6 9.67e6 1.036e7
0.9770099999999999 1.109e7 1.071e7 1.149e7
1.07227 1.22e7 1.179e7 1.262e7
1.1768100000000001 1.345e7 1.305e7 1.392e7
1.29155 1.485e7 1.443e7 1.536e7
1.41747 1.628e7 1.582e7 1.685e7
1.5556800000000002 1.789e7 1.735e7 1.849e7
1.70735 1.959e7 1.893e7 2.019e7
1.8738199999999998 2.135e7 2.065e7 2.204e7
2.0565100000000003 2.321e7 2.25e7 2.402e7
2.25702 2.51e7 2.435e7 2.595e7
2.47708 2.735e7 2.656e7 2.825e7
2.71859 2.952e7 2.864e7 3.047e7
2.98365 3.204e7 3.105e7 3.303e7
3.27455 3.444e7 3.334e7 3.55e7
3.59381 3.71e7 3.588e7 3.824e7
3.9442100000000004 3.984e7 3.856e7 4.112e7
4.32876 4.251e7 4.115e7 4.387e7
4.7508099999999995 4.552e7 4.407e7 4.697e7
5.21401 4.866e7 4.712e7 5.02e7
5.72237 5.18e7 5.016e7 5.344e7
6.28029 5.509e7 5.333e7 5.684e7
6.89261 5.848e7 5.661e7 6.036e7
7.564629999999999 6.182e7 5.986e7 6.383e7
8.30218 6.53e7 6.324e7 6.743e7
9.11163 6.881e7 6.661e7 7.103e7
10.0 7.22e7 7.0e7 7.45e7
end
reaction: d d -> n he3 ; label: d+d_to_n+he3 ; table: nacre ; variant: standard
0.001 1.39e-8 1.26e-8 1.52e-8
0.0010999999999999998 3.131e-8 2.838e-8 3.424e-8
0.0012000000000000001 7.632e-8 6.92e-8 8.349e-8
0.00132 2.029e-7 1.84e-7 2.221e-7
0.0014500000000000001 5.936e-7 5.385e-7 6.497e-7
0.00159 1.928e-6 1.749e-6 2.111e-6
0.0017500000000000003 7.024e-6 6.374e-6 7.692e-6
0.0019199999999999998 2.903e-5 2.635e-5 3.18e-5
0.0021000000000000003 8.757e-5 7.947e-5 9.594e-5
0.00231 0.0001994 0.0001809 0.0002184
0.0025399999999999997 0.000492 0.000446 0.0005388
0.00278 0.001326 0.001201 0.001451
0.0030499999999999998 0.003629 0.003286 0.003973
0.00335 0.007668 0.00695 0.008394
0.00368 0.01743 0.01581 0.01908
0.00404 0.04176 0.03791 0.04571
0.00443 0.08417 0.07632 0.09199
0.00486 0.1817 0.1645 0.1982
0.00534 0.3654 0.331 0.399
0.00586 0.7372 0.6685 0.8068
0.00643 1.417 1.286 1.551
0.007049999999999999 2.75 2.498 3.012
0.0077399999999999995 5.05 4.582 5.529
0.0085 9.166 8.326 10.05
0.00933 16.4 14.92 17.99
0.01024 28.85 26.21 31.57
0.01123 49.58 44.98 54.19
0.01233 83.48 75.84 91.44
0.01353 138.0 125.6 151.4
0.014849999999999999 225.5 204.7 247.2
0.016300000000000002 359.7 326.9 394.4
0.01789 569.9 516.8 623.3
0.01963 881.6 800.2 966.7
0.02154 1310.0 1189.0 1437.0
0.02364 1983.0 1799.0 2174.0
0.02595 2986.0 2709.0 3273.0
0.02848 4364.0 3958.0 4774.0
0.031259999999999996 6275.0 5696.0 6859.0
0.034300000000000004 8715.0 7927.0 9526.0
0.03765 12500.0 11390.0 13660.0
0.04132 17810.0 16250.0 19470.0
0.04535 24240.0 22060.0 26490.0
0.049769999999999995 34000.0 30860.0 37140.0
0.05462 45140.0 40990.0 49320.0
0.05995 61320.0 55730.0 67000.0
0.06579 80180.0 72900.0 87510.0
0.07221 105500.0 96090.0 115100.0
0.07925 137100.0 125400.0 149700.0
0.08697 176100.0 160200.0 192500.0
0.09545000000000001 224700.0 204100.0 245800.0
0.10476 284400.0 258700.0 310600.0
0.11498 357400.0 325100.0 389700.0
0.12619 444700.0 405100.0 485500.0
0.13849 549900.0 501200.0 599800.0
0.15199000000000001 675300.0 614800.0 736000.0
0.16680999999999999 819500.0 746800.0 893500.0
0.18307 994800.0 906400.0 1.084e6
0.20092 1.199e6 1.088e6 1.3e6
0.22050999999999998 1.41e6 1.285e6 1.532e6
0.24201 1.685e6 1.542e6 1.833e6
0.26561 1.989e6 1.823e6 2.166e6
0.29151 2.349e6 2.15e6 2.557e6
0.31993 2.745e6 2.513e6 2.987e6
0.35112 3.215e6 2.944e6 3.496e6
0.38534999999999997 3.707e6 3.396e6 4.028e6
0.42291999999999996 4.276e6 3.916e6 4.642e6
0.46416 4.919e6 4.503e6 5.335e6
0.50941 5.622e6 5.151e6 6.092e6
0.55908 6.37e6 5.842e6 6.902e6
0.6135900000000001 7.256e6 6.663e6 7.862e6
0.67342 8.188e6 7.529e6 8.864e6
0.73907 9.219e6 8.488e6 9.963e6
0.81113 1.037e7 9.556e6 1.118e7
0.89022 1.163e7 1.074e7 1.252e7
0.9770099999999999 1.294e7 1.196e7 1.399e7
1.07227 1.43e7 1.322e7 1.546e7
1.1768100000000001 1.589e7 1.468e7 1.713e7
1.29155 1.764e7 1.631e7 1.897e7
1.41747 1.937e7 1.794e7 2.08e7
1.5556800000000002 2.131e7 1.977e7 2.286e7
1.70735 2.338e7 2.172e7 2.505e7
1.8738199999999998 2.558e7 2.378e7 2.733e7
2.0565100000000003 2.792e7 2.6e7 2.975e7
2.25702 3.024e7 2.823e7 3.218e7
2.47708 3.3e7 3.091e7 3.508e7
2.71859 3.556e7 3.338e7 3.779e7
2.98365 3.851e7 3.622e7 4.09e7
3.27455 4.137e7 3.901e7 4.377e7
3.59381 4.453e7 4.211e7 4.695e7
3.9442100000000004 4.776e7 4.527e7 5.025e7
4.32876 5.08e7 4.832e7 5.33e7
4.7508099999999995 5.419e7 5.176e7 5.67e7
5.21401 5.773e7 5.537e7 6.017e7
5.72237 6.127e7 5.901e7 6.357e7
6.28029 6.498e7 6.286e7 6.71e7
6.89261 6.881e7 6.687e7 7.074e7
7.564629999999999 7.261e7 7.092e7 7.429e7
8.30218 7.669e7 7.534e7 7.802e7
9.11163 8.106e7 8.013e7 8.19e7
10.0 8.57e7 8.53e7 8.6e7
end
reaction: d d -> he4 ; label: d+d_to_he4 ; table: nacre ; variant: standard
0.001 1.34e-15 1.19e-15 1.5e-15
0.0010999999999999998 3.018e-15 2.679e-15 3.378e-15
0.0012000000000000001 7.359e-15 6.528e-15 8.235e-15
0.00132 1.957e-14 1.735e-14 2.189e-14
0.0014500000000000001 5.726e-14 5.071e-14 6.404e-14
0.00159 1.86e-13 1.646e-13 2.08e-13
0.0017500000000000003 6.777e-13 5.992e-13 7.575e-13
0.0019199999999999998 2.801e-12 2.474e-12 3.13e-12
0.0021000000000000003 8.447e-12 7.459e-12 9.437e-12
0.00231 1.921e-11 1.697e-11 2.147e-11
0.0025399999999999997 4.732e-11 4.183e-11 5.29e-11
0.00278 1.273e-10 1.126e-10 1.423e-10
0.0030499999999999998 3.48e-10 3.079e-10 3.892e-10
0.00335 7.347e-10 6.495e-10 8.222e-10
0.00368 1.668e-9 1.473e-9 1.868e-9
0.00404 3.994e-9 3.524e-9 4.474e-9
0.00443 8.037e-9 7.092e-9 8.995e-9
0.00486 1.731e-8 1.528e-8 1.936e-8
0.00534 3.481e-8 3.069e-8 3.892e-8
0.00586 7.025e-8 6.186e-8 7.857e-8
0.00643 1.348e-7 1.187e-7 1.509e-7
0.007049999999999999 2.613e-7 2.298e-7 2.928e-7
0.0077399999999999995 4.791e-7 4.21e-7 5.365e-7
0.0085 8.686e-7 7.642e-7 9.758e-7
0.00933 1.552e-6 1.366e-6 1.747e-6
0.01024 2.723e-6 2.392e-6 3.054e-6
0.01123 4.664e-6 4.092e-6 5.237e-6
0.01233 7.835e-6 6.878e-6 8.805e-6
0.01353 1.295e-5 1.138e-5 1.454e-5
0.014849999999999999 2.113e-5 1.849e-5 2.369e-5
0.016300000000000002 3.355e-5 2.939e-5 3.779e-5
0.01789 5.295e-5 4.628e-5 5.963e-5
0.01963 8.172e-5 7.133e-5 9.218e-5
0.02154 0.0001211 0.0001055 0.0001367
0.02364 0.0001826 0.0001589 0.0002063
0.02595 0.000274 0.0002383 0.0003097
0.02848 0.0003985 0.0003466 0.0004509
0.031259999999999996 0.0005706 0.0004962 0.0006465
0.034300000000000004 0.0007898 0.0006867 0.0008962
0.03765 0.001128 0.0009808 0.001283
0.04132 0.001601 0.00139 0.001822
0.04535 0.002166 0.001875 0.002463
0.049769999999999995 0.003018 0.002605 0.00343
0.05462 0.003986 0.003433 0.004542
0.05995 0.005384 0.004627 0.006152
0.06579 0.006999 0.005999 0.008005
0.07221 0.009164 0.007834 0.01049
0.07925 0.01187 0.01012 0.01362
0.08697 0.01512 0.01286 0.01732
0.09545000000000001 0.01912 0.01621 0.02197
0.10476 0.02396 0.02026 0.02766
0.11498 0.02988 0.02516 0.03455
0.12619 0.03692 0.03103 0.04284
0.13849 0.04528 0.03798 0.05269
0.15199000000000001 0.05513 0.04597 0.0643
0.16680999999999999 0.06637 0.05513 0.0776
0.18307 0.07982 0.06606 0.09356
0.20092 0.0953 0.07856 0.1118
0.22050999999999998 0.1114 0.09147 0.1313
0.24201 0.1323 0.1081 0.1565
0.26561 0.155 0.126 0.184
0.29151 0.1814 0.1465 0.2163
0.31993 0.2106 0.1692 0.252
0.35112 0.2451 0.1959 0.2944
0.38534999999999997 0.2817 0.2238 0.3396
0.42291999999999996 0.3235 0.2558 0.3916
0.46416 0.3708 0.2916 0.4505
0.50941 0.424 0.3306 0.5166
0.55908 0.4812 0.374 0.5884
0.6135900000000001 0.5498 0.4257 0.6747
0.67342 0.6252 0.4811 0.769
0.73907 0.7111 0.5446 0.8769
0.81113 0.8095 0.6178 1.001
0.89022 0.9203 0.7001 1.141
0.9770099999999999 1.045 0.7943 1.296
1.07227 1.183 0.8981 1.469
1.1768100000000001 1.35 1.023 1.677
1.29155 1.547 1.172 1.922
1.41747 1.768 1.344 2.192
1.5556800000000002 2.032 1.549 2.514
1.70735 2.336 1.787 2.886
1.8738199999999998 2.684 2.062 3.31
2.0565100000000003 3.089 2.385 3.802
2.25702 3.549 2.755 4.349
2.47708 4.134 3.226 5.042
2.71859 4.767 3.748 5.785
2.98365 5.557 4.406 6.708
3.27455 6.419 5.127 7.716
3.59381 7.464 6.008 8.936
3.9442100000000004 8.671 7.032 10.35
4.32876 9.988 8.158 11.86
4.7508099999999995 11.62 9.561 13.69
5.21401 13.48 11.18 15.8
5.72237 15.54 12.99 18.16
6.28029 17.96 15.12 20.89
6.89261 20.76 17.62 24.01
7.564629999999999 23.84 20.36 27.36
8.30218 27.37 23.52 31.21
9.11163 31.3 27.06 35.55
10.0 35.6 31.0 40.2
end
reaction: t d -> n he4 ; label: t+d_to_n+he4 ; table: nacre ; variant: standard
0.001 1.9e-7 1.82e-7 1.97e-7
0.0010999999999999998 4.521e-7 4.333e-7 4.69e-7
0.0012000000000000001 1.17e-6 1.123e-6 1.215e-6
0.00132 3.325e-6 3.191e-6 3.455e-6
0.0014500000000000001 1.046e-5 1.005e-5 1.087e-5
0.00159 3.678e-5 3.536e-5 3.828e-5
0.0017500000000000003 0.0001462 0.0001407 0.0001523
0.0019199999999999998 0.0006652 0.0006407 0.0006937
0.0021000000000000003 0.002165 0.002085 0.002258
0.00231 0.005225 0.005027 0.005446
0.0025399999999999997 0.01374 0.0132 0.01431
0.00278 0.03971 0.03811 0.04132
0.0030499999999999998 0.1168 0.1119 0.1214
0.00335 0.2602 0.2495 0.2706
0.00368 0.627 0.6015 0.6521
0.00404 1.599 1.535 1.663
0.00443 3.382 3.255 3.518
0.00486 7.698 7.43 8.007
0.00534 16.34 15.76 16.98
0.00586 34.91 33.55 36.22
0.00643 70.62 67.92 73.22
0.007049999999999999 144.3 139.1 149.6
0.0077399999999999995 277.8 267.7 288.0
0.0085 529.9 510.2 549.6
0.00933 995.7 958.1 1033.0
0.01024 1833.0 1764.0 1902.0
0.01123 3295.0 3172.0 3420.0
0.01233 5806.0 5593.0 6026.0
0.01353 10060.0 9706.0 10450.0
0.014849999999999999 17160.0 16590.0 17820.0
0.016300000000000002 28680.0 27590.0 29680.0
0.01789 47460.0 45720.0 49190.0
0.01963 76760.0 73950.0 79490.0
0.02154 119000.0 114600.0 123200.0
0.02364 188200.0 181400.0 194900.0
0.02595 296600.0 286100.0 307200.0
0.02848 452900.0 437200.0 469100.0
0.031259999999999996 680900.0 657500.0 705300.0
0.034300000000000004 987800.0 953500.0 1.023e6
0.03765 1.486e6 1.434e6 1.539e6
0.04132 2.221e6 2.143e6 2.299e6
0.04535 3.151e6 3.046e6 3.26e6
0.049769999999999995 4.627e6 4.479e6 4.784e6
0.05462 6.41e6 6.203e6 6.624e6
0.05995 9.119e6 8.82e6 9.418e6
0.06579 1.242e7 1.201e7 1.277e7
0.07221 1.702e7 1.647e7 1.748e7
0.07925 2.296e7 2.218e7 2.363e7
0.08697 3.03e7 2.936e7 3.126e7
0.09545000000000001 3.97e7 3.849e7 4.095e7
0.10476 5.137e7 4.979e7 5.295e7
0.11498 6.547e7 6.348e7 6.746e7
0.12619 8.228e7 7.978e7 8.477e7
0.13849 1.023e8 9.854e7 1.053e8
0.15199000000000001 1.242e8 1.21e8 1.282e8
0.16680999999999999 1.487e8 1.444e8 1.534e8
0.18307 1.768e8 1.716e8 1.828e8
0.20092 2.072e8 2.002e8 2.133e8
0.22050999999999998 2.347e8 2.269e8 2.418e8
0.24201 2.69e8 2.604e8 2.774e8
0.26561 3.016e8 2.917e8 3.112e8
0.29151 3.352e8 3.238e8 3.458e8
0.31993 3.661e8 3.534e8 3.782e8
0.35112 3.978e8 3.838e8 4.119e8
0.38534999999999997 4.235e8 4.081e8 4.389e8
0.42291999999999996 4.476e8 4.307e8 4.645e8
0.46416 4.689e8 4.503e8 4.874e8
0.50941 4.861e8 4.659e8 5.064e8
0.55908 4.975e8 4.763e8 5.192e8
0.6135900000000001 5.081e8 4.857e8 5.315e8
0.67342 5.129e8 4.887e8 5.381e8
0.73907 5.146e8 4.888e8 5.414e8
0.81113 5.132e8 4.86e8 5.414e8
0.89022 5.077e8 4.789e8 5.375e8
0.9770099999999999 4.993e8 4.687e8 5.308e8
1.07227 4.878e8 4.556e8 5.21e8
1.1768100000000001 4.749e8 4.41e8 5.098e8
1.29155 4.605e8 4.248e8 4.972e8
1.41747 4.443e8 4.065e8 4.831e8
1.5556800000000002 4.274e8 3.876e8 4.678e8
1.70735 4.098e8 3.683e8 4.515e8
1.8738199999999998 3.919e8 3.483e8 4.349e8
2.0565100000000003 3.739e8 3.283e8 4.185e8
2.25702 3.563e8 3.09e8 4.03e8
2.47708 3.379e8 2.89e8 3.867e8
2.71859 3.207e8 2.702e8 3.716e8
2.98365 3.031e8 2.511e8 3.559e8
3.27455 2.88e8 2.336e8 3.422e8
3.59381 2.729e8 2.165e8 3.285e8
3.9442100000000004 2.583e8 2.004e8 3.16e8
4.32876 2.457e8 1.865e8 3.049e8
4.7508099999999995 2.331e8 1.727e8 2.935e8
5.21401 2.213e8 1.595e8 2.83e8
5.72237 2.106e8 1.473e8 2.739e8
6.28029 2.007e8 1.357e8 2.653e8
6.89261 1.916e8 1.248e8 2.574e8
7.564629999999999 1.831e8 1.155e8 2.503e8
8.30218 1.752e8 1.068e8 2.436e8
9.11163 1.682e8 9.884e7 2.373e8
10.0 1.62e8 9.15e7 2.32e8
end
reaction: he3 he3 -> p p he4 ; label: he3+he3_to_p+p+he4 ; table: nacre ; variant: standard
0.001 9.999e-100 9.999e-100 9.999e-100
0.0010999999999999998 9.999e-100 9.999e-100 9.999e-100
0.0012000000000000001 9.999e-100 9.999e-100 9.999e-100
0.00132 9.999e-100 9.999e-100 9.999e-100
0.0014500000000000001 9.999e-100 9.999e-100 9.999e-100
0.00159 9.999e-100 9.999e-100 9.999e-100
0.0017500000000000003 9.999e-100 9.999e-100 9.999e-100
0.0019199999999999998 9.999e-100 9.999e-100 9.999e-100
0.0021000000000000003 9.999e-100 9.999e-100 9.999e-100
0.00231 9.999e-100 9.999e-100 9.999e-100
0.0025399999999999997 9.999e-100 9.999e-100 9.999e-100
0.00278 9.999e-100 9.999e-100 9.999e-100
0.0030499999999999998 4.38e-25 4.124e-25 4.636e-25
0.00335 4.197e-24 3.956e-24 4.443e-24
0.00368 5.014e-23 4.731e-23 5.309e-23
0.00404 7.033e-22 6.643e-22 7.448e-22
0.00443 5.882e-21 5.556e-21 6.219e-21
0.00486 6.051e-20 5.717e-20 6.388e-20
0.00534 5.07e-19 4.787e-19 5.354e-19
0.00586 4.305e-18 4.062e-18 4.554e-18
0.00643 3.156e-17 2.975e-17 3.339e-17
0.007049999999999999 2.389e-16 2.25e-16 2.528e-16
0.0077399999999999995 1.535e-15 1.449e-15 1.625e-15
0.0085 9.59e-15 9.056e-15 1.016e-14
0.00933 5.736e-14 5.414e-14 6.079e-14
0.01024 3.234e-13 3.058e-13 3.433e-13
0.01123 1.712e-12 1.624e-12 1.823e-12
0.01233 8.604e-12 8.121e-12 9.111e-12
0.01353 4.1e-11 3.867e-11 4.342e-11
0.014849999999999999 1.878e-10 1.768e-10 1.98e-10
0.016300000000000002 7.995e-10 7.538e-10 8.466e-10
0.01789 3.332e-9 3.143e-9 3.531e-9
0.01963 1.3e-8 1.225e-8 1.376e-8
0.02154 4.496e-8 4.24e-8 4.759e-8
0.02364 1.648e-7 1.556e-7 1.746e-7
0.02595 5.959e-7 5.628e-7 6.318e-7
0.02848 1.961e-6 1.85e-6 2.079e-6
0.031259999999999996 6.16e-6 5.807e-6 6.534e-6
0.034300000000000004 1.744e-5 1.644e-5 1.853e-5
0.03765 5.466e-5 5.153e-5 5.818e-5
0.04132 0.000168 0.0001584 0.0001789
0.04535 0.0004465 0.0004208 0.000474
0.049769999999999995 0.001305 0.00123 0.001381
0.05462 0.003232 0.003046 0.003423
0.05995 0.008618 0.008122 0.009133
0.06579 0.02034 0.01917 0.02154
0.07221 0.04921 0.04637 0.05205
0.07925 0.1151 0.1087 0.1215
0.08697 0.2559 0.2408 0.271
0.09545000000000001 0.5602 0.5269 0.5939
0.10476 1.196 1.127 1.269
0.11498 2.488 2.347 2.644
0.12619 5.064 4.766 5.377
0.13849 10.05 9.49 10.69
0.15199000000000001 19.47 18.35 20.67
0.16680999999999999 36.5 34.28 38.73
0.18307 68.15 64.07 72.32
0.20092 124.0 116.9 131.2
0.22050999999999998 210.2 197.8 222.9
0.24201 375.0 352.6 398.8
0.26561 639.4 600.6 680.2
0.29151 1085.0 1018.0 1152.0
0.31993 1782.0 1671.0 1892.0
0.35112 2943.0 2761.0 3126.0
0.38534999999999997 4630.0 4342.0 4929.0
0.42291999999999996 7255.0 6797.0 7714.0
0.46416 11230.0 10510.0 11910.0
0.50941 17000.0 15920.0 18080.0
0.55908 25020.0 23430.0 26660.0
0.6135900000000001 37400.0 35000.0 39910.0
0.67342 54080.0 50540.0 57720.0
0.73907 77440.0 72370.0 82930.0
0.81113 110000.0 102900.0 118400.0
0.89022 153500.0 143000.0 165100.0
0.9770099999999999 211600.0 196900.0 226600.0
1.07227 282400.0 262700.0 302300.0
1.1768100000000001 380100.0 353400.0 407400.0
1.29155 511200.0 475100.0 548600.0
1.41747 668000.0 620400.0 717700.0
1.5556800000000002 873800.0 810700.0 939500.0
1.70735 1.127e6 1.043e6 1.211e6
1.8738199999999998 1.432e6 1.328e6 1.544e6
2.0565100000000003 1.806e6 1.677e6 1.954e6
2.25702 2.237e6 2.073e6 2.418e6
2.47708 2.83e6 2.616e6 3.055e6
2.71859 3.452e6 3.189e6 3.728e6
2.98365 4.264e6 3.938e6 4.609e6
3.27455 5.15e6 4.754e6 5.562e6
3.59381 6.253e6 5.769e6 6.746e6
3.9442100000000004 7.525e6 6.942e6 8.117e6
4.32876 8.899e6 8.213e6 9.592e6
4.7508099999999995 1.063e7 9.813e6 1.144e7
5.21401 1.264e7 1.169e7 1.36e7
5.72237 1.49e7 1.379e7 1.601e7
6.28029 1.755e7 1.627e7 1.882e7
6.89261 2.061e7 1.915e7 2.207e7
7.564629999999999 2.394e7 2.233e7 2.561e7
8.30218 2.777e7 2.599e7 2.966e7
9.11163 3.205e7 3.003e7 3.417e7
10.0 3.68e7 3.46e7 3.91e7
end
reaction: he4 d -> li6 ; label: he4+d_to_li6 ; table: nacre ; variant: standard
0.001 9.999e-100 9.999e-100 9.999e-100
0.0010999999999999998 9.999e-100 9.999e-100 9.999e-100
0.0012000000000000001 9.999e-100 9.999e-100 9.999e-100
0.00132 9.999e-100 9.999e-100 9.999e-100
0.0014500000000000001 9.999e-100 9.999e-100 9.999e-100
0.00159 9.999e-100 9.999e-100 9.999e-100
0.0017500000000000003 9.999e-100 9.999e-100 9.999e-100
0.0019199999999999998 9.999e-100 9.999e-100 9.999e-100
0.0021000000000000003 4.536e-23 3.737e-24 2.617e-22
0.00231 1.99e-22 1.648e-23 1.146e-21
0.0025399999999999997 1.009e-21 8.404e-23 5.793e-21
0.00278 5.99e-21 5.022e-22 3.43e-20
0.0030499999999999998 3.664e-20 3.093e-21 2.092e-19
0.00335 1.415e-19 1.202e-20 8.043e-19
0.00368 6.23e-19 5.332e-20 3.526e-18
0.00404 3.019e-18 2.605e-19 1.701e-17
0.00443 1.072e-17 9.331e-19 6.022e-17
0.00486 4.311e-17 3.786e-18 2.412e-16
0.00534 1.533e-16 1.358e-17 8.546e-16
0.00586 5.492e-16 4.916e-17 3.052e-15
0.00643 1.803e-15 1.63e-16 9.972e-15
0.007049999999999999 6.03e-15 5.511e-16 3.32e-14
0.0077399999999999995 1.829e-14 1.69e-15 1.005e-13
0.0085 5.451e-14 5.103e-15 2.98e-13
0.00933 1.585e-13 1.5e-14 8.604e-13
0.01024 4.453e-13 4.252e-14 2.401e-12
0.01123 1.203e-12 1.166e-13 6.456e-12
0.01233 3.145e-12 3.092e-13 1.678e-11
0.01353 7.966e-12 7.968e-13 4.218e-11
0.014849999999999999 1.972e-11 1.998e-12 1.033e-10
0.016300000000000002 4.692e-11 4.822e-12 2.447e-10
0.01789 1.101e-10 1.147e-11 5.687e-10
0.01963 2.48e-10 2.637e-11 1.268e-9
0.02154 5.206e-10 5.631e-11 2.638e-9
0.02364 1.133e-9 1.246e-10 5.685e-9
0.02595 2.444e-9 2.738e-10 1.214e-8
0.02848 4.986e-9 5.695e-10 2.448e-8
0.031259999999999996 9.903e-9 1.154e-9 4.806e-8
0.034300000000000004 1.851e-8 2.2e-9 8.883e-8
0.03765 3.678e-8 4.468e-9 1.743e-7
0.04132 7.228e-8 8.979e-9 3.378e-7
0.04535 1.302e-7 1.654e-8 5.989e-7
0.049769999999999995 2.485e-7 3.235e-8 1.123e-6
0.05462 4.304e-7 5.73e-8 1.915e-6
0.05995 7.795e-7 1.064e-7 3.411e-6
0.06579 1.313e-6 1.841e-7 5.651e-6
0.07221 2.249e-6 3.24e-7 9.496e-6
0.07925 3.784e-6 5.594e-7 1.564e-5
0.08697 6.19e-6 9.412e-7 2.504e-5
0.09545000000000001 1.003e-5 1.572e-6 3.973e-5
0.10476 1.606e-5 2.591e-6 6.211e-5
0.11498 2.541e-5 4.21e-6 9.574e-5
0.12619 3.96e-5 6.77e-6 0.0001453
0.13849 6.107e-5 1.079e-5 0.0002181
0.15199000000000001 9.28e-5 1.69e-5 0.0003216
0.16680999999999999 0.0001387 2.606e-5 0.0004664
0.18307 0.0002065 4.036e-5 0.0006743
0.20092 0.000305 6.16e-5 0.0009611
0.22050999999999998 0.0004316 9.04e-5 0.001316
0.24201 0.0006319 0.0001377 0.001857
0.26561 0.0009027 0.0002044 0.002556
0.29151 0.00129 0.0003038 0.003513
0.31993 0.00181 0.0004446 0.004733
0.35112 0.002557 0.0006567 0.006397
0.38534999999999997 0.003516 0.0009425 0.008426
0.42291999999999996 0.004844 0.001361 0.01107
0.46416 0.006651 0.001964 0.01447
0.50941 0.009063 0.002808 0.01875
0.55908 0.01225 0.00397 0.02395
0.6135900000000001 0.01685 0.005727 0.03102
0.67342 0.02299 0.008189 0.03989
0.73907 0.03177 0.01181 0.05186
0.81113 0.04451 0.0172 0.06838
0.89022 0.06286 0.02518 0.09179
0.9770099999999999 0.08943 0.03684 0.1253
1.07227 0.125 0.05247 0.1711
1.1768100000000001 0.1776 0.07577 0.2385
1.29155 0.2516 0.1091 0.3335
1.41747 0.3439 0.1511 0.4551
1.5556800000000002 0.4673 0.2081 0.6184
1.70735 0.6169 0.2783 0.818
1.8738199999999998 0.7905 0.3618 1.05
2.0565100000000003 0.9917 0.4614 1.32
2.25702 1.199 0.5684 1.6
2.47708 1.478 0.7147 1.976
2.71859 1.73 0.8571 2.312
2.98365 2.039 1.038 2.722
3.27455 2.326 1.225 3.095
3.59381 2.657 1.451 3.519
3.9442100000000004 3.01 1.706 3.956
4.32876 3.368 1.983 4.391
4.7508099999999995 3.794 2.328 4.901
5.21401 4.284 2.741 5.477
5.72237 4.838 3.222 6.112
6.28029 5.491 3.799 6.855
6.89261 6.264 4.487 7.726
7.564629999999999 7.166 5.279 8.747
8.30218 8.246 6.229 9.963
9.11163 9.521 7.349 11.4
10.0 11.0 8.65 13.1
end
reaction: he4 t -> li7 ; label: he4+t_to_li7 ; table: nacre ; variant: standard
0.001 9.999e-100 9.999e-100 9.999e-100
0.0010999999999999998 9.999e-100 9.999e-100 9.999e-100
0.0012000000000000001 9.999e-100 9.999e-100 9.999e-100
0.00132 9.999e-100 9.999e-100 9.999e-100
0.0014500000000000001 9.999e-100 9.999e-100 9.999e-100
0.00159 9.999e-100 9.999e-100 9.999e-100
0.0017500000000000003 9.999e-100 9.999e-100 9.999e-100
0.0019199999999999998 9.999e-100 9.999e-100 9.999e-100
0.0021000000000000003 1.661e-20 1.481e-20 1.843e-20
0.00231 8.298e-20 7.4e-20 9.203e-20
0.0025399999999999997 4.849e-19 4.324e-19 5.376e-19
0.00278 3.365e-18 3.001e-18 3.73e-18
0.0030499999999999998 2.413e-17 2.152e-17 2.674e-17
0.00335 1.047e-16 9.334e-17 1.161e-16
0.00368 5.244e-16 4.672e-16 5.815e-16
0.00404 2.914e-15 2.595e-15 3.233e-15
0.00443 1.156e-14 1.029e-14 1.282e-14
0.00486 5.242e-14 4.668e-14 5.812e-14
0.00534 2.081e-13 1.849e-13 2.305e-13
0.00586 8.333e-13 7.383e-13 9.223e-13
0.00643 3.028e-12 2.684e-12 3.352e-12
0.007049999999999999 1.122e-11 9.972e-12 1.244e-11
0.0077399999999999995 3.732e-11 3.321e-11 4.134e-11
0.0085 1.219e-10 1.086e-10 1.352e-10
0.00933 3.872e-10 3.45e-10 4.295e-10
0.01024 1.182e-9 1.054e-9 1.311e-9
0.01123 3.468e-9 3.091e-9 3.845e-9
0.01233 9.792e-9 8.729e-9 1.087e-8
0.01353 2.677e-8 2.388e-8 2.973e-8
0.014849999999999999 7.122e-8 6.35e-8 7.902e-8
0.016300000000000002 1.816e-7 1.615e-7 2.007e-7
0.01789 4.534e-7 4.037e-7 5.029e-7
0.01963 1.09e-6 9.66e-7 1.207e-6
0.02154 2.413e-6 2.14e-6 2.673e-6
0.02364 5.536e-6 4.925e-6 6.14e-6
0.02595 1.259e-5 1.122e-5 1.397e-5
0.02848 2.696e-5 2.405e-5 2.989e-5
0.031259999999999996 5.603e-5 4.998e-5 6.209e-5
0.034300000000000004 0.0001089 9.711e-5 0.0001207
0.03765 0.0002258 0.0002013 0.0002503
0.04132 0.0004617 0.0004115 0.0005122
0.04535 0.0008569 0.0007638 0.0009527
0.049769999999999995 0.001689 0.001506 0.001882
0.05462 0.003004 0.002675 0.003339
0.05995 0.005596 0.00498 0.006203
0.06579 0.009622 0.008548 0.01065
0.07221 0.01679 0.01491 0.01857
0.07925 0.02862 0.0255 0.03173
0.08697 0.04725 0.04213 0.05244
0.09545000000000001 0.07726 0.06886 0.08575
0.10476 0.1241 0.1107 0.138
0.11498 0.196 0.175 0.218
0.12619 0.3051 0.2722 0.3385
0.13849 0.4677 0.4165 0.5181
0.15199000000000001 0.7035 0.6266 0.7798
0.16680999999999999 1.036 0.9224 1.148
0.18307 1.524 1.353 1.684
0.20092 2.193 1.949 2.427
0.22050999999999998 3.025 2.691 3.349
0.24201 4.306 3.832 4.77
0.26561 5.949 5.296 6.599
0.29151 8.179 7.286 9.092
0.31993 11.0 9.803 12.22
0.35112 14.83 13.22 16.44
0.38534999999999997 19.42 17.29 21.55
0.42291999999999996 25.35 22.57 28.13
0.46416 32.78 29.22 36.36
0.50941 41.74 37.25 46.33
0.55908 52.22 46.58 57.96
0.6135900000000001 65.88 58.74 73.11
0.67342 81.32 72.5 90.25
0.73907 99.9 89.03 110.8
0.81113 122.1 108.8 135.5
0.89022 146.6 131.0 163.2
0.9770099999999999 175.6 156.6 194.8
1.07227 206.0 183.5 228.5
1.1768100000000001 242.6 215.9 269.2
1.29155 285.5 254.2 317.0
1.41747 330.6 294.9 367.0
1.5556800000000002 383.3 342.1 425.3
1.70735 441.2 393.3 489.3
1.8738199999999998 503.8 448.6 558.5
2.0565100000000003 572.8 509.8 634.9
2.25702 644.7 574.1 715.1
2.47708 734.0 654.1 814.8
2.71859 822.5 733.0 913.5
2.98365 929.0 827.8 1032.0
3.27455 1038.0 926.5 1151.0
3.59381 1163.0 1040.0 1289.0
3.9442100000000004 1297.0 1160.0 1444.0
4.32876 1443.0 1288.0 1602.0
4.7508099999999995 1617.0 1441.0 1789.0
5.21401 1820.0 1620.0 2011.0
5.72237 2051.0 1826.0 2273.0
6.28029 2344.0 2088.0 2602.0
6.89261 2718.0 2425.0 3020.0
7.564629999999999 3252.0 2899.0 3610.0
8.30218 4010.0 3572.0 4448.0
9.11163 5135.0 4575.0 5695.0
10.0 6880.0 6130.0 7620.0
end
reaction: he4 he3 -> be7 ; label: he4+he3_to_be7 ; table: nacre ; variant: standard
0.001 9.999e-100 9.999e-100 9.999e-100
0.0010999999999999998 9.999e-100 9.999e-100 9.999e-100
0.0012000000000000001 9.999e-100 9.999e-100 9.999e-100
0.00132 9.999e-100 9.999e-100 9.999e-100
0.0014500000000000001 9.999e-100 9.999e-100 9.999e-100
0.00159 9.999e-100 9.999e-100 9.999e-100
0.0017500000000000003 9.999e-100 9.999e-100 9.999e-100
0.0019199999999999998 9.999e-100 9.999e-100 9.999e-100
0.0021000000000000003 9.999e-100 9.999e-100 9.999e-100
0.00231 9.999e-100 9.999e-100 9.999e-100
0.0025399999999999997 9.999e-100 9.999e-100 9.999e-100
0.00278 9.999e-100 9.999e-100 9.999e-100
0.0030499999999999998 9.999e-100 9.999e-100 9.999e-100
0.00335 9.999e-100 9.999e-100 9.999e-100
0.00368 9.999e-100 9.999e-100 9.999e-100
0.00404 9.999e-100 9.999e-100 9.999e-100
0.00443 9.999e-100 9.999e-100 9.999e-100
0.00486 9.999e-100 9.999e-100 9.999e-100
0.00534 2.114e-24 1.761e-24 2.468e-24
0.00586 1.979e-23 1.649e-23 2.314e-23
0.00643 1.589e-22 1.326e-22 1.857e-22
0.007049999999999999 1.32e-21 1.103e-21 1.542e-21
0.0077399999999999995 9.262e-21 7.725e-21 1.081e-20
0.0085 6.312e-20 5.26e-20 7.365e-20
0.00933 4.104e-19 3.423e-19 4.786e-19
0.01024 2.504e-18 2.09e-18 2.914e-18
0.01123 1.434e-17 1.195e-17 1.668e-17
0.01233 7.737e-17 6.452e-17 9.034e-17
0.01353 3.967e-16 3.309e-16 4.631e-16
0.014849999999999999 1.947e-15 1.62e-15 2.267e-15
0.016300000000000002 8.876e-15 7.393e-15 1.036e-14
0.01789 3.955e-14 3.29e-14 4.611e-14
0.01963 1.646e-13 1.371e-13 1.92e-13
0.02154 6.03e-13 5.025e-13 7.031e-13
0.02364 2.347e-12 1.956e-12 2.735e-12
0.02595 9.004e-12 7.504e-12 1.049e-11
0.02848 3.128e-11 2.608e-11 3.648e-11
0.031259999999999996 1.037e-10 8.638e-11 1.209e-10
0.034300000000000004 3.086e-10 2.569e-10 3.597e-10
0.03765 1.022e-9 8.498e-10 1.19e-9
0.04132 3.31e-9 2.754e-9 3.857e-9
0.04535 9.18e-9 7.652e-9 1.071e-8
0.049769999999999995 2.812e-8 2.349e-8 3.283e-8
0.05462 7.268e-8 6.068e-8 8.48e-8
0.05995 2.03e-7 1.693e-7 2.366e-7
0.06579 4.984e-7 4.156e-7 5.818e-7
0.07221 1.256e-6 1.047e-6 1.466e-6
0.07925 3.056e-6 2.546e-6 3.557e-6
0.08697 7.049e-6 5.874e-6 8.197e-6
0.09545000000000001 1.599e-5 1.333e-5 1.865e-5
0.10476 3.537e-5 2.952e-5 4.133e-5
0.11498 7.638e-5 6.357e-5 8.908e-5
0.12619 0.0001601 0.0001332 0.0001868
0.13849 0.0003286 0.0002735 0.0003829
0.15199000000000001 0.0006551 0.0005456 0.0007638
0.16680999999999999 0.00126 0.001051 0.001469
0.18307 0.002419 0.002018 0.002821
0.20092 0.004516 0.003767 0.005275
0.22050999999999998 0.007843 0.006539 0.009157
0.24201 0.01437 0.01198 0.01677
0.26561 0.0251 0.02091 0.02928
0.29151 0.04356 0.0363 0.05082
0.31993 0.07298 0.06085 0.0851
0.35112 0.1229 0.1026 0.1432
0.38534999999999997 0.1975 0.1643 0.2302
0.42291999999999996 0.3153 0.2622 0.3677
0.46416 0.4958 0.4132 0.5787
0.50941 0.7631 0.6365 0.8902
0.55908 1.141 0.9494 1.329
0.6135900000000001 1.734 1.44 2.018
0.67342 2.54 2.11 2.96
0.73907 3.687 3.065 4.3
0.81113 5.31 4.419 6.192
0.89022 7.485 6.238 8.731
0.9770099999999999 10.38 8.66 12.12
1.07227 13.96 11.65 16.32
1.1768100000000001 18.97 15.82 22.18
1.29155 25.75 21.47 30.1
1.41747 33.95 28.29 39.6
1.5556800000000002 44.78 37.3 52.17
1.70735 58.09 48.42 67.74
1.8738199999999998 74.33 61.95 86.51
2.0565100000000003 94.27 78.56 109.6
2.25702 117.0 97.62 136.4
2.47708 148.3 123.9 173.6
2.71859 181.8 151.8 212.5
2.98365 226.0 188.5 263.5
3.27455 273.3 228.1 318.9
3.59381 332.1 277.4 387.8
3.9442100000000004 400.0 334.0 467.0
4.32876 472.7 394.5 551.7
4.7508099999999995 564.0 470.5 657.9
5.21401 670.0 558.5 780.9
5.72237 787.4 655.9 916.3
6.28029 921.4 768.4 1074.0
6.89261 1071.0 896.4 1255.0
7.564629999999999 1235.0 1034.0 1446.0
8.30218 1421.0 1190.0 1663.0
9.11163 1626.0 1361.0 1900.0
10.0 1850.0 1540.0 2160.0
end
reaction: he4 he4 n -> be9 ; label: he4+he4+n_to_be9 ; table: nacre ; variant: standard
0.001 3.9e-59 2.14e-59 5.8e-59
0.0010999999999999998 5.524e-58 3.043e-58 8.202e-58
0.0012000000000000001 1.013e-56 5.606e-57 1.502e-56
0.00132 2.467e-55 1.372e-55 3.65e-55
0.0014500000000000001 8.202e-54 4.586e-54 1.211e-53
0.00159 3.838e-52 2.158e-52 5.655e-52
0.0017500000000000003 2.612e-50 1.479e-50 3.84e-50
0.0019199999999999998 2.684e-48 1.53e-48 3.934e-48
0.0021000000000000003 9.984e-47 5.725e-47 1.46e-46
0.00231 1.499e-45 8.637e-46 2.185e-45
0.0025399999999999997 2.93e-44 1.698e-44 4.259e-44
0.00278 7.654e-43 4.461e-43 1.109e-42
0.0030499999999999998 2.114e-41 1.24e-41 3.052e-41
0.00335 2.523e-40 1.491e-40 3.634e-40
0.00368 3.833e-39 2.283e-39 5.509e-39
0.00404 6.951e-38 4.175e-38 9.963e-38
0.00443 7.188e-37 4.335e-37 1.027e-36
0.00486 9.335e-36 5.655e-36 1.329e-35
0.00534 9.703e-35 5.921e-35 1.378e-34
0.00586 1.025e-33 6.314e-34 1.455e-33
0.00643 9.27e-33 5.748e-33 1.31e-32
0.007049999999999999 8.709e-32 5.437e-32 1.225e-31
0.0077399999999999995 6.843e-31 4.309e-31 9.587e-31
0.0085 5.242e-30 3.329e-30 7.318e-30
0.00933 3.847e-29 2.456e-29 5.35e-29
0.01024 2.659e-28 1.702e-28 3.679e-28
0.01123 1.726e-27 1.114e-27 2.379e-27
0.01233 1.054e-26 6.875e-27 1.448e-26
0.01353 6.155e-26 4.04e-26 8.412e-26
0.014849999999999999 3.449e-25 2.281e-25 4.706e-25
0.016300000000000002 1.809e-24 1.206e-24 2.459e-24
0.01789 9.338e-24 6.259e-24 1.263e-23
0.01963 4.518e-23 3.06e-23 6.095e-23
0.02154 2.073e-22 1.424e-22 2.771e-22
0.02364 1.05e-21 7.332e-22 1.387e-21
0.02595 7.926e-21 5.684e-21 1.027e-20
0.02848 1.062e-19 7.954e-20 1.336e-19
0.031259999999999996 1.422e-18 1.094e-18 1.755e-18
0.034300000000000004 1.748e-17 1.351e-17 2.152e-17
0.03765 2.743e-16 2.13e-16 3.37e-16
0.04132 3.633e-15 2.83e-15 4.453e-15
0.04535 2.628e-14 2.047e-14 3.215e-14
0.049769999999999995 2.305e-13 1.796e-13 2.814e-13
0.05462 1.141e-12 8.889e-13 1.392e-12
0.05995 6.324e-12 4.928e-12 7.711e-12
0.06579 2.376e-11 1.855e-11 2.896e-11
0.07221 8.865e-11 6.928e-11 1.08e-10
0.07925 2.859e-10 2.233e-10 3.477e-10
0.08697 7.839e-10 6.14e-10 9.54e-10
0.09545000000000001 1.982e-9 1.552e-9 2.41e-9
0.10476 4.559e-9 3.568e-9 5.539e-9
0.11498 9.578e-9 7.496e-9 1.162e-8
0.12619 1.851e-8 1.45e-8 2.247e-8
0.13849 3.334e-8 2.615e-8 4.053e-8
0.15199000000000001 5.581e-8 4.387e-8 6.776e-8
0.16680999999999999 8.656e-8 6.814e-8 1.053e-7
0.18307 1.297e-7 1.023e-7 1.583e-7
0.20092 1.842e-7 1.447e-7 2.237e-7
0.22050999999999998 2.374e-7 1.867e-7 2.882e-7
0.24201 3.138e-7 2.47e-7 3.806e-7
0.26561 3.894e-7 3.067e-7 4.725e-7
0.29151 4.694e-7 3.696e-7 5.699e-7
0.31993 5.42e-7 4.27e-7 6.58e-7
0.35112 6.156e-7 4.853e-7 7.469e-7
0.38534999999999997 6.668e-7 5.257e-7 8.089e-7
0.42291999999999996 7.094e-7 5.589e-7 8.605e-7
0.46416 7.378e-7 5.807e-7 8.946e-7
0.50941 7.485e-7 5.889e-7 9.073e-7
0.55908 7.405e-7 5.829e-7 8.983e-7
0.6135900000000001 7.27e-7 5.724e-7 8.825e-7
0.67342 6.97e-7 5.484e-7 8.458e-7
0.73907 6.591e-7 5.183e-7 8.003e-7
0.81113 6.148e-7 4.833e-7 7.471e-7
0.89022 5.658e-7 4.446e-7 6.871e-7
0.9770099999999999 5.132e-7 4.033e-7 6.238e-7
1.07227 4.612e-7 3.621e-7 5.609e-7
1.1768100000000001 4.103e-7 3.216e-7 4.991e-7
1.29155 3.615e-7 2.83e-7 4.4e-7
1.41747 3.158e-7 2.471e-7 3.845e-7
1.5556800000000002 2.736e-7 2.138e-7 3.332e-7
1.70735 2.357e-7 1.837e-7 2.868e-7
1.8738199999999998 2.019e-7 1.571e-7 2.462e-7
2.0565100000000003 1.721e-7 1.337e-7 2.105e-7
2.25702 1.468e-7 1.136e-7 1.801e-7
2.47708 1.232e-7 9.495e-8 1.517e-7
2.71859 1.056e-7 8.062e-8 1.305e-7
2.98365 8.961e-8 6.763e-8 1.111e-7
3.27455 7.684e-8 5.733e-8 9.616e-8
3.59381 6.554e-8 4.827e-8 8.28e-8
3.9442100000000004 5.616e-8 4.078e-8 7.154e-8
4.32876 4.871e-8 3.485e-8 6.265e-8
4.7508099999999995 4.188e-8 2.947e-8 5.444e-8
5.21401 3.603e-8 2.494e-8 4.73e-8
5.72237 3.117e-8 2.12e-8 4.126e-8
6.28029 2.691e-8 1.798e-8 3.59e-8
6.89261 2.32e-8 1.524e-8 3.116e-8
7.564629999999999 1.994e-8 1.29e-8 2.704e-8
8.30218 1.703e-8 1.088e-8 2.328e-8
9.11163 1.45e-8 9.186e-9 1.99e-8
10.0 1.23e-8 7.71e-9 1.7e-8
end
reaction: he4 he4 he4 -> c12 ; label: he4+he4+he4_to_c12 ; table: nacre ; variant: standard
0.001 9.999e-100 9.999e-100 9.999e-100
0.0010999999999999998 9.999e-100 9.999e-100 9.999e-100
0.0012000000000000001 9.999e-100 9.999e-100 9.999e-100
0.00132 9.999e-100 9.999e-100 9.999e-100
0.0014500000000000001 9.999e-100 9.999e-100 9.999e-100
0.00159 9.999e-100 9.999e-100 9.999e-100
0.0017500000000000003 9.999e-100 9.999e-100 9.999e-100
0.0019199999999999998 9.999e-100 9.999e-100 9.999e-100
0.0021000000000000003 9.999e-100 9.999e-100 9.999e-100
0.00231 9.999e-100 9.999e-100 9.999e-100
0.0025399999999999997 9.999e-100 9.999e-100 9.999e-100
0.00278 9.999e-100 9.999e-100 9.999e-100
0.0030499999999999998 9.999e-100 9.999e-100 9.999e-100
0.00335 9.999e-100 9.999e-100 9.999e-100
0.00368 9.999e-100 9.999e-100 9.999e-100
0.00404 9.999e-100 9.999e-100 9.999e-100
0.00443 9.999e-100 9.999e-100 9.999e-100
0.00486 9.999e-100 9.999e-100 9.999e-100
0.00534 9.999e-100 9.999e-100 9.999e-100
0.00586 9.999e-100 9.999e-100 9.999e-100
0.00643 9.999e-100 9.999e-100 9.999e-100
0.007049999999999999 9.999e-100 9.999e-100 9.999e-100
0.0077399999999999995 9.999e-100 9.999e-100 9.999e-100
0.0085 9.999e-100 9.999e-100 9.999e-100
0.00933 9.999e-100 9.999e-100 9.999e-100
0.01024 1.023e-70 7.435e-71 1.358e-70
0.01123 1.782e-68 1.295e-68 2.368e-68
0.01233 2.631e-66 1.912e-66 3.493e-66
0.01353 3.363e-64 2.443e-64 4.456e-64
0.014849999999999999 3.804e-62 2.764e-62 5.05e-62
0.016300000000000002 3.53e-60 2.562e-60 4.685e-60
0.01789 3.068e-58 2.231e-58 4.078e-58
0.01963 2.22e-56 1.613e-56 2.946e-56
0.02154 1.168e-54 8.505e-55 1.548e-54
0.02364 7.542e-53 5.512e-53 9.993e-53
0.02595 6.732e-51 4.957e-51 8.85e-51
0.02848 8.175e-49 6.106e-49 1.054e-48
0.031259999999999996 9.753e-47 7.357e-47 1.242e-46
0.034300000000000004 9.74e-45 7.369e-45 1.24e-44
0.03765 1.524e-42 1.157e-42 1.94e-42
0.04132 1.957e-40 1.488e-40 2.491e-40
0.04535 1.049e-38 7.963e-39 1.333e-38
0.049769999999999995 8.287e-37 6.28e-37 1.052e-36
0.05462 2.708e-35 2.051e-35 3.433e-35
0.05995 1.157e-33 8.765e-34 1.466e-33
0.06579 2.94e-32 2.26e-32 3.696e-32
0.07221 1.074e-30 8.5e-31 1.32e-30
0.07925 6.27e-29 5.265e-29 7.297e-29
0.08697 4.685e-27 4.024e-27 5.361e-27
0.09545000000000001 3.012e-25 2.599e-25 3.423e-25
0.10476 1.387e-23 1.197e-23 1.571e-23
0.11498 4.434e-22 3.835e-22 5.023e-22
0.12619 1.018e-20 8.801e-21 1.157e-20
0.13849 1.745e-19 1.508e-19 1.982e-19
0.15199000000000001 2.216e-18 1.913e-18 2.521e-18
0.16680999999999999 2.06e-17 1.778e-17 2.337e-17
0.18307 1.691e-16 1.456e-16 1.914e-16
0.20092 1.093e-15 9.448e-16 1.243e-15
0.22050999999999998 4.698e-15 4.062e-15 5.338e-15
0.24201 2.328e-14 2.014e-14 2.644e-14
0.26561 8.877e-14 7.677e-14 1.007e-13
0.29151 3.049e-13 2.636e-13 3.457e-13
0.31993 8.747e-13 7.554e-13 9.913e-13
0.35112 2.392e-12 2.063e-12 2.71e-12
0.38534999999999997 5.32e-12 4.599e-12 6.035e-12
0.42291999999999996 1.114e-11 9.637e-12 1.264e-11
0.46416 2.147e-11 1.857e-11 2.435e-11
0.50941 3.761e-11 3.249e-11 4.263e-11
0.55908 5.926e-11 5.125e-11 6.725e-11
0.6135900000000001 9.336e-11 8.078e-11 1.059e-10
0.67342 1.326e-10 1.147e-10 1.5e-10
0.73907 1.799e-10 1.555e-10 2.037e-10
0.81113 2.335e-10 2.017e-10 2.654e-10
0.89022 2.858e-10 2.476e-10 3.248e-10
0.9770099999999999 3.345e-10 2.895e-10 3.798e-10
1.07227 3.699e-10 3.198e-10 4.201e-10
1.1768100000000001 4.042e-10 3.49e-10 4.594e-10
1.29155 4.331e-10 3.736e-10 4.927e-10
1.41747 4.426e-10 3.816e-10 5.043e-10
1.5556800000000002 4.463e-10 3.836e-10 5.098e-10
1.70735 4.39e-10 3.745e-10 5.037e-10
1.8738199999999998 4.265e-10 3.579e-10 4.945e-10
2.0565100000000003 4.132e-10 3.369e-10 4.883e-10
2.25702 4.035e-10 3.129e-10 4.931e-10
2.47708 3.931e-10 2.884e-10 4.984e-10
2.71859 4.023e-10 2.673e-10 5.369e-10
2.98365 4.152e-10 2.462e-10 5.868e-10
3.27455 4.485e-10 2.321e-10 6.677e-10
3.59381 4.907e-10 2.199e-10 7.684e-10
3.9442100000000004 5.457e-10 2.122e-10 8.891e-10
4.32876 6.001e-10 2.09e-10 1.002e-9
4.7508099999999995 6.635e-10 2.065e-10 1.134e-9
5.21401 7.241e-10 2.05e-10 1.262e-9
5.72237 7.742e-10 2.05e-10 1.368e-9
6.28029 8.154e-10 2.039e-10 1.457e-9
6.89261 8.43e-10 2.014e-10 1.519e-9
7.564629999999999 8.503e-10 1.97e-10 1.541e-9
8.30218 8.447e-10 1.909e-10 1.538e-9
9.11163 8.237e-10 1.827e-10 1.503e-9
10.0 7.9e-10 1.73e-10 1.45e-9
end
reaction: li6 p -> be7 ; label: li6+p_to_be7 ; table: nacre ; variant: standard
0.001 3.6e-29 2.88e-29 4.32e-29
0.0010999999999999998 1.87e-28 1.496e-28 2.244e-28
0.0012000000000000001 1.141e-27 9.126e-28 1.369e-27
0.00132 8.3e-27 6.641e-27 9.959e-27
0.0014500000000000001 7.328e-26 5.863e-26 8.793e-26
0.00159 8.001e-25 6.402e-25 9.6e-25
0.0017500000000000003 1.103e-23 8.825e-24 1.323e-23
0.0019199999999999998 1.963e-22 1.571e-22 2.355e-22
0.0021000000000000003 1.853e-21 1.483e-21 2.223e-21
0.00231 9.918e-21 7.934e-21 1.19e-20
0.0025399999999999997 6.253e-20 5.0e-20 7.505e-20
0.00278 4.717e-19 3.771e-19 5.663e-19
0.0030499999999999998 3.681e-18 2.942e-18 4.419e-18
0.00335 1.702e-17 1.361e-17 2.044e-17
0.00368 9.141e-17 7.305e-17 1.098e-16
0.00404 5.472e-16 4.373e-16 6.571e-16
0.00443 2.302e-15 1.84e-15 2.765e-15
0.00486 1.114e-14 8.902e-15 1.338e-14
0.00534 4.694e-14 3.754e-14 5.634e-14
0.00586 1.995e-13 1.598e-13 2.393e-13
0.00643 7.677e-13 6.142e-13 9.199e-13
0.007049999999999999 3.017e-12 2.409e-12 3.614e-12
0.0077399999999999995 1.057e-11 8.444e-12 1.269e-11
0.0085 3.64e-11 2.91e-11 4.37e-11
0.00933 1.217e-10 9.738e-11 1.461e-10
0.01024 3.9e-10 3.124e-10 4.682e-10
0.01123 1.2e-9 9.594e-10 1.436e-9
0.01233 3.551e-9 2.837e-9 4.264e-9
0.01353 1.014e-8 8.14e-9 1.217e-8
0.014849999999999999 2.815e-8 2.254e-8 3.378e-8
0.016300000000000002 7.464e-8 5.972e-8 8.961e-8
0.01789 1.943e-7 1.559e-7 2.335e-7
0.01963 4.853e-7 3.882e-7 5.821e-7
0.02154 1.114e-6 8.912e-7 1.337e-6
0.02364 2.659e-6 2.128e-6 3.194e-6
0.02595 6.286e-6 5.031e-6 7.551e-6
0.02848 1.394e-5 1.116e-5 1.674e-5
0.031259999999999996 2.997e-5 2.398e-5 3.596e-5
0.034300000000000004 6.004e-5 4.803e-5 7.205e-5
0.03765 0.0001287 0.000103 0.0001545
0.04132 0.0002721 0.0002176 0.0003265
0.04535 0.0005203 0.000416 0.0006244
0.049769999999999995 0.00106 0.0008471 0.001272
0.05462 0.001934 0.001546 0.00232
0.05995 0.003707 0.002961 0.004442
0.06579 0.006535 0.005227 0.007844
0.07221 0.01171 0.009368 0.01406
0.07925 0.02053 0.01639 0.02459
0.08697 0.03473 0.02776 0.04164
0.09545000000000001 0.0581 0.04647 0.06973
0.10476 0.09555 0.07647 0.1148
0.11498 0.1545 0.1235 0.1853
0.12619 0.2456 0.1963 0.2945
0.13849 0.3841 0.3072 0.4609
0.15199000000000001 0.59 0.4715 0.7077
0.16680999999999999 0.8853 0.7076 1.063
0.18307 1.325 1.059 1.592
0.20092 1.941 1.555 2.327
0.22050999999999998 2.72 2.178 3.261
0.24201 3.939 3.155 4.723
0.26561 5.529 4.432 6.623
0.29151 7.725 6.199 9.236
0.31993 10.55 8.473 12.61
0.35112 14.43 11.61 17.26
0.38534999999999997 19.2 15.47 22.93
0.42291999999999996 25.44 20.53 30.35
0.46416 33.39 26.98 39.78
0.50941 43.21 34.96 51.37
0.55908 54.87 44.51 65.22
0.6135900000000001 70.32 57.18 83.6
0.67342 88.17 71.77 104.9
0.73907 110.1 89.54 130.6
0.81113 136.8 111.2 161.5
0.89022 166.8 136.5 197.1
0.9770099999999999 202.5 166.2 239.5
1.07227 240.5 197.5 284.2
1.1768100000000001 286.6 235.3 338.2
1.29155 341.0 280.1 402.0
1.41747 398.3 327.6 469.1
1.5556800000000002 465.7 383.6 547.7
1.70735 540.0 445.8 634.3
1.8738199999999998 620.0 512.1 727.9
2.0565100000000003 707.7 584.6 830.4
2.25702 798.4 659.8 935.1
2.47708 911.3 753.5 1065.0
2.71859 1028.0 850.3 1206.0
2.98365 1171.0 968.2 1379.0
3.27455 1311.0 1083.0 1542.0
3.59381 1474.0 1215.0 1733.0
3.9442100000000004 1650.0 1356.0 1944.0
4.32876 1830.0 1503.0 2157.0
4.7508099999999995 2043.0 1678.0 2408.0
5.21401 2275.0 1865.0 2683.0
5.72237 2517.0 2057.0 2970.0
6.28029 2782.0 2268.0 3288.0
6.89261 3067.0 2497.0 3635.0
7.564629999999999 3361.0 2732.0 3991.0
8.30218 3676.0 2983.0 4370.0
9.11163 3999.0 3240.0 4757.0
10.0 4320.0 3490.0 5150.0
end
reaction: li6 p -> he4 he3 ; label: li6+p_to_he4+he3 ; table: nacre ; variant: standard
0.001 1.0e-24 9.03e-25 1.1e-24
0.0010999999999999998 5.196e-24 4.69e-24 5.716e-24
0.0012000000000000001 3.171e-23 2.861e-23 3.488e-23
0.00132 2.308e-22 2.081e-22 2.539e-22
0.0014500000000000001 2.038e-21 1.837e-21 2.243e-21
0.00159 2.226e-20 2.006e-20 2.45e-20
0.0017500000000000003 3.07e-19 2.765e-19 3.378e-19
0.0019199999999999998 5.469e-18 4.921e-18 6.018e-18
0.0021000000000000003 5.162e-17 4.643e-17 5.68e-17
0.00231 2.762e-16 2.484e-16 3.038e-16
0.0025399999999999997 1.741e-15 1.566e-15 1.914e-15
0.00278 1.312e-14 1.181e-14 1.443e-14
0.0030499999999999998 1.024e-13 9.21e-14 1.125e-13
0.00335 4.735e-13 4.264e-13 5.203e-13
0.00368 2.543e-12 2.292e-12 2.793e-12
0.00404 1.522e-11 1.374e-11 1.671e-11
0.00443 6.406e-11 5.774e-11 7.037e-11
0.00486 3.101e-10 2.792e-10 3.409e-10
0.00534 1.305e-9 1.175e-9 1.436e-9
0.00586 5.544e-9 4.993e-9 6.101e-9
0.00643 2.132e-8 1.919e-8 2.345e-8
0.007049999999999999 8.377e-8 7.537e-8 9.207e-8
0.0077399999999999995 2.939e-7 2.645e-7 3.232e-7
0.0085 1.013e-6 9.117e-7 1.114e-6
0.00933 3.388e-6 3.05e-6 3.727e-6
0.01024 1.086e-5 9.782e-6 1.195e-5
0.01123 3.34e-5 3.009e-5 3.681e-5
0.01233 9.9e-5 8.918e-5 0.0001088
0.01353 0.0002833 0.000255 0.0003111
0.014849999999999999 0.0007866 0.0007078 0.000865
0.016300000000000002 0.002083 0.001879 0.002297
0.01789 0.005443 0.004902 0.005986
0.01963 0.01361 0.01222 0.01494
0.02154 0.03129 0.0281 0.03435
0.02364 0.07472 0.06722 0.08208
0.02595 0.1767 0.1591 0.1942
0.02848 0.3917 0.3527 0.4307
0.031259999999999996 0.8421 0.7582 0.9261
0.034300000000000004 1.689 1.52 1.857
0.03765 3.625 3.263 3.987
0.04132 7.671 6.904 8.441
0.04535 14.69 13.22 16.18
0.049769999999999995 29.97 26.98 33.05
0.05462 54.82 49.35 60.48
0.05995 105.3 94.8 116.3
0.06579 186.1 167.5 205.0
0.07221 334.1 300.7 367.5
0.07925 586.6 528.2 645.1
0.08697 995.6 897.3 1094.0
0.09545000000000001 1670.0 1507.0 1837.0
0.10476 2758.0 2486.0 3036.0
0.11498 4475.0 4026.0 4923.0
0.12619 7138.0 6424.0 7853.0
0.13849 11190.0 10050.0 12320.0
0.15199000000000001 17290.0 15580.0 18990.0
0.16680999999999999 26080.0 23480.0 28710.0
0.18307 39180.0 35320.0 43130.0
0.20092 57930.0 52140.0 63730.0
0.22050999999999998 81680.0 73440.0 89920.0
0.24201 119100.0 107000.0 131200.0
0.26561 168300.0 151100.0 185300.0
0.29151 236900.0 212800.0 260300.0
0.31993 326100.0 293000.0 358500.0
0.35112 450300.0 404800.0 495700.0
0.38534999999999997 602200.0 542000.0 662500.0
0.42291999999999996 802700.0 722700.0 882700.0
0.46416 1.061e6 955400.0 1.166e6
0.50941 1.382e6 1.246e6 1.519e6
0.55908 1.761e6 1.588e6 1.938e6
0.6135900000000001 2.266e6 2.044e6 2.497e6
0.67342 2.852e6 2.573e6 3.142e6
0.73907 3.567e6 3.215e6 3.93e6
0.81113 4.436e6 3.994e6 4.888e6
0.89022 5.441e6 4.904e6 5.988e6
0.9770099999999999 6.608e6 5.946e6 7.266e6
1.07227 7.852e6 7.065e6 8.642e6
1.1768100000000001 9.368e6 8.435e6 1.033e7
1.29155 1.117e7 1.005e7 1.231e7
1.41747 1.308e7 1.174e7 1.437e7
1.5556800000000002 1.529e7 1.373e7 1.679e7
1.70735 1.767e7 1.592e7 1.947e7
1.8738199999999998 2.028e7 1.829e7 2.233e7
2.0565100000000003 2.318e7 2.09e7 2.546e7
2.25702 2.616e7 2.358e7 2.874e7
2.47708 2.988e7 2.693e7 3.284e7
2.71859 3.353e7 3.02e7 3.686e7
2.98365 3.791e7 3.414e7 4.168e7
3.27455 4.23e7 3.808e7 4.652e7
3.59381 4.736e7 4.261e7 5.21e7
3.9442100000000004 5.278e7 4.748e7 5.808e7
4.32876 5.809e7 5.227e7 6.392e7
4.7508099999999995 6.426e7 5.784e7 7.068e7
5.21401 7.081e7 6.375e7 7.787e7
5.72237 7.743e7 6.971e7 8.515e7
6.28029 8.435e7 7.593e7 9.277e7
6.89261 9.14e7 8.224e7 1.006e8
7.564629999999999 9.838e7 8.831e7 1.081e8
8.30218 1.054e8 9.45e7 1.156e8
9.11163 1.118e8 1.005e8 1.229e8
10.0 1.18e8 1.06e8 1.3e8
end
reaction: li7 p -> be8 ; label: li7+p_to_be8 ; table: nacre ; variant: standard
0.001 2.81e-28 1.95e-28 3.82e-28
0.0010999999999999998 1.477e-27 1.025e-27 2.007e-27
0.0012000000000000001 9.12e-27 6.33e-27 1.24e-26
0.00132 6.728e-26 4.67e-26 9.143e-26
0.0014500000000000001 6.031e-25 4.186e-25 8.195e-25
0.00159 6.695e-24 4.647e-24 9.096e-24
0.0017500000000000003 9.398e-23 6.524e-23 1.277e-22
0.0019199999999999998 1.707e-21 1.185e-21 2.318e-21
0.0021000000000000003 1.636e-20 1.136e-20 2.222e-20
0.00231 8.859e-20 6.152e-20 1.203e-19
0.0025399999999999997 5.656e-19 3.929e-19 7.684e-19
0.00278 4.326e-18 3.006e-18 5.878e-18
0.0030499999999999998 3.423e-17 2.379e-17 4.652e-17
0.00335 1.599e-16 1.111e-16 2.172e-16
0.00368 8.683e-16 6.034e-16 1.179e-15
0.00404 5.259e-15 3.655e-15 7.138e-15
0.00443 2.234e-14 1.554e-14 3.034e-14
0.00486 1.092e-13 7.603e-14 1.485e-13
0.00534 4.643e-13 3.233e-13 6.307e-13
0.00586 1.991e-12 1.387e-12 2.702e-12
0.00643 7.724e-12 5.383e-12 1.048e-11
0.007049999999999999 3.063e-11 2.134e-11 4.157e-11
0.0077399999999999995 1.084e-10 7.544e-11 1.466e-10
0.0085 3.763e-10 2.618e-10 5.088e-10
0.00933 1.266e-9 8.824e-10 1.714e-9
0.01024 4.092e-9 2.855e-9 5.548e-9
0.01123 1.268e-8 8.85e-9 1.726e-8
0.01233 3.776e-8 2.952e-8 5.113e-8
0.01353 1.086e-7 8.916e-8 1.471e-7
0.014849999999999999 3.036e-7 2.125e-7 4.109e-7
0.016300000000000002 8.095e-7 5.665e-7 1.095e-6
0.01789 2.119e-6 1.484e-6 2.866e-6
0.01963 5.318e-6 3.72e-6 7.183e-6
0.02154 1.227e-5 8.589e-6 1.656e-5
0.02364 2.945e-5 2.063e-5 3.971e-5
0.02595 6.997e-5 4.905e-5 9.42e-5
0.02848 0.0001558 0.0001094 0.0002093
0.031259999999999996 0.0003359 0.0002427 0.0004405
0.034300000000000004 0.0006743 0.0005217 0.0008372
0.03765 0.001449 0.001208 0.001694
0.04132 0.00307 0.002699 0.003441
0.04535 0.005891 0.005181 0.0066
0.049769999999999995 0.01204 0.0106 0.01349
0.05462 0.02199 0.01942 0.02458
0.05995 0.04213 0.03736 0.047
0.06579 0.07443 0.06588 0.08306
0.07221 0.1335 0.1182 0.1489
0.07925 0.2336 0.2081 0.26
0.08697 0.3965 0.3533 0.4396
0.09545000000000001 0.6648 0.5936 0.7353
0.10476 1.098 0.9822 1.209
0.11498 1.78 1.598 1.955
0.12619 2.837 2.56 3.114
0.13849 4.463 4.044 4.891
0.15199000000000001 6.916 6.283 7.549
0.16680999999999999 10.48 9.544 11.41
0.18307 15.86 14.48 17.24
0.20092 23.59 21.66 25.52
0.22050999999999998 33.59 30.98 36.23
0.24201 49.52 45.89 53.22
0.26561 71.33 66.47 76.46
0.29151 102.9 96.46 110.0
0.31993 149.2 140.2 159.2
0.35112 221.0 207.8 235.1
0.38534999999999997 334.2 314.8 354.8
0.42291999999999996 522.0 492.4 552.0
0.46416 837.3 790.4 881.4
0.50941 1353.0 1277.0 1418.0
0.55908 2139.0 2025.0 2242.0
0.6135900000000001 3434.0 3260.0 3599.0
0.67342 5239.0 4985.0 5488.0
0.73907 7792.0 7426.0 8158.0
0.81113 11310.0 10780.0 11830.0
0.89022 15660.0 14890.0 16330.0
0.9770099999999999 20820.0 19870.0 21810.0
1.07227 26220.0 25050.0 27480.0
1.1768100000000001 32920.0 31460.0 34470.0
1.29155 40750.0 38950.0 42650.0
1.41747 48030.0 45890.0 50280.0
1.5556800000000002 55990.0 53460.0 58590.0
1.70735 63360.0 60470.0 66270.0
1.8738199999999998 70240.0 66950.0 73480.0
2.0565100000000003 76590.0 72910.0 80190.0
2.25702 81340.0 77350.0 85330.0
2.47708 86900.0 82540.0 91350.0
2.71859 90410.0 85590.0 95290.0
2.98365 94070.0 88700.0 99440.0
3.27455 95990.0 89880.0 102000.0
3.59381 97850.0 90850.0 104700.0
3.9442100000000004 99530.0 91410.0 107500.0
4.32876 99730.0 90060.0 109300.0
4.7508099999999995 99650.0 88250.0 111000.0
5.21401 99300.0 85790.0 112800.0
5.72237 98590.0 82530.0 114900.0
6.28029 98120.0 79040.0 117400.0
6.89261 97930.0 75330.0 120500.0
7.564629999999999 97730.0 71020.0 124400.0
8.30218 97960.0 66690.0 129400.0
9.11163 98930.0 62510.0 135800.0
10.0 100000.0 58000.0 142000.0
end
reaction: li7 p -> he4 he4 ; label: li7+p_to_he4+he4 ; table: nacre ; variant: standard
0.001 1.13e-26 9.76e-27 1.28e-26
0.0010999999999999998 5.941e-26 5.133e-26 6.729e-26
0.0012000000000000001 3.672e-25 3.174e-25 4.159e-25
0.00132 2.71e-24 2.344e-24 3.07e-24
0.0014500000000000001 2.431e-23 2.104e-23 2.754e-23
0.00159 2.701e-22 2.339e-22 3.059e-22
0.0017500000000000003 3.795e-21 3.288e-21 4.298e-21
0.0019199999999999998 6.898e-20 5.982e-20 7.813e-20
0.0021000000000000003 6.618e-19 5.741e-19 7.496e-19
0.00231 3.585e-18 3.111e-18 4.061e-18
0.0025399999999999997 2.29e-17 1.988e-17 2.595e-17
0.00278 1.753e-16 1.522e-16 1.986e-16
0.0030499999999999998 1.388e-15 1.206e-15 1.574e-15
0.00335 6.506e-15 5.648e-15 7.373e-15
0.00368 3.545e-14 3.075e-14 4.016e-14
0.00404 2.154e-13 1.868e-13 2.441e-13
0.00443 9.168e-13 7.955e-13 1.039e-12
0.00486 4.494e-12 3.902e-12 5.091e-12
0.00534 1.915e-11 1.664e-11 2.168e-11
0.00586 8.237e-11 7.164e-11 9.312e-11
0.00643 3.202e-10 2.785e-10 3.619e-10
0.007049999999999999 1.272e-9 1.106e-9 1.438e-9
0.0077399999999999995 4.523e-9 3.932e-9 5.114e-9
0.0085 1.575e-8 1.369e-8 1.781e-8
0.00933 5.32e-8 4.626e-8 6.014e-8
0.01024 1.726e-7 1.502e-7 1.949e-7
0.01123 5.384e-7 4.678e-7 6.069e-7
0.01233 1.611e-6 1.398e-6 1.816e-6
0.01353 4.652e-6 4.055e-6 5.253e-6
0.014849999999999999 1.304e-5 1.142e-5 1.473e-5
0.016300000000000002 3.502e-5 3.058e-5 3.958e-5
0.01789 9.237e-5 8.062e-5 0.0001045
0.01963 0.0002331 0.0002034 0.0002629
0.02154 0.0005413 0.0004727 0.0006099
0.02364 0.001308 0.001143 0.001472
0.02595 0.003129 0.002736 0.00352
0.02848 0.007018 0.006133 0.007885
0.031259999999999996 0.01526 0.01333 0.01713
0.034300000000000004 0.03095 0.027 0.03472
0.03765 0.06724 0.05859 0.07539
0.04132 0.144 0.1256 0.1614
0.04535 0.2786 0.2439 0.3125
0.049769999999999995 0.5749 0.5055 0.6452
0.05462 1.063 0.9351 1.192
0.05995 2.067 1.818 2.315
0.06579 3.7 3.257 4.142
0.07221 6.728 5.928 7.529
0.07925 11.95 10.53 13.36
0.08697 20.54 18.16 22.97
0.09545000000000001 34.97 30.94 39.06
0.10476 58.58 51.83 65.29
0.11498 96.29 85.21 107.3
0.12619 155.8 137.8 173.2
0.13849 248.0 219.5 275.4
0.15199000000000001 387.5 344.0 430.1
0.16680999999999999 591.1 525.3 657.1
0.18307 901.5 801.4 1001.0
0.20092 1353.0 1200.0 1495.0
0.22050999999999998 1931.0 1716.0 2137.0
0.24201 2854.0 2541.0 3164.0
0.26561 4097.0 3652.0 4542.0
0.29151 5867.0 5234.0 6499.0
0.31993 8206.0 7331.0 9081.0
0.35112 11520.0 10300.0 12730.0
0.38534999999999997 15750.0 14090.0 17410.0
0.42291999999999996 21380.0 19150.0 23610.0
0.46416 28780.0 25850.0 31710.0
0.50941 38370.0 34590.0 42140.0
0.55908 49920.0 45050.0 54740.0
0.6135900000000001 65650.0 59320.0 71860.0
0.67342 84420.0 76400.0 92200.0
0.73907 107900.0 97930.0 117700.0
0.81113 137300.0 124900.0 149700.0
0.89022 172100.0 156600.0 187700.0
0.9770099999999999 214400.0 195400.0 233400.0
1.07227 261400.0 238500.0 284300.0
1.1768100000000001 320700.0 292800.0 348600.0
1.29155 393100.0 359200.0 427100.0
1.41747 472500.0 431700.0 513300.0
1.5556800000000002 569600.0 520400.0 618700.0
1.70735 682400.0 623500.0 741300.0
1.8738199999999998 811400.0 740600.0 882100.0
2.0565100000000003 962200.0 876700.0 1.047e6
2.25702 1.133e6 1.029e6 1.232e6
2.47708 1.355e6 1.227e6 1.472e6
2.71859 1.598e6 1.448e6 1.741e6
2.98365 1.909e6 1.731e6 2.087e6
3.27455 2.273e6 2.057e6 2.489e6
3.59381 2.739e6 2.475e6 3.004e6
3.9442100000000004 3.326e6 3.006e6 3.654e6
4.32876 4.001e6 3.613e6 4.397e6
4.7508099999999995 4.876e6 4.398e6 5.357e6
5.21401 5.912e6 5.331e6 6.494e6
5.72237 7.078e6 6.387e6 7.776e6
6.28029 8.417e6 7.596e6 9.245e6
6.89261 9.912e6 8.941e6 1.088e7
7.564629999999999 1.144e7 1.033e7 1.255e7
8.30218 1.315e7 1.187e7 1.441e7
9.11163 1.501e7 1.35e7 1.643e7
10.0 1.68e7 1.52e7 1.84e7
end
reaction: li7 he4 -> b11 ; label: li7+he4_to_b11 ; table: nacre ; variant: standard
0.001 9.999e-100 9.999e-100 9.999e-100
0.0010999999999999998 9.999e-100 9.999e-100 9.999e-100
0.0012000000000000001 9.999e-100 9.999e-100 9.999e-100
0.00132 9.999e-100 9.999e-100 9.999e-100
0.0014500000000000001 9.999e-100 9.999e-100 9.999e-100
0.00159 9.999e-100 9.999e-100 9.999e-100
0.0017500000000000003 9.999e-100 9.999e-100 9.999e-100
0.0019199999999999998 9.999e-100 9.999e-100 9.999e-100
0.0021000000000000003 9.999e-100 9.999e-100 9.999e-100
0.00231 9.999e-100 9.999e-100 9.999e-100
0.0025399999999999997 9.999e-100 9.999e-100 9.999e-100
0.00278 9.999e-100 9.999e-100 9.999e-100
0.0030499999999999998 9.999e-100 9.999e-100 9.999e-100
0.00335 9.999e-100 9.999e-100 9.999e-100
0.00368 9.999e-100 9.999e-100 9.999e-100
0.00404 9.999e-100 9.999e-100 9.999e-100
0.00443 9.999e-100 9.999e-100 9.999e-100
0.00486 9.999e-100 9.999e-100 9.999e-100
0.00534 9.999e-100 9.999e-100 9.999e-100
0.00586 9.999e-100 9.999e-100 9.999e-100
0.00643 9.999e-100 9.999e-100 9.999e-100
0.007049999999999999 9.999e-100 9.999e-100 9.999e-100
0.0077399999999999995 9.999e-100 9.999e-100 9.999e-100
0.0085 9.999e-100 9.999e-100 9.999e-100
0.00933 9.999e-100 9.999e-100 9.999e-100
0.01024 9.999e-100 9.999e-100 9.999e-100
0.01123 9.999e-100 9.999e-100 9.999e-100
0.01233 9.999e-100 9.999e-100 9.999e-100
0.01353 9.999e-100 9.999e-100 9.999e-100
0.014849999999999999 9.999e-100 9.999e-100 9.999e-100
0.016300000000000002 2.338e-24 1.493e-24 3.378e-24
0.01789 2.254e-23 1.438e-23 3.258e-23
0.01963 1.963e-22 1.256e-22 2.828e-22
0.02154 1.41e-21 9.037e-22 2.033e-21
0.02364 1.111e-20 7.125e-21 1.606e-20
0.02595 8.586e-20 5.508e-20 1.242e-19
0.02848 5.726e-19 3.677e-19 8.285e-19
0.031259999999999996 3.553e-18 2.282e-18 5.143e-18
0.034300000000000004 1.872e-17 1.202e-17 2.713e-17
0.03765 1.16e-16 7.441e-17 1.683e-16
0.04132 6.974e-16 4.474e-16 1.013e-15
0.04535 3.327e-15 2.137e-15 4.828e-15
0.049769999999999995 1.848e-14 1.189e-14 2.68e-14
0.05462 7.919e-14 5.09e-14 1.149e-13
0.05995 3.821e-13 2.452e-13 5.545e-13
0.06579 1.523e-12 9.778e-13 2.207e-12
0.07221 6.37e-12 4.105e-12 9.208e-12
0.07925 2.576e-11 1.678e-11 3.706e-11
0.08697 1.176e-10 8.054e-11 1.632e-10
0.09545000000000001 7.422e-10 5.476e-10 9.67e-10
0.10476 6.3e-9 4.976e-9 7.743e-9
0.11498 5.835e-8 4.763e-8 6.967e-8
0.12619 4.834e-7 3.993e-7 5.695e-7
0.13849 3.393e-6 2.825e-6 3.983e-6
0.15199000000000001 1.967e-5 1.641e-5 2.295e-5
0.16680999999999999 9.226e-5 7.7e-5 0.0001079
0.18307 0.0003994 0.000334 0.0004658
0.20092 0.001469 0.001228 0.001711
0.22050999999999998 0.004108 0.003439 0.004785
0.24201 0.01269 0.01065 0.01479
0.26561 0.03285 0.02759 0.03824
0.29151 0.07936 0.06676 0.09217
0.31993 0.17 0.1429 0.1974
0.35112 0.3538 0.2968 0.411
0.38534999999999997 0.6434 0.5402 0.7477
0.42291999999999996 1.135 0.9541 1.324
0.46416 1.925 1.618 2.255
0.50941 3.159 2.642 3.712
0.55908 5.057 4.199 5.988
0.6135900000000001 8.327 6.864 9.943
0.67342 13.59 11.13 16.35
0.73907 22.31 18.19 27.02
0.81113 36.78 29.95 44.82
0.89022 59.21 48.35 72.29
0.9770099999999999 92.61 75.61 113.1
1.07227 135.8 110.9 165.7
1.1768100000000001 199.9 163.3 243.6
1.29155 289.5 236.5 352.2
1.41747 391.9 320.5 475.6
1.5556800000000002 523.8 428.5 634.0
1.70735 672.2 550.0 811.6
1.8738199999999998 835.5 683.9 1007.0
2.0565100000000003 1018.0 832.9 1226.0
2.25702 1206.0 982.4 1447.0
2.47708 1452.0 1178.0 1737.0
2.71859 1688.0 1372.0 2033.0
2.98365 1980.0 1614.0 2405.0
3.27455 2295.0 1863.0 2812.0
3.59381 2670.0 2164.0 3304.0
3.9442100000000004 3079.0 2510.0 3854.0
4.32876 3465.0 2850.0 4391.0
4.7508099999999995 3916.0 3255.0 5030.0
5.21401 4351.0 3657.0 5650.0
5.72237 4705.0 4006.0 6155.0
6.28029 5016.0 4284.0 6544.0
6.89261 5257.0 4450.0 6753.0
7.564629999999999 5423.0 4480.0 6790.0
8.30218 5547.0 4465.0 6781.0
9.11163 5607.0 4433.0 6761.0
10.0 5580.0 4460.0 6770.0
end
reaction: li7 he4 -> n b10 ; label: li7+he4_to_n+b10 ; table: nacre ; variant: standard
0.001 9.999e-100 9.999e-100 9.999e-100
0.0010999999999999998 9.999e-100 9.999e-100 9.999e-100
0.0012000000000000001 9.999e-100 9.999e-100 9.999e-100
0.00132 9.999e-100 9.999e-100 9.999e-100
0.0014500000000000001 9.999e-100 9.999e-100 9.999e-100
0.00159 9.999e-100 9.999e-100 9.999e-100
0.0017500000000000003 9.999e-100 9.999e-100 9.999e-100
0.0019199999999999998 9.999e-100 9.999e-100 9.999e-100
0.0021000000000000003 9.999e-100 9.999e-100 9.999e-100
0.00231 9.999e-100 9.999e-100 9.999e-100
0.0025399999999999997 9.999e-100 9.999e-100 9.999e-100
0.00278 9.999e-100 9.999e-100 9.999e-100
0.0030499999999999998 9.999e-100 9.999e-100 9.999e-100
0.00335 9.999e-100 9.999e-100 9.999e-100
0.00368 9.999e-100 9.999e-100 9.999e-100
0.00404 9.999e-100 9.999e-100 9.999e-100
0.00443 9.999e-100 9.999e-100 9.999e-100
0.00486 9.999e-100 9.999e-100 9.999e-100
0.00534 9.999e-100 9.999e-100 9.999e-100
0.00586 9.999e-100 9.999e-100 9.999e-100
0.00643 9.999e-100 9.999e-100 9.999e-100
0.007049999999999999 9.999e-100 9.999e-100 9.999e-100
0.0077399999999999995 9.999e-100 9.999e-100 9.999e-100
0.0085 9.999e-100 9.999e-100 9.999e-100
0.00933 9.999e-100 9.999e-100 9.999e-100
0.01024 9.999e-100 9.999e-100 9.999e-100
0.01123 9.999e-100 9.999e-100 9.999e-100
0.01233 9.999e-100 9.999e-100 9.999e-100
0.01353 9.999e-100 9.999e-100 9.999e-100
0.014849999999999999 9.999e-100 9.999e-100 9.999e-100
0.016300000000000002 9.999e-100 9.999e-100 9.999e-100
0.01789 9.999e-100 9.999e-100 9.999e-100
0.01963 9.999e-100 9.999e-100 9.999e-100
0.02154 9.999e-100 9.999e-100 9.999e-100
0.02364 9.999e-100 9.999e-100 9.999e-100
0.02595 9.999e-100 9.999e-100 9.999e-100
0.02848 9.999e-100 9.999e-100 9.999e-100
0.031259999999999996 9.999e-100 9.999e-100 9.999e-100
0.034300000000000004 9.999e-100 9.999e-100 9.999e-100
0.03765 9.999e-100 9.999e-100 9.999e-100
0.04132 9.999e-100 9.999e-100 9.999e-100
0.04535 9.999e-100 9.999e-100 9.999e-100
0.049769999999999995 9.999e-100 9.999e-100 9.999e-100
0.05462 9.999e-100 9.999e-100 9.999e-100
0.05995 9.999e-100 9.999e-100 9.999e-100
0.06579 9.999e-100 9.999e-100 9.999e-100
0.07221 9.999e-100 9.999e-100 9.999e-100
0.07925 9.999e-100 9.999e-100 9.999e-100
0.08697 9.999e-100 9.999e-100 9.999e-100
0.09545000000000001 9.999e-100 9.999e-100 9.999e-100
0.10476 9.999e-100 9.999e-100 9.999e-100
0.11498 9.999e-100 9.999e-100 9.999e-100
0.12619 9.999e-100 9.999e-100 9.999e-100
0.13849 9.999e-100 9.999e-100 9.999e-100
0.15199000000000001 9.999e-100 9.999e-100 9.999e-100
0.16680999999999999 9.999e-100 9.999e-100 9.999e-100
0.18307 9.999e-100 9.999e-100 9.999e-100
0.20092 9.999e-100 9.999e-100 9.999e-100
0.22050999999999998 9.999e-100 9.999e-100 9.999e-100
0.24201 9.999e-100 9.999e-100 9.999e-100
0.26561 9.999e-100 9.999e-100 9.999e-100
0.29151 9.999e-100 9.999e-100 9.999e-100
0.31993 9.999e-100 9.999e-100 9.999e-100
0.35112 9.999e-100 9.999e-100 9.999e-100
0.38534999999999997 9.999e-100 9.999e-100 9.999e-100
0.42291999999999996 9.999e-100 9.999e-100 9.999e-100
0.46416 1.129e-23 1.028e-23 1.235e-23
0.50941 5.554e-21 5.056e-21 6.047e-21
0.55908 1.216e-18 1.109e-18 1.316e-18
0.6135900000000001 2.956e-16 2.704e-16 3.186e-16
0.67342 3.064e-14 2.816e-14 3.305e-14
0.73907 2.357e-12 2.173e-12 2.539e-12
0.81113 1.369e-10 1.265e-10 1.471e-10
0.89022 4.992e-9 4.625e-9 5.358e-9
0.9770099999999999 1.293e-7 1.201e-7 1.384e-7
1.07227 2.007e-6 1.867e-6 2.145e-6
1.1768100000000001 3.155e-5 2.936e-5 3.363e-5
1.29155 0.0004522 0.0004216 0.0004816
1.41747 0.004187 0.00392 0.004463
1.5556800000000002 0.03647 0.03423 0.03887
1.70735 0.2498 0.2341 0.2656
1.8738199999999998 1.401 1.314 1.487
2.0565100000000003 6.86 6.438 7.269
2.25702 26.65 25.05 28.22
2.47708 118.2 111.3 125.0
2.71859 376.4 355.7 398.3
2.98365 1271.0 1206.0 1345.0
3.27455 3446.0 3264.0 3640.0
3.59381 9349.0 8837.0 9856.0
3.9442100000000004 22970.0 21670.0 24180.0
4.32876 48350.0 45450.0 51120.0
4.7508099999999995 104600.0 97900.0 111200.0
5.21401 215500.0 200100.0 230800.0
5.72237 406100.0 372500.0 439100.0
6.28029 738400.0 667700.0 809600.0
6.89261 1.28e6 1.138e6 1.43e6
7.564629999999999 2.077e6 1.798e6 2.362e6
8.30218 3.297e6 2.765e6 3.829e6
9.11163 5.045e6 4.076e6 6.013e6
10.0 7.37e6 5.67e6 9.07e6
end
reaction: be7 p -> b8 ; label: be7+p_to_b8 ; table: nacre ; variant: standard
0.001 9.999e-100 9.999e-100 9.999e-100
0.0010999999999999998 9.999e-100 9.999e-100 9.999e-100
0.0012000000000000001 9.999e-100 9.999e-100 9.999e-100
0.00132 9.999e-100 9.999e-100 9.999e-100
0.0014500000000000001 9.999e-100 9.999e-100 9.999e-100
0.00159 9.999e-100 9.999e-100 9.999e-100
0.0017500000000000003 9.999e-100 9.999e-100 9.999e-100
0.0019199999999999998 9.999e-100 9.999e-100 9.999e-100
0.0021000000000000003 9.999e-100 9.999e-100 9.999e-100
0.00231 9.999e-100 9.999e-100 9.999e-100
0.0025399999999999997 9.999e-100 9.999e-100 9.999e-100
0.00278 9.999e-100 9.999e-100 9.999e-100
0.0030499999999999998 2.248e-24 2.009e-24 2.487e-24
0.00335 1.473e-23 1.317e-23 1.63e-23
0.00368 1.159e-22 1.037e-22 1.283e-22
0.00404 1.042e-21 9.326e-22 1.155e-21
0.00443 6.092e-21 5.448e-21 6.746e-21
0.00486 4.228e-20 3.78e-20 4.682e-20
0.00534 2.472e-19 2.211e-19 2.739e-19
0.00586 1.461e-18 1.307e-18 1.62e-18
0.00643 7.65e-18 6.839e-18 8.478e-18
0.007049999999999999 4.117e-17 3.676e-17 4.557e-17
0.0077399999999999995 1.93e-16 1.722e-16 2.133e-16
0.0085 8.834e-16 7.896e-16 9.759e-16
0.00933 3.897e-15 3.492e-15 4.303e-15
0.01024 1.636e-14 1.467e-14 1.805e-14
0.01123 6.517e-14 5.833e-14 7.221e-14
0.01233 2.478e-13 2.217e-13 2.749e-13
0.01353 9.064e-13 8.087e-13 1.001e-12
0.014849999999999999 3.188e-12 2.854e-12 3.526e-12
0.016300000000000002 1.06e-11 9.485e-12 1.173e-11
0.01789 3.456e-11 3.097e-11 3.823e-11
0.01963 1.066e-10 9.554e-11 1.183e-10
0.02154 2.973e-10 2.665e-10 3.302e-10
0.02364 8.703e-10 7.802e-10 9.658e-10
0.02595 2.519e-9 2.257e-9 2.793e-9
0.02848 6.75e-9 6.037e-9 7.475e-9
0.031259999999999996 1.739e-8 1.555e-8 1.925e-8
0.034300000000000004 4.11e-8 3.679e-8 4.549e-8
0.03765 1.056e-7 9.469e-8 1.169e-7
0.04132 2.668e-7 2.394e-7 2.954e-7
0.04535 5.965e-7 5.343e-7 6.601e-7
0.049769999999999995 1.442e-6 1.29e-6 1.595e-6
0.05462 3.048e-6 2.725e-6 3.373e-6
0.05995 6.846e-6 6.122e-6 7.58e-6
0.06579 1.39e-5 1.241e-5 1.536e-5
0.07221 2.875e-5 2.565e-5 3.175e-5
0.07925 5.774e-5 5.16e-5 6.385e-5
0.08697 0.0001112 9.946e-5 0.0001234
0.09545000000000001 0.0002119 0.0001896 0.0002348
0.10476 0.0003958 0.0003544 0.0004379
0.11498 0.0007227 0.0006473 0.0008017
0.12619 0.001293 0.001159 0.001435
0.13849 0.002273 0.002039 0.002516
0.15199000000000001 0.003915 0.003498 0.004334
0.16680999999999999 0.006538 0.005857 0.007243
0.18307 0.0109 0.009766 0.01208
0.20092 0.01786 0.01592 0.0197
0.22050999999999998 0.02755 0.02459 0.03042
0.24201 0.04433 0.03962 0.049
0.26561 0.06867 0.06138 0.07595
0.29151 0.1059 0.09459 0.1171
0.31993 0.1592 0.1424 0.1761
0.35112 0.2409 0.2156 0.2662
0.38534999999999997 0.3496 0.3129 0.3869
0.42291999999999996 0.5065 0.4534 0.5609
0.46416 0.7272 0.6509 0.8055
0.50941 1.027 0.9188 1.139
0.55908 1.423 1.271 1.58
0.6135900000000001 2.0 1.784 2.227
0.67342 2.751 2.449 3.069
0.73907 3.782 3.355 4.232
0.81113 5.201 4.592 5.842
0.89022 7.084 6.222 7.994
0.9770099999999999 9.605 8.375 10.89
1.07227 12.69 11.02 14.44
1.1768100000000001 16.92 14.66 19.32
1.29155 22.53 19.47 25.81
1.41747 29.15 25.13 33.43
1.5556800000000002 37.64 32.38 43.2
1.70735 47.71 40.99 54.73
1.8738199999999998 59.28 50.98 67.93
2.0565100000000003 72.68 62.62 83.15
2.25702 86.93 75.06 99.25
2.47708 105.8 91.58 120.5
2.71859 124.3 107.6 141.3
2.98365 147.4 127.6 167.3
3.27455 170.3 148.2 192.9
3.59381 197.3 172.5 223.1
3.9442100000000004 226.9 199.4 256.3
4.32876 257.9 226.9 290.3
4.7508099999999995 295.4 260.1 331.2
5.21401 337.8 298.0 377.7
5.72237 384.1 339.8 429.1
6.28029 437.6 387.8 488.3
6.89261 499.3 442.6 556.2
7.564629999999999 566.3 502.8 630.3
8.30218 643.8 572.7 715.7
9.11163 732.6 652.4 812.9
10.0 832.0 741.0 923.0
end
reaction: be7 he4 -> c11 ; label: be7+he4_to_c11 ; table: nacre ; variant: standard
0.001 9.999e-100 9.999e-100 9.999e-100
0.0010999999999999998 9.999e-100 9.999e-100 9.999e-100
0.0012000000000000001 9.999e-100 9.999e-100 9.999e-100
0.00132 9.999e-100 9.999e-100 9.999e-100
0.0014500000000000001 9.999e-100 9.999e-100 9.999e-100
0.00159 9.999e-100 9.999e-100 9.999e-100
0.0017500000000000003 9.999e-100 9.999e-100 9.999e-100
0.0019199999999999998 9.999e-100 9.999e-100 9.999e-100
0.0021000000000000003 9.999e-100 9.999e-100 9.999e-100
0.00231 9.999e-100 9.999e-100 9.999e-100
0.0025399999999999997 9.999e-100 9.999e-100 9.999e-100
0.00278 9.999e-100 9.999e-100 9.999e-100
0.0030499999999999998 9.999e-100 9.999e-100 9.999e-100
0.00335 9.999e-100 9.999e-100 9.999e-100
0.00368 9.999e-100 9.999e-100 9.999e-100
0.00404 9.999e-100 9.999e-100 9.999e-100
0.00443 9.999e-100 9.999e-100 9.999e-100
0.00486 9.999e-100 9.999e-100 9.999e-100
0.00534 9.999e-100 9.999e-100 9.999e-100
0.00586 9.999e-100 9.999e-100 9.999e-100
0.00643 9.999e-100 9.999e-100 9.999e-100
0.007049999999999999 9.999e-100 9.999e-100 9.999e-100
0.0077399999999999995 9.999e-100 9.999e-100 9.999e-100
0.0085 9.999e-100 9.999e-100 9.999e-100
0.00933 9.999e-100 9.999e-100 9.999e-100
0.01024 9.999e-100 9.999e-100 9.999e-100
0.01123 9.999e-100 9.999e-100 9.999e-100
0.01233 9.999e-100 9.999e-100 9.999e-100
0.01353 9.999e-100 9.999e-100 9.999e-100
0.014849999999999999 9.999e-100 9.999e-100 9.999e-100
0.016300000000000002 9.999e-100 9.999e-100 9.999e-100
0.01789 9.999e-100 9.999e-100 9.999e-100
0.01963 9.999e-100 9.999e-100 9.999e-100
0.02154 7.241e-26 5.055e-26 9.38e-26
0.02364 8.742e-25 6.11e-25 1.135e-24
0.02595 1.028e-23 7.195e-24 1.337e-23
0.02848 1.009e-22 7.071e-23 1.312e-22
0.031259999999999996 9.075e-22 6.36e-22 1.179e-21
0.034300000000000004 6.692e-21 4.688e-21 8.696e-21
0.03765 5.996e-20 4.199e-20 7.793e-20
0.04132 5.164e-19 3.614e-19 6.714e-19
0.04535 3.344e-18 2.339e-18 4.349e-18
0.049769999999999995 2.598e-17 1.816e-17 3.38e-17
0.05462 1.472e-16 1.029e-16 1.914e-16
0.05995 9.604e-16 6.717e-16 1.247e-15
0.06579 4.956e-15 3.455e-15 6.434e-15
0.07221 2.673e-14 1.862e-14 3.471e-14
0.07925 1.346e-13 9.42e-14 1.75e-13
0.08697 6.178e-13 4.325e-13 8.02e-13
0.09545000000000001 2.748e-12 1.923e-12 3.571e-12
0.10476 1.166e-11 8.15e-12 1.517e-11
0.11498 4.709e-11 3.293e-11 6.138e-11
0.12619 1.817e-10 1.273e-10 2.365e-10
0.13849 6.728e-10 4.709e-10 8.733e-10
0.15199000000000001 2.37e-9 1.659e-9 3.081e-9
0.16680999999999999 7.852e-9 5.491e-9 1.021e-8
0.18307 2.605e-8 1.822e-8 3.39e-8
0.20092 8.349e-8 5.832e-8 1.089e-7
0.22050999999999998 2.7e-7 1.87e-7 3.583e-7
0.24201 9.791e-7 6.716e-7 1.323e-6
0.26561 4.271e-6 2.905e-6 5.861e-6
0.29151 2.223e-5 1.5e-5 3.094e-5
0.31993 0.0001124 7.62e-5 0.0001562
0.35112 0.0006004 0.0004119 0.0008264
0.38534999999999997 0.002503 0.001739 0.003401
0.42291999999999996 0.009671 0.006811 0.01298
0.46416 0.0334 0.02382 0.04438
0.50941 0.1005 0.07226 0.1326
0.55908 0.259 0.1877 0.338
0.6135900000000001 0.6788 0.4954 0.8769
0.67342 1.523 1.116 1.954
0.73907 3.24 2.378 4.14
0.81113 6.566 4.813 8.371
0.89022 12.31 8.963 15.72
0.9770099999999999 21.89 15.87 28.07
1.07227 35.4 25.44 45.59
1.1768100000000001 57.23 40.63 74.05
1.29155 92.71 64.38 131.1
1.41747 144.4 96.12 264.5
1.5556800000000002 215.6 140.8 419.4
1.70735 291.3 194.5 420.7
1.8738199999999998 390.9 261.0 520.4
2.0565100000000003 509.4 334.6 683.2
2.25702 610.8 387.9 833.3
2.47708 745.4 456.2 1036.0
2.71859 876.0 515.4 1234.0
2.98365 1039.0 585.4 1483.0
3.27455 1196.0 647.1 1737.0
3.59381 1379.0 714.2 2041.0
3.9442100000000004 1576.0 778.3 2372.0
4.32876 1771.0 832.5 2703.0
4.7508099999999995 2000.0 891.9 3099.0
5.21401 2250.0 949.7 3539.0
5.72237 2507.0 1001.0 4002.0
6.28029 2789.0 1049.0 4515.0
6.89261 3093.0 1092.0 5075.0
7.564629999999999 3413.0 1133.0 5670.0
8.30218 3766.0 1175.0 6336.0
9.11163 4151.0 1214.0 7066.0
10.0 4580.0 1250.0 7880.0
end
reaction: be9 p -> b10 ; label: be9+p_to_b10 ; table: nacre ; variant: standard
0.001 9.999e-100 9.999e-100 9.999e-100
0.0010999999999999998 9.999e-100 9.999e-100 9.999e-100
0.0012000000000000001 9.999e-100 9.999e-100 9.999e-100
0.00132 9.999e-100 9.999e-100 9.999e-100
0.0014500000000000001 9.999e-100 9.999e-100 9.999e-100
0.00159 9.999e-100 9.999e-100 9.999e-100
0.0017500000000000003 9.999e-100 9.999e-100 9.999e-100
0.0019199999999999998 9.999e-100 9.999e-100 9.999e-100
0.0021000000000000003 9.999e-100 9.999e-100 9.999e-100
0.00231 9.999e-100 9.999e-100 9.999e-100
0.0025399999999999997 9.999e-100 9.999e-100 9.999e-100
0.00278 9.999e-100 9.999e-100 9.999e-100
0.0030499999999999998 5.684e-23 4.134e-23 7.234e-23
0.00335 3.805e-22 2.773e-22 4.836e-22
0.00368 3.066e-21 2.24e-21 3.892e-21
0.00404 2.827e-20 2.07e-20 3.584e-20
0.00443 1.685e-19 1.236e-19 2.134e-19
0.00486 1.196e-18 8.789e-19 1.513e-18
0.00534 7.141e-18 5.268e-18 9.016e-18
0.00586 4.313e-17 3.198e-17 5.433e-17
0.00643 2.307e-16 1.714e-16 2.895e-16
0.007049999999999999 1.269e-15 9.438e-16 1.586e-15
0.0077399999999999995 6.069e-15 4.527e-15 7.576e-15
0.0085 2.829e-14 2.123e-14 3.526e-14
0.00933 1.27e-13 9.604e-14 1.581e-13
0.01024 5.436e-13 4.133e-13 6.75e-13
0.01123 2.211e-12 1.686e-12 2.734e-12
0.01233 8.588e-12 6.573e-12 1.058e-11
0.01353 3.194e-11 2.46e-11 3.918e-11
0.014849999999999999 1.147e-10 8.861e-11 1.407e-10
0.016300000000000002 3.883e-10 3.021e-10 4.742e-10
0.01789 1.294e-9 1.009e-9 1.57e-9
0.01963 4.066e-9 3.209e-9 4.925e-9
0.02154 1.156e-8 9.188e-9 1.394e-8
0.02364 3.451e-8 2.763e-8 4.145e-8
0.02595 1.019e-7 8.218e-8 1.218e-7
0.02848 2.78e-7 2.26e-7 3.305e-7
0.031259999999999996 7.302e-7 5.984e-7 8.634e-7
0.034300000000000004 1.76e-6 1.453e-6 2.069e-6
0.03765 4.622e-6 3.848e-6 5.401e-6
0.04132 1.194e-5 1.003e-5 1.386e-5
0.04535 2.722e-5 2.307e-5 3.139e-5
0.049769999999999995 6.726e-5 5.76e-5 7.702e-5
0.05462 0.0001447 0.0001249 0.0001646
0.05995 0.0003313 0.0002886 0.000374
0.06579 0.0006836 0.0006018 0.0007689
0.07221 0.00144 0.001279 0.00161
0.07925 0.002946 0.00263 0.003264
0.08697 0.005785 0.005195 0.006371
0.09545000000000001 0.01122 0.01013 0.01231
0.10476 0.02134 0.01938 0.02332
0.11498 0.03979 0.03634 0.04327
0.12619 0.07298 0.06681 0.07911
0.13849 0.1315 0.1211 0.1426
0.15199000000000001 0.2336 0.2152 0.2528
0.16680999999999999 0.4056 0.3742 0.4371
0.18307 0.705 0.6512 0.7588
0.20092 1.207 1.115 1.299
0.22050999999999998 1.963 1.817 2.111
0.24201 3.347 3.106 3.594
0.26561 5.513 5.121 5.92
0.29151 9.083 8.438 9.761
0.31993 14.54 13.49 15.6
0.35112 23.42 21.7 25.05
0.38534999999999997 35.84 33.3 38.4
0.42291999999999996 54.32 50.53 58.22
0.46416 80.65 75.14 86.44
0.50941 116.0 108.5 124.5
0.55908 161.0 150.0 173.1
0.6135900000000001 225.5 209.5 242.4
0.67342 302.1 280.9 323.6
0.73907 399.4 371.2 427.2
0.81113 522.4 485.1 558.7
0.89022 673.5 625.9 720.9
0.9770099999999999 862.6 801.6 922.7
1.07227 1099.0 1023.0 1175.0
1.1768100000000001 1420.0 1326.0 1520.0
1.29155 1860.0 1739.0 1991.0
1.41747 2442.0 2284.0 2611.0
1.5556800000000002 3233.0 3022.0 3453.0
1.70735 4265.0 3987.0 4552.0
1.8738199999999998 5568.0 5206.0 5933.0
2.0565100000000003 7176.0 6705.0 7630.0
2.25702 8916.0 8318.0 9469.0
2.47708 11320.0 10540.0 12000.0
2.71859 13500.0 12580.0 14350.0
2.98365 16220.0 15130.0 17300.0
3.27455 18640.0 17430.0 19890.0
3.59381 21380.0 20010.0 22820.0
3.9442100000000004 24130.0 22480.0 25710.0
4.32876 25970.0 24170.0 27720.0
4.7508099999999995 27830.0 25910.0 29800.0
5.21401 29520.0 27460.0 31660.0
5.72237 30790.0 28570.0 33030.0
6.28029 31890.0 29530.0 34240.0
6.89261 32750.0 30270.0 35220.0
7.564629999999999 32730.0 30170.0 35290.0
8.30218 32510.0 29820.0 35200.0
9.11163 32310.0 29390.0 35230.0
10.0 32400.0 29300.0 35500.0
end
reaction: be9 p -> n b9 ; label: be9+p_to_n+b9 ; table: nacre ; variant: standard
0.001 9.999e-100 9.999e-100 9.999e-100
0.0010999999999999998 9.999e-100 9.999e-100 9.999e-100
0.0012000000000000001 9.999e-100 9.999e-100 9.999e-100
0.00132 9.999e-100 9.999e-100 9.999e-100
0.0014500000000000001 9.999e-100 9.999e-100 9.999e-100
0.00159 9.999e-100 9.999e-100 9.999e-100
0.0017500000000000003 9.999e-100 9.999e-100 9.999e-100
0.0019199999999999998 9.999e-100 9.999e-100 9.999e-100
0.0021000000000000003 9.999e-100 9.999e-100 9.999e-100
0.00231 9.999e-100 9.999e-100 9.999e-100
0.0025399999999999997 9.999e-100 9.999e-100 9.999e-100
0.00278 9.999e-100 9.999e-100 9.999e-100
0.0030499999999999998 9.999e-100 9.999e-100 9.999e-100
0.00335 9.999e-100 9.999e-100 9.999e-100
0.00368 9.999e-100 9.999e-100 9.999e-100
0.00404 9.999e-100 9.999e-100 9.999e-100
0.00443 9.999e-100 9.999e-100 9.999e-100
0.00486 9.999e-100 9.999e-100 9.999e-100
0.00534 9.999e-100 9.999e-100 9.999e-100
0.00586 9.999e-100 9.999e-100 9.999e-100
0.00643 9.999e-100 9.999e-100 9.999e-100
0.007049999999999999 9.999e-100 9.999e-100 9.999e-100
0.0077399999999999995 9.999e-100 9.999e-100 9.999e-100
0.0085 9.999e-100 9.999e-100 9.999e-100
0.00933 9.999e-100 9.999e-100 9.999e-100
0.01024 9.999e-100 9.999e-100 9.999e-100
0.01123 9.999e-100 9.999e-100 9.999e-100
0.01233 9.999e-100 9.999e-100 9.999e-100
0.01353 9.999e-100 9.999e-100 9.999e-100
0.014849999999999999 9.999e-100 9.999e-100 9.999e-100
0.016300000000000002 9.999e-100 9.999e-100 9.999e-100
0.01789 9.999e-100 9.999e-100 9.999e-100
0.01963 9.999e-100 9.999e-100 9.999e-100
0.02154 9.999e-100 9.999e-100 9.999e-100
0.02364 9.999e-100 9.999e-100 9.999e-100
0.02595 9.999e-100 9.999e-100 9.999e-100
0.02848 9.999e-100 9.999e-100 9.999e-100
0.031259999999999996 9.999e-100 9.999e-100 9.999e-100
0.034300000000000004 9.999e-100 9.999e-100 9.999e-100
0.03765 9.999e-100 9.999e-100 9.999e-100
0.04132 9.999e-100 9.999e-100 9.999e-100
0.04535 9.999e-100 9.999e-100 9.999e-100
0.049769999999999995 9.999e-100 9.999e-100 9.999e-100
0.05462 9.999e-100 9.999e-100 9.999e-100
0.05995 9.999e-100 9.999e-100 9.999e-100
0.06579 9.999e-100 9.999e-100 9.999e-100
0.07221 9.999e-100 9.999e-100 9.999e-100
0.07925 9.999e-100 9.999e-100 9.999e-100
0.08697 9.999e-100 9.999e-100 9.999e-100
0.09545000000000001 9.999e-100 9.999e-100 9.999e-100
0.10476 9.999e-100 9.999e-100 9.999e-100
0.11498 9.999e-100 9.999e-100 9.999e-100
0.12619 9.999e-100 9.999e-100 9.999e-100
0.13849 9.999e-100 9.999e-100 9.999e-100
0.15199000000000001 9.999e-100 9.999e-100 9.999e-100
0.16680999999999999 9.999e-100 9.999e-100 9.999e-100
0.18307 9.999e-100 9.999e-100 9.999e-100
0.20092 9.999e-100 9.999e-100 9.999e-100
0.22050999999999998 9.999e-100 9.999e-100 9.999e-100
0.24201 9.999e-100 9.999e-100 9.999e-100
0.26561 9.999e-100 9.999e-100 9.999e-100
0.29151 9.999e-100 9.999e-100 9.999e-100
0.31993 3.495e-22 3.286e-22 3.636e-22
0.35112 1.996e-19 1.878e-19 2.079e-19
0.38534999999999997 3.903e-17 3.68e-17 4.069e-17
0.42291999999999996 5.832e-15 5.511e-15 6.092e-15
0.46416 5.838e-13 5.524e-13 6.115e-13
0.50941 3.59e-11 3.393e-11 3.766e-11
0.55908 1.294e-9 1.222e-9 1.354e-9
0.6135900000000001 5.004e-8 4.724e-8 5.228e-8
0.67342 1.099e-6 1.04e-6 1.151e-6
0.73907 1.987e-5 1.879e-5 2.082e-5
0.81113 0.0002987 0.000282 0.0003127
0.89022 0.003299 0.003126 0.003454
0.9770099999999999 0.02914 0.02761 0.03055
1.07227 0.184 0.1744 0.1932
1.1768100000000001 1.175 1.114 1.234
1.29155 7.069 6.708 7.43
1.41747 31.89 30.28 33.5
1.5556800000000002 138.4 131.4 145.3
1.70735 512.2 486.6 537.8
1.8738199999999998 1660.0 1576.0 1743.0
2.0565100000000003 4907.0 4660.0 5153.0
2.25702 12380.0 11760.0 13000.0
2.47708 34180.0 32480.0 35890.0
2.71859 75190.0 71250.0 78940.0
2.98365 172000.0 162500.0 180500.0
3.27455 335900.0 318200.0 352600.0
3.59381 655800.0 622600.0 688200.0
3.9442100000000004 1.199e6 1.136e6 1.254e6
4.32876 1.976e6 1.871e6 2.07e6
4.7508099999999995 3.315e6 3.138e6 3.485e6
5.21401 5.395e6 5.104e6 5.687e6
5.72237 8.299e6 7.839e6 8.764e6
6.28029 1.249e7 1.18e7 1.322e7
6.89261 1.825e7 1.73e7 1.936e7
7.564629999999999 2.561e7 2.421e7 2.712e7
8.30218 3.544e7 3.341e7 3.75e7
9.11163 4.783e7 4.503e7 5.074e7
10.0 6.3e7 5.93e7 6.7e7
end
reaction: be9 p -> d he4 he4 ; label: be9+p_to_d+he4+he4 ; table: nacre ; variant: standard
0.001 9.999e-100 9.999e-100 9.999e-100
0.0010999999999999998 9.999e-100 9.999e-100 9.999e-100
0.0012000000000000001 9.999e-100 9.999e-100 9.999e-100
0.00132 9.999e-100 9.999e-100 9.999e-100
0.0014500000000000001 9.999e-100 9.999e-100 9.999e-100
0.00159 9.999e-100 9.999e-100 9.999e-100
0.0017500000000000003 9.999e-100 9.999e-100 9.999e-100
0.0019199999999999998 9.999e-100 9.999e-100 9.999e-100
0.0021000000000000003 7.723e-23 4.394e-23 2.106e-22
0.00231 6.168e-22 3.505e-22 1.675e-21
0.0025399999999999997 6.032e-21 3.424e-21 1.629e-20
0.00278 7.369e-20 4.176e-20 1.979e-19
0.0030499999999999998 9.39e-19 5.313e-19 2.507e-18
0.00335 6.271e-18 3.539e-18 1.666e-17
0.00368 5.04e-17 2.837e-17 1.332e-16
0.00404 4.635e-16 2.601e-16 1.217e-15
0.00443 2.755e-15 1.544e-15 7.168e-15
0.00486 1.948e-14 1.09e-14 5.019e-14
0.00534 1.159e-13 6.454e-14 2.959e-13
0.00586 6.964e-13 3.855e-13 1.763e-12
0.00643 3.714e-12 2.049e-12 9.288e-12
0.007049999999999999 2.038e-11 1.121e-11 5.023e-11
0.0077399999999999995 9.663e-11 5.308e-11 2.364e-10
0.0085 4.497e-10 2.454e-10 1.084e-9
0.00933 2.018e-9 1.094e-9 4.787e-9
0.01024 8.586e-9 4.639e-9 2.012e-8
0.01123 3.472e-8 1.868e-8 7.995e-8
0.01233 1.34e-7 7.161e-8 3.033e-7
0.01353 4.958e-7 2.634e-7 1.097e-6
0.014849999999999999 1.773e-6 9.391e-7 3.834e-6
0.016300000000000002 5.967e-6 3.135e-6 1.269e-5
0.01789 1.974e-5 1.029e-5 4.076e-5
0.01963 6.173e-5 3.219e-5 0.0001243
0.02154 0.0001747 9.127e-5 0.0003424
0.02364 0.0005197 0.0002719 0.0009888
0.02595 0.001528 0.0008019 0.00282
0.02848 0.004149 0.002189 0.007432
0.031259999999999996 0.01086 0.005772 0.01885
0.034300000000000004 0.02614 0.01405 0.04389
0.03765 0.06856 0.03727 0.111
0.04132 0.177 0.09776 0.2758
0.04535 0.4044 0.2287 0.6072
0.049769999999999995 1.002 0.5811 1.444
0.05462 2.168 1.297 3.021
0.05995 4.999 3.094 6.718
0.06579 10.47 6.71 13.61
0.07221 22.4 14.92 28.21
0.07925 46.61 32.4 57.21
0.08697 93.91 67.75 112.5
0.09545000000000001 186.6 139.9 219.4
0.10476 364.6 284.0 422.1
0.11498 702.2 565.2 801.8
0.12619 1332.0 1103.0 1502.0
0.13849 2488.0 2111.0 2778.0
0.15199000000000001 4562.0 3962.0 5058.0
0.16680999999999999 8197.0 7213.0 9016.0
0.18307 14790.0 13180.0 16120.0
0.20092 26130.0 23680.0 28490.0
0.22050999999999998 43970.0 40100.0 47770.0
0.24201 77810.0 71480.0 84240.0
0.26561 132900.0 122800.0 143200.0
0.29151 227300.0 211000.0 243600.0
0.31993 377400.0 351500.0 403000.0
0.35112 631500.0 589800.0 672100.0
0.38534999999999997 1.002e6 935700.0 1.067e6
0.42291999999999996 1.572e6 1.472e6 1.672e6
0.46416 2.411e6 2.264e6 2.56e6
0.50941 3.571e6 3.357e6 3.794e6
0.55908 5.079e6 4.773e6 5.387e6
0.6135900000000001 7.285e6 6.844e6 7.717e6
0.67342 9.933e6 9.326e6 1.054e7
0.73907 1.326e7 1.246e7 1.41e7
0.81113 1.738e7 1.635e7 1.851e7
0.89022 2.213e7 2.086e7 2.35e7
0.9770099999999999 2.751e7 2.584e7 2.921e7
1.07227 3.299e7 3.092e7 3.503e7
1.1768100000000001 3.955e7 3.702e7 4.201e7
1.29155 4.705e7 4.399e7 5.002e7
1.41747 5.422e7 5.062e7 5.778e7
1.5556800000000002 6.216e7 5.793e7 6.638e7
1.70735 7.002e7 6.512e7 7.491e7
1.8738199999999998 7.779e7 7.217e7 8.341e7
2.0565100000000003 8.559e7 7.921e7 9.197e7
2.25702 9.265e7 8.558e7 9.973e7
2.47708 1.011e8 9.317e7 1.09e8
2.71859 1.075e8 9.866e7 1.167e8
2.98365 1.145e8 1.046e8 1.254e8
3.27455 1.209e8 1.099e8 1.325e8
3.59381 1.275e8 1.153e8 1.396e8
3.9442100000000004 1.331e8 1.202e8 1.46e8
4.32876 1.375e8 1.239e8 1.515e8
4.7508099999999995 1.422e8 1.277e8 1.574e8
5.21401 1.467e8 1.311e8 1.629e8
5.72237 1.507e8 1.336e8 1.675e8
6.28029 1.544e8 1.361e8 1.717e8
6.89261 1.575e8 1.386e8 1.753e8
7.564629999999999 1.597e8 1.407e8 1.782e8
8.30218 1.616e8 1.423e8 1.809e8
9.11163 1.632e8 1.431e8 1.832e8
10.0 1.65e8 1.44e8 1.85e8
end
reaction: be9 p -> he4 li6 ; label: be9+p_to_he4+li6 ; table: nacre ; variant: standard
0.001 9.999e-100 9.999e-100 9.999e-100
0.0010999999999999998 9.999e-100 9.999e-100 9.999e-100
0.0012000000000000001 9.999e-100 9.999e-100 9.999e-100
0.00132 9.999e-100 9.999e-100 9.999e-100
0.0014500000000000001 9.999e-100 9.999e-100 9.999e-100
0.00159 9.999e-100 9.999e-100 9.999e-100
0.0017500000000000003 9.999e-100 9.999e-100 9.999e-100
0.0019199999999999998 9.999e-100 9.999e-100 9.999e-100
0.0021000000000000003 7.405e-23 4.394e-23 2.106e-22
0.00231 5.915e-22 3.505e-22 1.675e-21
0.0025399999999999997 5.786e-21 3.424e-21 1.629e-20
0.00278 7.069e-20 4.176e-20 1.979e-19
0.0030499999999999998 9.009e-19 5.313e-19 2.507e-18
0.00335 6.016e-18 3.539e-18 1.666e-17
0.00368 4.835e-17 2.837e-17 1.332e-16
0.00404 4.447e-16 2.601e-16 1.217e-15
0.00443 2.645e-15 1.541e-15 7.168e-15
0.00486 1.873e-14 1.086e-14 5.019e-14
0.00534 1.115e-13 6.446e-14 2.959e-13
0.00586 6.716e-13 3.873e-13 1.763e-12
0.00643 3.578e-12 2.053e-12 9.288e-12
0.007049999999999999 1.959e-11 1.117e-11 5.023e-11
0.0077399999999999995 9.317e-11 5.296e-11 2.364e-10
0.0085 4.343e-10 2.452e-10 1.084e-9
0.00933 1.949e-9 1.094e-9 4.787e-9
0.01024 8.298e-9 4.639e-9 2.012e-8
0.01123 3.364e-8 1.867e-8 7.995e-8
0.01233 1.298e-7 7.152e-8 3.033e-7
0.01353 4.807e-7 2.631e-7 1.097e-6
0.014849999999999999 1.713e-6 9.313e-7 3.834e-6
0.016300000000000002 5.794e-6 3.125e-6 1.269e-5
0.01789 1.919e-5 1.029e-5 4.076e-5
0.01963 5.993e-5 3.213e-5 0.0001243
0.02154 0.0001696 9.091e-5 0.0003424
0.02364 0.0005048 0.0002703 0.0009888
0.02595 0.001484 0.0007968 0.00282
0.02848 0.004029 0.00218 0.007432
0.031259999999999996 0.01054 0.005763 0.01885
0.034300000000000004 0.02538 0.01405 0.04389
0.03765 0.06654 0.03736 0.111
0.04132 0.1718 0.09815 0.2758
0.04535 0.3927 0.2295 0.6072
0.049769999999999995 0.973 0.5831 1.444
0.05462 2.113 1.299 3.021
0.05995 4.89 3.094 6.718
0.06579 10.24 6.71 13.61
0.07221 21.94 14.92 28.21
0.07925 45.93 32.4 57.21
0.08697 92.45 67.64 112.5
0.09545000000000001 184.4 139.7 219.4
0.10476 362.1 283.6 422.1
0.11498 698.3 564.6 801.8
0.12619 1325.0 1103.0 1502.0
0.13849 2478.0 2111.0 2778.0
0.15199000000000001 4540.0 3952.0 5055.0
0.16680999999999999 8151.0 7184.0 8978.0
0.18307 14670.0 13060.0 16000.0
0.20092 25820.0 23370.0 28170.0
0.22050999999999998 43110.0 39290.0 46890.0
0.24201 75700.0 69500.0 82050.0
0.26561 128000.0 118100.0 138100.0
0.29151 216400.0 200200.0 232000.0
0.31993 354000.0 328900.0 378300.0
0.35112 582400.0 543900.0 620900.0
0.38534999999999997 909200.0 850600.0 967700.0
0.42291999999999996 1.406e6 1.32e6 1.496e6
0.46416 2.132e6 2.005e6 2.266e6
0.50941 3.127e6 2.935e6 3.319e6
0.55908 4.408e6 4.142e6 4.675e6
0.6135900000000001 6.267e6 5.892e6 6.643e6
0.67342 8.486e6 7.979e6 9.0e6
0.73907 1.13e7 1.061e7 1.199e7
0.81113 1.479e7 1.386e7 1.571e7
0.89022 1.874e7 1.766e7 1.991e7
0.9770099999999999 2.334e7 2.187e7 2.476e7
1.07227 2.804e7 2.622e7 2.978e7
1.1768100000000001 3.368e7 3.149e7 3.584e7
1.29155 4.023e7 3.758e7 4.289e7
1.41747 4.67e7 4.351e7 4.99e7
1.5556800000000002 5.402e7 5.019e7 5.784e7
1.70735 6.151e7 5.702e7 6.6e7
1.8738199999999998 6.912e7 6.386e7 7.438e7
2.0565100000000003 7.697e7 7.084e7 8.314e7
2.25702 8.437e7 7.737e7 9.159e7
2.47708 9.332e7 8.524e7 1.019e8
2.71859 1.009e8 9.168e7 1.101e8
2.98365 1.094e8 9.893e7 1.194e8
3.27455 1.164e8 1.051e8 1.275e8
3.59381 1.238e8 1.115e8 1.362e8
3.9442100000000004 1.308e8 1.171e8 1.446e8
4.32876 1.364e8 1.215e8 1.511e8
4.7508099999999995 1.424e8 1.262e8 1.579e8
5.21401 1.479e8 1.305e8 1.643e8
5.72237 1.524e8 1.34e8 1.699e8
6.28029 1.567e8 1.374e8 1.752e8
6.89261 1.603e8 1.405e8 1.801e8
7.564629999999999 1.632e8 1.432e8 1.838e8
8.30218 1.659e8 1.456e8 1.872e8
9.11163 1.682e8 1.471e8 1.903e8
10.0 1.7e8 1.48e8 1.93e8
end
reaction: be9 he4 -> n c12 ; label: be9+he4_to_n+c12 ; table: nacre ; variant: standard
0.001 9.999e-100 9.999e-100 9.999e-100
0.0010999999999999998 9.999e-100 9.999e-100 9.999e-100
0.0012000000000000001 9.999e-100 9.999e-100 9.999e-100
0.00132 9.999e-100 9.999e-100 9.999e-100
0.0014500000000000001 9.999e-100 9.999e-100 9.999e-100
0.00159 9.999e-100 9.999e-100 9.999e-100
0.0017500000000000003 9.999e-100 9.999e-100 9.999e-100
0.0019199999999999998 9.999e-100 9.999e-100 9.999e-100
0.0021000000000000003 9.999e-100 9.999e-100 9.999e-100
0.00231 9.999e-100 9.999e-100 9.999e-100
0.0025399999999999997 9.999e-100 9.999e-100 9.999e-100
0.00278 9.999e-100 9.999e-100 9.999e-100
0.0030499999999999998 9.999e-100 9.999e-100 9.999e-100
0.00335 9.999e-100 9.999e-100 9.999e-100
0.00368 9.999e-100 9.999e-100 9.999e-100
0.00404 9.999e-100 9.999e-100 9.999e-100
0.00443 9.999e-100 9.999e-100 9.999e-100
0.00486 9.999e-100 9.999e-100 9.999e-100
0.00534 9.999e-100 9.999e-100 9.999e-100
0.00586 9.999e-100 9.999e-100 9.999e-100
0.00643 9.999e-100 9.999e-100 9.999e-100
0.007049999999999999 9.999e-100 9.999e-100 9.999e-100
0.0077399999999999995 9.999e-100 9.999e-100 9.999e-100
0.0085 9.999e-100 9.999e-100 9.999e-100
0.00933 9.999e-100 9.999e-100 9.999e-100
0.01024 9.999e-100 9.999e-100 9.999e-100
0.01123 9.999e-100 9.999e-100 9.999e-100
0.01233 9.999e-100 9.999e-100 9.999e-100
0.01353 9.999e-100 9.999e-100 9.999e-100
0.014849999999999999 9.999e-100 9.999e-100 9.999e-100
0.016300000000000002 9.999e-100 9.999e-100 9.999e-100
0.01789 9.999e-100 9.999e-100 9.999e-100
0.01963 5.163e-24 3.286e-24 2.208e-23
0.02154 6.556e-23 4.069e-23 2.892e-22
0.02364 9.434e-22 5.69e-22 4.307e-21
0.02595 1.336e-20 7.803e-21 6.329e-20
0.02848 1.59e-19 8.958e-20 7.834e-19
0.031259999999999996 1.748e-18 9.522e-19 8.904e-18
0.034300000000000004 1.584e-17 8.392e-18 8.272e-17
0.03765 1.779e-16 9.145e-17 9.551e-16
0.04132 1.937e-15 9.863e-16 1.048e-14
0.04535 1.579e-14 8.341e-15 8.248e-14
0.049769999999999995 1.579e-13 8.685e-14 7.939e-13
0.05462 1.193e-12 7.355e-13 5.202e-12
0.05995 1.067e-11 7.49e-12 3.961e-11
0.06579 8.039e-11 6.263e-11 2.344e-10
0.07221 6.431e-10 5.499e-10 1.47e-9
0.07925 4.771e-9 4.325e-9 8.761e-9
0.08697 2.99e-8 2.799e-8 4.676e-8
0.09545000000000001 1.708e-7 1.632e-7 2.372e-7
0.10476 8.613e-7 8.342e-7 1.108e-6
0.11498 3.826e-6 3.734e-6 4.685e-6
0.12619 1.515e-5 1.481e-5 1.794e-5
0.13849 5.417e-5 5.304e-5 6.299e-5
0.15199000000000001 0.0001766 0.0001729 0.0002034
0.16680999999999999 0.0005353 0.0005189 0.0006144
0.18307 0.001641 0.001574 0.001882
0.20092 0.005063 0.004755 0.005767
0.22050999999999998 0.01503 0.01392 0.01705
0.24201 0.0496 0.04524 0.05605
0.26561 0.1523 0.1377 0.1713
0.29151 0.4694 0.4224 0.5255
0.31993 1.308 1.173 1.459
0.35112 3.621 3.24 4.022
0.38534999999999997 8.575 7.675 9.537
0.42291999999999996 19.56 17.51 21.69
0.46416 41.98 37.62 46.37
0.50941 83.26 74.73 91.96
0.55908 151.8 136.1 167.3
0.6135900000000001 280.7 251.5 308.9
0.67342 475.5 426.9 523.6
0.73907 790.0 710.5 869.4
0.81113 1296.0 1167.0 1424.0
0.89022 2109.0 1893.0 2316.0
0.9770099999999999 3514.0 3155.0 3876.0
1.07227 6140.0 5501.0 6790.0
1.1768100000000001 11330.0 10120.0 12550.0
1.29155 21640.0 19270.0 24020.0
1.41747 41940.0 37300.0 46620.0
1.5556800000000002 81850.0 72620.0 91090.0
1.70735 155300.0 137100.0 172900.0
1.8738199999999998 280100.0 247000.0 312000.0
2.0565100000000003 485500.0 428500.0 541900.0
2.25702 778600.0 687700.0 871500.0
2.47708 1.307e6 1.156e6 1.468e6
2.71859 1.955e6 1.724e6 2.191e6
2.98365 2.981e6 2.621e6 3.333e6
3.27455 4.18e6 3.68e6 4.674e6
3.59381 5.858e6 5.164e6 6.549e6
3.9442100000000004 7.937e6 7.002e6 8.863e6
4.32876 1.024e7 9.041e6 1.143e7
4.7508099999999995 1.334e7 1.18e7 1.489e7
5.21401 1.717e7 1.52e7 1.913e7
5.72237 2.155e7 1.914e7 2.396e7
6.28029 2.684e7 2.389e7 2.977e7
6.89261 3.307e7 2.949e7 3.656e7
7.564629999999999 3.988e7 3.565e7 4.402e7
8.30218 4.78e7 4.284e7 5.268e7
9.11163 5.658e7 5.089e7 6.229e7
10.0 6.6e7 5.95e7 7.26e7
end
reaction: b10 p -> c11 ; label: b10+p_to_c11 ; table: nacre ; variant: standard
0.001 9.999e-100 9.999e-100 9.999e-100
0.0010999999999999998 9.999e-100 9.999e-100 9.999e-100
0.0012000000000000001 9.999e-100 9.999e-100 9.999e-100
0.00132 9.999e-100 9.999e-100 9.999e-100
0.0014500000000000001 9.999e-100 9.999e-100 9.999e-100
0.00159 9.999e-100 9.999e-100 9.999e-100
0.0017500000000000003 9.999e-100 9.999e-100 9.999e-100
0.0019199999999999998 9.999e-100 9.999e-100 9.999e-100
0.0021000000000000003 9.999e-100 9.999e-100 9.999e-100
0.00231 9.999e-100 9.999e-100 9.999e-100
0.0025399999999999997 9.999e-100 9.999e-100 9.999e-100
0.00278 9.999e-100 9.999e-100 9.999e-100
0.0030499999999999998 9.999e-100 9.999e-100 9.999e-100
0.00335 9.999e-100 9.999e-100 9.999e-100
0.00368 9.999e-100 9.999e-100 9.999e-100
0.00404 1.762e-22 1.385e-22 2.272e-22
0.00443 1.401e-21 1.101e-21 1.799e-21
0.00486 1.363e-20 1.072e-20 1.743e-20
0.00534 1.065e-19 8.386e-20 1.359e-19
0.00586 8.348e-19 6.585e-19 1.063e-18
0.00643 5.576e-18 4.398e-18 7.085e-18
0.007049999999999999 3.803e-17 2.999e-17 4.826e-17
0.0077399999999999995 2.172e-16 1.714e-16 2.756e-16
0.0085 1.195e-15 9.445e-16 1.514e-15
0.00933 6.229e-15 4.93e-15 7.887e-15
0.01024 3.03e-14 2.396e-14 3.836e-14
0.01123 1.374e-13 1.088e-13 1.735e-13
0.01233 5.851e-13 4.638e-13 7.415e-13
0.01353 2.358e-12 1.871e-12 2.993e-12
0.014849999999999999 9.062e-12 7.194e-12 1.155e-11
0.016300000000000002 3.259e-11 2.578e-11 4.133e-11
0.01789 1.134e-10 9.008e-11 1.445e-10
0.01963 3.719e-10 2.948e-10 4.727e-10
0.02154 1.087e-9 8.604e-10 1.381e-9
0.02364 3.331e-9 2.634e-9 4.233e-9
0.02595 1.005e-8 7.936e-9 1.277e-8
0.02848 2.776e-8 2.19e-8 3.526e-8
0.031259999999999996 7.342e-8 5.79e-8 9.325e-8
0.034300000000000004 1.768e-7 1.394e-7 2.245e-7
0.03765 4.636e-7 3.656e-7 5.89e-7
0.04132 1.192e-6 9.396e-7 1.515e-6
0.04535 2.687e-6 2.117e-6 3.421e-6
0.049769999999999995 6.559e-6 5.165e-6 8.362e-6
0.05462 1.387e-5 1.092e-5 1.768e-5
0.05995 3.115e-5 2.451e-5 3.969e-5
0.06579 6.284e-5 4.932e-5 7.988e-5
0.07221 0.0001288 0.0001011 0.0001636
0.07925 0.0002548 0.0002007 0.0003244
0.08697 0.0004832 0.0003803 0.0006137
0.09545000000000001 0.0009036 0.0007089 0.001141
0.10476 0.001647 0.001292 0.002075
0.11498 0.002932 0.002309 0.003695
0.12619 0.005139 0.004048 0.006445
0.13849 0.008858 0.006982 0.01106
0.15199000000000001 0.01503 0.01182 0.01866
0.16680999999999999 0.02484 0.01963 0.03061
0.18307 0.04113 0.03255 0.05047
0.20092 0.06685 0.05308 0.08184
0.22050999999999998 0.1031 0.08204 0.1257
0.24201 0.1659 0.1323 0.2015
0.26561 0.2571 0.2052 0.3111
0.29151 0.3965 0.3166 0.4784
0.31993 0.5931 0.474 0.7151
0.35112 0.8894 0.7113 1.073
0.38534999999999997 1.277 1.02 1.535
0.42291999999999996 1.822 1.457 2.187
0.46416 2.569 2.057 3.08
0.50941 3.561 2.851 4.271
0.55908 4.835 3.871 5.798
0.6135900000000001 6.661 5.331 7.985
0.67342 9.007 7.195 10.77
0.73907 12.17 9.713 14.55
0.81113 16.47 13.14 19.71
0.89022 22.17 17.73 26.6
0.9770099999999999 29.73 23.8 35.74
1.07227 39.41 31.54 47.37
1.1768100000000001 53.04 42.42 63.71
1.29155 71.74 57.33 86.12
1.41747 95.4 76.19 114.5
1.5556800000000002 127.2 101.6 152.6
1.70735 167.5 134.1 200.9
1.8738199999999998 217.4 174.2 261.0
2.0565100000000003 279.1 223.7 335.5
2.25702 349.1 279.8 419.5
2.47708 446.4 357.7 536.1
2.71859 543.7 435.6 652.5
2.98365 669.4 536.1 802.7
3.27455 794.5 636.4 955.0
3.59381 943.5 755.8 1136.0
3.9442100000000004 1102.0 882.9 1327.0
4.32876 1256.0 1006.0 1510.0
4.7508099999999995 1440.0 1153.0 1727.0
5.21401 1642.0 1314.0 1967.0
5.72237 1853.0 1481.0 2219.0
6.28029 2085.0 1666.0 2498.0
6.89261 2333.0 1871.0 2803.0
7.564629999999999 2603.0 2085.0 3122.0
8.30218 2905.0 2325.0 3481.0
9.11163 3233.0 2594.0 3881.0
10.0 3600.0 2880.0 4310.0
end
reaction: b10 p -> he4 be7 ; label: b10+p_to_he4+be7 ; table: nacre ; variant: standard
0.001 9.999e-100 9.999e-100 9.999e-100
0.0010999999999999998 9.999e-100 9.999e-100 9.999e-100
0.0012000000000000001 9.999e-100 9.999e-100 9.999e-100
0.00132 9.999e-100 9.999e-100 9.999e-100
0.0014500000000000001 9.999e-100 9.999e-100 9.999e-100
0.00159 9.999e-100 9.999e-100 9.999e-100
0.0017500000000000003 9.999e-100 9.999e-100 9.999e-100
0.0019199999999999998 9.999e-100 9.999e-100 9.999e-100
0.0021000000000000003 9.999e-100 9.999e-100 9.999e-100
0.00231 9.999e-100 9.999e-100 9.999e-100
0.0025399999999999997 9.999e-100 9.999e-100 9.999e-100
0.00278 9.999e-100 9.999e-100 9.999e-100
0.0030499999999999998 1.871e-21 1.437e-21 2.29e-21
0.00335 1.738e-20 1.337e-20 2.13e-20
0.00368 2.007e-19 1.546e-19 2.463e-19
0.00404 2.709e-18 2.089e-18 3.329e-18
0.00443 2.147e-17 1.654e-17 2.638e-17
0.00486 2.083e-16 1.603e-16 2.558e-16
0.00534 1.622e-15 1.249e-15 1.996e-15
0.00586 1.268e-14 9.773e-15 1.562e-14
0.00643 8.45e-14 6.514e-14 1.041e-13
0.007049999999999999 5.756e-13 4.434e-13 7.076e-13
0.0077399999999999995 3.284e-12 2.528e-12 4.035e-12
0.0085 1.807e-11 1.392e-11 2.219e-11
0.00933 9.443e-11 7.29e-11 1.158e-10
0.01024 4.606e-10 3.569e-10 5.644e-10
0.01123 2.095e-9 1.629e-9 2.562e-9
0.01233 8.96e-9 7.014e-9 1.092e-8
0.01353 3.592e-8 2.835e-8 4.358e-8
0.014849999999999999 1.373e-7 1.095e-7 1.65e-7
0.016300000000000002 4.844e-7 3.898e-7 5.779e-7
0.01789 1.675e-6 1.371e-6 1.978e-6
0.01963 5.425e-6 4.505e-6 6.338e-6
0.02154 1.581e-5 1.331e-5 1.827e-5
0.02364 4.842e-5 4.141e-5 5.53e-5
0.02595 0.0001467 0.0001272 0.0001658
0.02848 0.0004099 0.0003591 0.0004603
0.031259999999999996 0.001099 0.0009718 0.001227
0.034300000000000004 0.002688 0.002393 0.002991
0.03765 0.007174 0.006436 0.007949
0.04132 0.01887 0.01704 0.02085
0.04535 0.04401 0.0398 0.04858
0.049769999999999995 0.1115 0.101 0.1229
0.05462 0.2433 0.2207 0.2671
0.05995 0.5654 0.5138 0.618
0.06579 1.19 1.08 1.297
0.07221 2.559 2.322 2.786
0.07925 5.351 4.878 5.831
0.08697 10.5 9.578 11.44
0.09545000000000001 20.01 18.26 21.76
0.10476 37.86 34.52 41.16
0.11498 71.18 64.81 77.38
0.12619 128.0 116.9 139.4
0.13849 222.8 202.5 243.4
0.15199000000000001 381.2 345.8 416.8
0.16680999999999999 620.9 561.8 681.0
0.18307 1014.0 915.2 1115.0
0.20092 1600.0 1447.0 1764.0
0.22050999999999998 2405.0 2170.0 2650.0
0.24201 3761.0 3383.0 4142.0
0.26561 5619.0 5051.0 6189.0
0.29151 8305.0 7468.0 9149.0
0.31993 11760.0 10570.0 12970.0
0.35112 16600.0 14880.0 18320.0
0.38534999999999997 24000.0 21580.0 26480.0
0.42291999999999996 33860.0 30410.0 37370.0
0.46416 47120.0 42210.0 52010.0
0.50941 66110.0 59110.0 72950.0
0.55908 90400.0 80150.0 100100.0
0.6135900000000001 125700.0 110300.0 140000.0
0.67342 172200.0 149400.0 193800.0
0.73907 236800.0 202600.0 269900.0
0.81113 329200.0 276700.0 380700.0
0.89022 470700.0 386700.0 555400.0
0.9770099999999999 656100.0 525600.0 786900.0
1.07227 920000.0 720900.0 1.12e6
1.1768100000000001 1.325e6 1.015e6 1.639e6
1.29155 1.912e6 1.434e6 2.399e6
1.41747 2.683e6 1.977e6 3.394e6
1.5556800000000002 3.801e6 2.757e6 4.845e6
1.70735 5.365e6 3.843e6 6.878e6
1.8738199999999998 7.417e6 5.243e6 9.601e6
2.0565100000000003 1.011e7 7.043e6 1.321e7
2.25702 1.335e7 9.162e6 1.753e7
2.47708 1.812e7 1.223e7 2.391e7
2.71859 2.319e7 1.542e7 3.089e7
2.98365 3.011e7 1.97e7 4.052e7
3.27455 3.712e7 2.382e7 5.046e7
3.59381 4.581e7 2.877e7 6.291e7
3.9442100000000004 5.557e7 3.407e7 7.698e7
4.32876 6.47e7 3.883e7 9.052e7
4.7508099999999995 7.561e7 4.437e7 1.069e8
5.21401 8.72e7 4.998e7 1.244e8
5.72237 9.833e7 5.503e7 1.41e8
6.28029 1.098e8 5.999e7 1.586e8
6.89261 1.209e8 6.456e7 1.766e8
7.564629999999999 1.302e8 6.774e7 1.916e8
8.30218 1.406e8 7.237e7 2.08e8
9.11163 1.532e8 7.981e7 2.268e8
10.0 1.63e8 8.48e7 2.42e8
end
reaction: b11 p -> c12 ; label: b11+p_to_c12 ; table: nacre ; variant: standard
0.001 9.999e-100 9.999e-100 9.999e-100
0.0010999999999999998 9.999e-100 9.999e-100 9.999e-100
0.0012000000000000001 9.999e-100 9.999e-100 9.999e-100
0.00132 9.999e-100 9.999e-100 9.999e-100
0.0014500000000000001 9.999e-100 9.999e-100 9.999e-100
0.00159 9.999e-100 9.999e-100 9.999e-100
0.0017500000000000003 9.999e-100 9.999e-100 9.999e-100
0.0019199999999999998 9.999e-100 9.999e-100 9.999e-100
0.0021000000000000003 9.999e-100 9.999e-100 9.999e-100
0.00231 9.999e-100 9.999e-100 9.999e-100
0.0025399999999999997 9.999e-100 9.999e-100 9.999e-100
0.00278 9.999e-100 9.999e-100 9.999e-100
0.0030499999999999998 9.999e-100 9.999e-100 9.999e-100
0.00335 9.999e-100 9.999e-100 9.999e-100
0.00368 9.999e-100 9.999e-100 9.999e-100
0.00404 1.765e-24 1.497e-24 2.032e-24
0.00443 1.424e-23 1.209e-23 1.639e-23
0.00486 1.409e-22 1.196e-22 1.621e-22
0.00534 1.126e-21 9.574e-22 1.296e-21
0.00586 9.075e-21 7.72e-21 1.043e-20
0.00643 6.556e-20 5.571e-20 7.542e-20
0.007049999999999999 4.956e-19 4.204e-19 5.709e-19
0.0077399999999999995 3.124e-18 2.651e-18 3.6e-18
0.0085 1.903e-17 1.616e-17 2.193e-17
0.00933 1.106e-16 9.394e-17 1.274e-16
0.01024 6.06e-16 5.153e-16 6.986e-16
0.01123 3.135e-15 2.665e-15 3.616e-15
0.01233 1.535e-14 1.302e-14 1.769e-14
0.01353 7.15e-14 6.071e-14 8.23e-14
0.014849999999999999 3.197e-13 2.714e-13 3.681e-13
0.016300000000000002 1.339e-12 1.132e-12 1.536e-12
0.01789 5.446e-12 4.622e-12 6.276e-12
0.01963 2.083e-11 1.773e-11 2.4e-11
0.02154 7.077e-11 6.02e-11 8.152e-11
0.02364 2.547e-10 2.164e-10 2.933e-10
0.02595 9.044e-10 7.678e-10 1.041e-9
0.02848 2.925e-9 2.485e-9 3.369e-9
0.031259999999999996 9.042e-9 7.682e-9 1.042e-8
0.034300000000000004 2.525e-8 2.144e-8 2.907e-8
0.03765 7.791e-8 6.615e-8 8.97e-8
0.04132 2.359e-7 2.003e-7 2.716e-7
0.04535 6.181e-7 5.254e-7 7.126e-7
0.049769999999999995 1.779e-6 1.514e-6 2.054e-6
0.05462 4.377e-6 3.719e-6 5.052e-6
0.05995 1.159e-5 9.827e-6 1.337e-5
0.06579 2.874e-5 2.437e-5 3.314e-5
0.07221 7.85e-5 6.645e-5 9.049e-5
0.07925 0.0002413 0.0002032 0.0002785
0.08697 0.0008824 0.0007439 0.00102
0.09545000000000001 0.003473 0.002922 0.004024
0.10476 0.01361 0.01142 0.01578
0.11498 0.04929 0.04135 0.05715
0.12619 0.1611 0.135 0.1871
0.13849 0.4751 0.3984 0.5519
0.15199000000000001 1.257 1.05 1.46
0.16680999999999999 2.935 2.454 3.404
0.18307 6.529 5.466 7.583
0.20092 13.24 11.08 15.39
0.22050999999999998 22.94 19.22 26.67
0.24201 41.96 35.16 48.75
0.26561 69.34 58.07 80.44
0.29151 110.0 92.01 127.3
0.31993 162.2 135.9 188.1
0.35112 234.2 196.9 272.6
0.38534999999999997 314.0 263.2 364.7
0.42291999999999996 411.0 344.2 476.8
0.46416 521.0 436.5 604.4
0.50941 637.9 534.8 740.5
0.55908 754.3 632.8 877.9
0.6135900000000001 893.5 750.4 1042.0
0.67342 1025.0 862.8 1195.0
0.73907 1171.0 985.2 1362.0
0.81113 1333.0 1120.0 1546.0
0.89022 1507.0 1270.0 1744.0
0.9770099999999999 1712.0 1449.0 1974.0
1.07227 1949.0 1658.0 2240.0
1.1768100000000001 2240.0 1916.0 2565.0
1.29155 2596.0 2232.0 2961.0
1.41747 3017.0 2609.0 3432.0
1.5556800000000002 3527.0 3066.0 3996.0
1.70735 4124.0 3603.0 4648.0
1.8738199999999998 4797.0 4205.0 5385.0
2.0565100000000003 5553.0 4883.0 6215.0
2.25702 6338.0 5592.0 7083.0
2.47708 7328.0 6489.0 8177.0
2.71859 8248.0 7320.0 9199.0
2.98365 9348.0 8314.0 10420.0
3.27455 10360.0 9229.0 11500.0
3.59381 11480.0 10240.0 12720.0
3.9442100000000004 12610.0 11230.0 13990.0
4.32876 13600.0 12140.0 15070.0
4.7508099999999995 14710.0 13160.0 16250.0
5.21401 15830.0 14190.0 17470.0
5.72237 16890.0 15150.0 18630.0
6.28029 18010.0 16160.0 19870.0
6.89261 19190.0 17210.0 21160.0
7.564629999999999 20400.0 18290.0 22510.0
8.30218 21790.0 19530.0 24040.0
9.11163 23440.0 21020.0 25860.0
10.0 25400.0 22900.0 28000.0
end
reaction: b11 p -> n c11 ; label: b11+p_to_n+c11 ; table: nacre ; variant: standard
0.001 9.999e-100 9.999e-100 9.999e-100
0.0010999999999999998 9.999e-100 9.999e-100 9.999e-100
0.0012000000000000001 9.999e-100 9.999e-100 9.999e-100
0.00132 9.999e-100 9.999e-100 9.999e-100
0.0014500000000000001 9.999e-100 9.999e-100 9.999e-100
0.00159 9.999e-100 9.999e-100 9.999e-100
0.0017500000000000003 9.999e-100 9.999e-100 9.999e-100
0.0019199999999999998 9.999e-100 9.999e-100 9.999e-100
0.0021000000000000003 9.999e-100 9.999e-100 9.999e-100
0.00231 9.999e-100 9.999e-100 9.999e-100
0.0025399999999999997 9.999e-100 9.999e-100 9.999e-100
0.00278 9.999e-100 9.999e-100 9.999e-100
0.0030499999999999998 9.999e-100 9.999e-100 9.999e-100
0.00335 9.999e-100 9.999e-100 9.999e-100
0.00368 9.999e-100 9.999e-100 9.999e-100
0.00404 9.999e-100 9.999e-100 9.999e-100
0.00443 9.999e-100 9.999e-100 9.999e-100
0.00486 9.999e-100 9.999e-100 9.999e-100
0.00534 9.999e-100 9.999e-100 9.999e-100
0.00586 9.999e-100 9.999e-100 9.999e-100
0.00643 9.999e-100 9.999e-100 9.999e-100
0.007049999999999999 9.999e-100 9.999e-100 9.999e-100
0.0077399999999999995 9.999e-100 9.999e-100 9.999e-100
0.0085 9.999e-100 9.999e-100 9.999e-100
0.00933 9.999e-100 9.999e-100 9.999e-100
0.01024 9.999e-100 9.999e-100 9.999e-100
0.01123 9.999e-100 9.999e-100 9.999e-100
0.01233 9.999e-100 9.999e-100 9.999e-100
0.01353 9.999e-100 9.999e-100 9.999e-100
0.014849999999999999 9.999e-100 9.999e-100 9.999e-100
0.016300000000000002 9.999e-100 9.999e-100 9.999e-100
0.01789 9.999e-100 9.999e-100 9.999e-100
0.01963 9.999e-100 9.999e-100 9.999e-100
0.02154 9.999e-100 9.999e-100 9.999e-100
0.02364 9.999e-100 9.999e-100 9.999e-100
0.02595 9.999e-100 9.999e-100 9.999e-100
0.02848 9.999e-100 9.999e-100 9.999e-100
0.031259999999999996 9.999e-100 9.999e-100 9.999e-100
0.034300000000000004 9.999e-100 9.999e-100 9.999e-100
0.03765 9.999e-100 9.999e-100 9.999e-100
0.04132 9.999e-100 9.999e-100 9.999e-100
0.04535 9.999e-100 9.999e-100 9.999e-100
0.049769999999999995 9.999e-100 9.999e-100 9.999e-100
0.05462 9.999e-100 9.999e-100 9.999e-100
0.05995 9.999e-100 9.999e-100 9.999e-100
0.06579 9.999e-100 9.999e-100 9.999e-100
0.07221 9.999e-100 9.999e-100 9.999e-100
0.07925 9.999e-100 9.999e-100 9.999e-100
0.08697 9.999e-100 9.999e-100 9.999e-100
0.09545000000000001 9.999e-100 9.999e-100 9.999e-100
0.10476 9.999e-100 9.999e-100 9.999e-100
0.11498 9.999e-100 9.999e-100 9.999e-100
0.12619 9.999e-100 9.999e-100 9.999e-100
0.13849 9.999e-100 9.999e-100 9.999e-100
0.15199000000000001 9.999e-100 9.999e-100 9.999e-100
0.16680999999999999 9.999e-100 9.999e-100 9.999e-100
0.18307 9.999e-100 9.999e-100 9.999e-100
0.20092 9.999e-100 9.999e-100 9.999e-100
0.22050999999999998 9.999e-100 9.999e-100 9.999e-100
0.24201 9.999e-100 9.999e-100 9.999e-100
0.26561 9.999e-100 9.999e-100 9.999e-100
0.29151 9.999e-100 9.999e-100 9.999e-100
0.31993 9.999e-100 9.999e-100 9.999e-100
0.35112 9.999e-100 9.999e-100 9.999e-100
0.38534999999999997 9.999e-100 9.999e-100 9.999e-100
0.42291999999999996 9.999e-100 9.999e-100 9.999e-100
0.46416 1.49e-22 1.337e-22 1.636e-22
0.50941 7.057e-20 6.343e-20 7.777e-20
0.55908 1.486e-17 1.338e-17 1.642e-17
0.6135900000000001 3.473e-15 3.131e-15 3.841e-15
0.67342 3.475e-13 3.128e-13 3.829e-13
0.73907 2.568e-11 2.31e-11 2.826e-11
0.81113 1.428e-9 1.284e-9 1.571e-9
0.89022 4.981e-8 4.479e-8 5.477e-8
0.9770099999999999 1.23e-6 1.107e-6 1.353e-6
1.07227 1.826e-5 1.644e-5 2.007e-5
1.1768100000000001 0.0002736 0.0002464 0.0003007
1.29155 0.003728 0.003361 0.004099
1.41747 0.03274 0.02958 0.03607
1.5556800000000002 0.2705 0.2443 0.2982
1.70735 1.76 1.584 1.938
1.8738199999999998 9.368 8.429 10.31
2.0565100000000003 43.37 39.05 47.69
2.25702 158.5 142.7 174.3
2.47708 657.1 591.5 722.6
2.71859 1949.0 1754.0 2143.0
2.98365 6087.0 5472.0 6693.0
3.27455 15110.0 13600.0 16620.0
3.59381 37280.0 33560.0 41030.0
3.9442100000000004 82860.0 74590.0 91530.0
4.32876 158900.0 143000.0 175300.0
4.7508099999999995 311300.0 280300.0 342700.0
5.21401 581200.0 523800.0 638700.0
5.72237 997600.0 900200.0 1.095e6
6.28029 1.659e6 1.498e6 1.822e6
6.89261 2.645e6 2.387e6 2.911e6
7.564629999999999 3.979e6 3.587e6 4.378e6
8.30218 5.87e6 5.284e6 6.455e6
9.11163 8.385e6 7.539e6 9.214e6
10.0 1.16e7 1.04e7 1.27e7
end
reaction: b11 p -> he4 he4 he4 ; label: b11+p_to_he4+he4+he4 ; table: nacre ; variant: standard
0.001 9.999e-100 9.999e-100 9.999e-100
0.0010999999999999998 9.999e-100 9.999e-100 9.999e-100
0.0012000000000000001 9.999e-100 9.999e-100 9.999e-100
0.00132 9.999e-100 9.999e-100 9.999e-100
0.0014500000000000001 9.999e-100 9.999e-100 9.999e-100
0.00159 9.999e-100 9.999e-100 9.999e-100
0.0017500000000000003 9.999e-100 9.999e-100 9.999e-100
0.0019199999999999998 9.999e-100 9.999e-100 9.999e-100
0.0021000000000000003 9.999e-100 9.999e-100 9.999e-100
0.00231 9.999e-100 9.999e-100 9.999e-100
0.0025399999999999997 9.999e-100 9.999e-100 9.999e-100
0.00278 9.999e-100 9.999e-100 9.999e-100
0.0030499999999999998 7.331e-23 5.337e-23 7.704e-23
0.00335 6.797e-22 4.932e-22 7.143e-22
0.00368 7.831e-21 5.66e-21 8.228e-21
0.00404 1.057e-19 7.607e-20 1.11e-19
0.00443 8.571e-19 6.141e-19 9.006e-19
0.00486 8.524e-18 6.078e-18 8.958e-18
0.00534 6.908e-17 4.915e-17 7.279e-17
0.00586 5.665e-16 4.028e-16 5.995e-16
0.00643 4.037e-15 2.851e-15 4.261e-15
0.007049999999999999 2.974e-14 2.082e-14 3.125e-14
0.0077399999999999995 1.859e-13 1.296e-13 1.954e-13
0.0085 1.132e-12 7.843e-13 1.19e-12
0.00933 6.596e-12 4.543e-12 6.939e-12
0.01024 3.619e-11 2.483e-11 3.812e-11
0.01123 1.872e-10 1.276e-10 1.972e-10
0.01233 9.182e-10 6.188e-10 9.652e-10
0.01353 4.282e-9 2.856e-9 4.498e-9
0.014849999999999999 1.909e-8 1.265e-8 2.01e-8
0.016300000000000002 7.991e-8 5.232e-8 8.408e-8
0.01789 3.265e-7 2.109e-7 3.436e-7
0.01963 1.252e-6 8.012e-7 1.314e-6
0.02154 4.253e-6 2.689e-6 4.462e-6
0.02364 1.529e-5 9.542e-6 1.606e-5
0.02595 5.424e-5 3.349e-5 5.705e-5
0.02848 0.0001754 0.0001076 0.0001847
0.031259999999999996 0.0005428 0.0003335 0.0005715
0.034300000000000004 0.001519 0.000945 0.001597
0.03765 0.004702 0.002964 0.004934
0.04132 0.01425 0.009156 0.01496
0.04535 0.03726 0.02463 0.03932
0.049769999999999995 0.107 0.07296 0.1136
0.05462 0.2629 0.1828 0.2801
0.05995 0.6954 0.4932 0.7439
0.06579 1.635 1.168 1.758
0.07221 3.943 2.831 4.264
0.07925 9.224 6.605 10.04
0.08697 20.67 14.65 22.76
0.09545000000000001 46.09 32.13 51.5
0.10476 101.7 69.29 115.7
0.11498 222.0 146.8 258.2
0.12619 477.3 305.9 572.1
0.13849 1014.0 627.1 1256.0
0.15199000000000001 2106.0 1263.0 2666.0
0.16680999999999999 4179.0 2437.0 5397.0
0.18307 8219.0 4677.0 10780.0
0.20092 15490.0 8674.0 20510.0
0.22050999999999998 26500.0 14730.0 35080.0
0.24201 47800.0 26350.0 63230.0
0.26561 81030.0 44430.0 106400.0
0.29151 135200.0 73890.0 175600.0
0.31993 216600.0 118800.0 277000.0
0.35112 346800.0 191700.0 435800.0
0.38534999999999997 530300.0 295100.0 654500.0
0.42291999999999996 810800.0 456000.0 981700.0
0.46416 1.228e6 699500.0 1.461e6
0.50941 1.827e6 1.051e6 2.143e6
0.55908 2.674e6 1.544e6 3.083e6
0.6135900000000001 3.978e6 2.308e6 4.51e6
0.67342 5.743e6 3.354e6 6.437e6
0.73907 8.234e6 4.832e6 9.129e6
0.81113 1.173e7 6.911e6 1.288e7
0.89022 1.632e7 9.687e6 1.786e7
0.9770099999999999 2.217e7 1.32e7 2.422e7
1.07227 2.895e7 1.728e7 3.156e7
1.1768100000000001 3.796e7 2.271e7 4.132e7
1.29155 4.937e7 2.962e7 5.367e7
1.41747 6.159e7 3.71e7 6.69e7
1.5556800000000002 7.628e7 4.603e7 8.276e7
1.70735 9.202e7 5.543e7 9.966e7
1.8738199999999998 1.082e8 6.549e7 1.176e8
2.0565100000000003 1.252e8 7.61e7 1.364e8
2.25702 1.415e8 8.567e7 1.535e8
2.47708 1.617e8 9.757e7 1.746e8
2.71859 1.777e8 1.068e8 1.923e8
2.98365 1.958e8 1.173e8 2.127e8
3.27455 2.104e8 1.26e8 2.289e8
3.59381 2.258e8 1.345e8 2.462e8
3.9442100000000004 2.406e8 1.401e8 2.623e8
4.32876 2.534e8 1.442e8 2.772e8
4.7508099999999995 2.674e8 1.484e8 2.938e8
5.21401 2.816e8 1.523e8 3.11e8
5.72237 2.952e8 1.553e8 3.282e8
6.28029 3.098e8 1.595e8 3.472e8
6.89261 3.252e8 1.65e8 3.682e8
7.564629999999999 3.424e8 1.666e8 3.925e8
8.30218 3.617e8 1.67e8 4.201e8
9.11163 3.826e8 1.67e8 4.511e8
10.0 4.04e8 1.67e8 4.85e8
end
reaction: c12 p -> n13 ; label: c12+p_to_n13 ; table: nacre ; variant: standard
0.001 9.999e-100 9.999e-100 9.999e-100
0.0010999999999999998 9.999e-100 9.999e-100 9.999e-100
0.0012000000000000001 9.999e-100 9.999e-100 9.999e-100
0.00132 9.999e-100 9.999e-100 9.999e-100
0.0014500000000000001 9.999e-100 9.999e-100 9.999e-100
0.00159 9.999e-100 9.999e-100 9.999e-100
0.0017500000000000003 9.999e-100 9.999e-100 9.999e-100
0.0019199999999999998 9.999e-100 9.999e-100 9.999e-100
0.0021000000000000003 9.999e-100 9.999e-100 9.999e-100
0.00231 9.999e-100 9.999e-100 9.999e-100
0.0025399999999999997 9.999e-100 9.999e-100 9.999e-100
0.00278 9.999e-100 9.999e-100 9.999e-100
0.0030499999999999998 9.999e-100 9.999e-100 9.999e-100
0.00335 9.999e-100 9.999e-100 9.999e-100
0.00368 9.999e-100 9.999e-100 9.999e-100
0.00404 9.999e-100 9.999e-100 9.999e-100
0.00443 9.999e-100 9.999e-100 9.999e-100
0.00486 9.999e-100 9.999e-100 9.999e-100
0.00534 9.999e-100 9.999e-100 9.999e-100
0.00586 9.999e-100 9.999e-100 9.999e-100
0.00643 5.892e-24 5.31e-24 6.479e-24
0.007049999999999999 5.703e-23 5.137e-23 6.281e-23
0.0077399999999999995 4.585e-22 4.14e-22 5.045e-22
0.0085 3.583e-21 3.232e-21 3.941e-21
0.00933 2.668e-20 2.408e-20 2.937e-20
0.01024 1.859e-19 1.683e-19 2.047e-19
0.01123 1.213e-18 1.091e-18 1.334e-18
0.01233 7.406e-18 6.671e-18 8.152e-18
0.01353 4.278e-17 3.856e-17 4.711e-17
0.014849999999999999 2.362e-16 2.129e-16 2.602e-16
0.016300000000000002 1.211e-15 1.089e-15 1.331e-15
0.01789 6.044e-15 5.438e-15 6.65e-15
0.01963 2.811e-14 2.528e-14 3.093e-14
0.02154 1.142e-13 1.027e-13 1.255e-13
0.02364 4.962e-13 4.46e-13 5.437e-13
0.02595 2.122e-12 1.908e-12 2.325e-12
0.02848 8.153e-12 7.344e-12 8.975e-12
0.031259999999999996 2.98e-11 2.686e-11 3.289e-11
0.034300000000000004 9.723e-11 8.758e-11 1.072e-10
0.03765 3.559e-10 3.203e-10 3.92e-10
0.04132 1.275e-9 1.147e-9 1.404e-9
0.04535 3.878e-9 3.489e-9 4.266e-9
0.049769999999999995 1.314e-8 1.183e-8 1.445e-8
0.05462 3.691e-8 3.328e-8 4.069e-8
0.05995 1.128e-7 1.019e-7 1.246e-7
0.06579 3.021e-7 2.724e-7 3.332e-7
0.07221 8.324e-7 7.498e-7 9.167e-7
0.07925 2.208e-6 1.991e-6 2.433e-6
0.08697 5.559e-6 5.003e-6 6.116e-6
0.09545000000000001 1.377e-5 1.238e-5 1.515e-5
0.10476 3.325e-5 2.99e-5 3.659e-5
0.11498 7.819e-5 7.056e-5 8.615e-5
0.12619 0.00018 0.0001626 0.0001984
0.13849 0.0004074 0.0003667 0.0004483
0.15199000000000001 0.0009002 0.0008098 0.0009896
0.16680999999999999 0.001935 0.00174 0.00213
0.18307 0.004188 0.003766 0.00461
0.20092 0.008961 0.008071 0.009861
0.22050999999999998 0.01849 0.01665 0.02034
0.24201 0.04094 0.03685 0.04503
0.26561 0.09121 0.08207 0.1002
0.29151 0.2111 0.1899 0.2317
0.31993 0.4896 0.4412 0.5385
0.35112 1.181 1.068 1.304
0.38534999999999997 2.682 2.418 2.954
0.42291999999999996 5.984 5.381 6.576
0.46416 12.81 11.51 14.08
0.50941 25.56 22.98 28.14
0.55908 46.69 41.99 51.38
0.6135900000000001 86.19 77.49 94.84
0.67342 144.1 129.1 158.4
0.73907 231.0 207.2 254.1
0.81113 356.2 320.4 392.1
0.89022 517.5 465.1 570.0
0.9770099999999999 717.4 644.7 790.8
1.07227 931.2 836.1 1027.0
1.1768100000000001 1203.0 1079.0 1328.0
1.29155 1531.0 1371.0 1691.0
1.41747 1842.0 1648.0 2036.0
1.5556800000000002 2190.0 1958.0 2420.0
1.70735 2519.0 2250.0 2780.0
1.8738199999999998 2811.0 2512.0 3109.0
2.0565100000000003 3077.0 2748.0 3414.0
2.25702 3286.0 2927.0 3651.0
2.47708 3533.0 3137.0 3930.0
2.71859 3663.0 3242.0 4084.0
2.98365 3792.0 3344.0 4240.0
3.27455 3855.0 3383.0 4326.0
3.59381 3907.0 3410.0 4405.0
3.9442100000000004 3936.0 3410.0 4461.0
4.32876 3920.0 3367.0 4473.0
4.7508099999999995 3895.0 3312.0 4478.0
5.21401 3865.0 3250.0 4480.0
5.72237 3829.0 3178.0 4480.0
6.28029 3776.0 3091.0 4463.0
6.89261 3703.0 2988.0 4426.0
7.564629999999999 3662.0 2907.0 4414.0
8.30218 3603.0 2811.0 4389.0
9.11163 3523.0 2699.0 4349.0
10.0 3550.0 2690.0 4420.0
end
reaction: c12 he4 -> o16 ; label: c12+he4_to_o16 ; table: nacre ; variant: standard
0.001 9.999e-100 9.999e-100 9.999e-100
0.0010999999999999998 9.999e-100 9.999e-100 9.999e-100
0.0012000000000000001 9.999e-100 9.999e-100 9.999e-100
0.00132 9.999e-100 9.999e-100 9.999e-100
0.0014500000000000001 9.999e-100 9.999e-100 9.999e-100
0.00159 9.999e-100 9.999e-100 9.999e-100
0.0017500000000000003 9.999e-100 9.999e-100 9.999e-100
0.0019199999999999998 9.999e-100 9.999e-100 9.999e-100
0.0021000000000000003 9.999e-100 9.999e-100 9.999e-100
0.00231 9.999e-100 9.999e-100 9.999e-100
0.0025399999999999997 9.999e-100 9.999e-100 9.999e-100
0.00278 9.999e-100 9.999e-100 9.999e-100
0.0030499999999999998 9.999e-100 9.999e-100 9.999e-100
0.00335 9.999e-100 9.999e-100 9.999e-100
0.00368 9.999e-100 9.999e-100 9.999e-100
0.00404 9.999e-100 9.999e-100 9.999e-100
0.00443 9.999e-100 9.999e-100 9.999e-100
0.00486 9.999e-100 9.999e-100 9.999e-100
0.00534 9.999e-100 9.999e-100 9.999e-100
0.00586 9.999e-100 9.999e-100 9.999e-100
0.00643 9.999e-100 9.999e-100 9.999e-100
0.007049999999999999 9.999e-100 9.999e-100 9.999e-100
0.0077399999999999995 9.999e-100 9.999e-100 9.999e-100
0.0085 9.999e-100 9.999e-100 9.999e-100
0.00933 9.999e-100 9.999e-100 9.999e-100
0.01024 9.999e-100 9.999e-100 9.999e-100
0.01123 9.999e-100 9.999e-100 9.999e-100
0.01233 9.999e-100 9.999e-100 9.999e-100
0.01353 9.999e-100 9.999e-100 9.999e-100
0.014849999999999999 9.999e-100 9.999e-100 9.999e-100
0.016300000000000002 9.999e-100 9.999e-100 9.999e-100
0.01789 9.999e-100 9.999e-100 9.999e-100
0.01963 9.999e-100 9.999e-100 9.999e-100
0.02154 9.999e-100 9.999e-100 9.999e-100
0.02364 9.999e-100 9.999e-100 9.999e-100
0.02595 9.999e-100 9.999e-100 9.999e-100
0.02848 9.999e-100 9.999e-100 9.999e-100
0.031259999999999996 9.999e-100 9.999e-100 9.999e-100
0.034300000000000004 9.999e-100 9.999e-100 9.999e-100
0.03765 9.999e-100 9.999e-100 9.999e-100
0.04132 9.999e-100 9.999e-100 9.999e-100
0.04535 9.999e-100 9.999e-100 9.999e-100
0.049769999999999995 9.999e-100 9.999e-100 9.999e-100
0.05462 9.999e-100 9.999e-100 9.999e-100
0.05995 9.999e-100 9.999e-100 9.999e-100
0.06579 9.702e-25 5.712e-25 1.37e-24
0.07221 1.009e-23 5.934e-24 1.424e-23
0.07925 9.593e-23 5.631e-23 1.353e-22
0.08697 7.974e-22 4.691e-22 1.125e-21
0.09545000000000001 6.34e-21 3.722e-21 8.938e-21
0.10476 4.712e-20 2.77e-20 6.652e-20
0.11498 3.268e-19 1.929e-19 4.626e-19
0.12619 2.126e-18 1.256e-18 3.001e-18
0.13849 1.299e-17 7.701e-18 1.831e-17
0.15199000000000001 7.414e-17 4.4e-17 1.042e-16
0.16680999999999999 3.879e-16 2.298e-16 5.437e-16
0.18307 2.013e-15 1.197e-15 2.817e-15
0.20092 9.729e-15 5.811e-15 1.367e-14
0.22050999999999998 3.928e-14 2.352e-14 5.504e-14
0.24201 1.817e-13 1.091e-13 2.539e-13
0.26561 7.444e-13 4.487e-13 1.038e-12
0.29151 3.005e-12 1.82e-12 4.189e-12
0.31993 1.114e-11 6.771e-12 1.549e-11
0.35112 4.191e-11 2.559e-11 5.813e-11
0.38534999999999997 1.385e-10 8.539e-11 1.919e-10
0.42291999999999996 4.523e-10 2.812e-10 6.254e-10
0.46416 1.428e-9 8.949e-10 1.966e-9
0.50941 4.272e-9 2.698e-9 5.844e-9
0.55908 1.186e-8 7.544e-9 1.615e-8
0.6135900000000001 3.431e-8 2.203e-8 4.65e-8
0.67342 9.083e-8 5.922e-8 1.228e-7
0.73907 2.366e-7 1.563e-7 3.177e-7
0.81113 6.079e-7 4.069e-7 8.089e-7
0.89022 1.486e-6 1.01e-6 1.963e-6
0.9770099999999999 3.523e-6 2.428e-6 4.618e-6
1.07227 7.814e-6 5.476e-6 1.016e-5
1.1768100000000001 1.787e-5 1.277e-5 2.301e-5
1.29155 4.14e-5 3.021e-5 5.269e-5
1.41747 9.119e-5 6.809e-5 0.0001143
1.5556800000000002 0.0002055 0.0001573 0.0002538
1.70735 0.0004594 0.0003604 0.0005584
1.8738199999999998 0.001024 0.0008242 0.001223
2.0565100000000003 0.002289 0.001888 0.002692
2.25702 0.004967 0.004171 0.005781
2.47708 0.01162 0.009956 0.01338
2.71859 0.02469 0.02129 0.0282
2.98365 0.05528 0.04794 0.06264
3.27455 0.1126 0.09794 0.1277
3.59381 0.2336 0.2031 0.2652
3.9442100000000004 0.4674 0.4034 0.5325
4.32876 0.8748 0.7455 1.008
4.7508099999999995 1.697 1.425 1.985
5.21401 3.261 2.689 3.881
5.72237 6.074 4.89 7.388
6.28029 11.18 8.787 13.9
6.89261 20.19 15.48 25.68
7.564629999999999 34.57 25.83 44.75
8.30218 58.21 42.45 76.75
9.11163 94.64 67.55 127.1
10.0 146.4 102.0 198.0
end
reaction: c13 p -> n14 ; label: c13+p_to_n14 ; table: nacre ; variant: standard
0.001 9.999e-100 9.999e-100 9.999e-100
0.0010999999999999998 9.999e-100 9.999e-100 9.999e-100
0.0012000000000000001 9.999e-100 9.999e-100 9.999e-100
0.00132 9.999e-100 9.999e-100 9.999e-100
0.0014500000000000001 9.999e-100 9.999e-100 9.999e-100
0.00159 9.999e-100 9.999e-100 9.999e-100
0.0017500000000000003 9.999e-100 9.999e-100 9.999e-100
0.0019199999999999998 9.999e-100 9.999e-100 9.999e-100
0.0021000000000000003 9.999e-100 9.999e-100 9.999e-100
0.00231 9.999e-100 9.999e-100 9.999e-100
0.0025399999999999997 9.999e-100 9.999e-100 9.999e-100
0.00278 9.999e-100 9.999e-100 9.999e-100
0.0030499999999999998 9.999e-100 9.999e-100 9.999e-100
0.00335 9.999e-100 9.999e-100 9.999e-100
0.00368 9.999e-100 9.999e-100 9.999e-100
0.00404 9.999e-100 9.999e-100 9.999e-100
0.00443 9.999e-100 9.999e-100 9.999e-100
0.00486 9.999e-100 9.999e-100 9.999e-100
0.00534 9.999e-100 9.999e-100 9.999e-100
0.00586 9.999e-100 9.999e-100 9.999e-100
0.00643 9.999e-100 9.999e-100 9.999e-100
0.007049999999999999 2.362e-22 1.877e-22 2.835e-22
0.0077399999999999995 1.901e-21 1.512e-21 2.289e-21
0.0085 1.486e-20 1.182e-20 1.79e-20
0.00933 1.107e-19 8.81e-20 1.332e-19
0.01024 7.714e-19 6.144e-19 9.271e-19
0.01123 5.02e-18 4.004e-18 6.029e-18
0.01233 3.069e-17 2.443e-17 3.686e-17
0.01353 1.772e-16 1.411e-16 2.132e-16
0.014849999999999999 9.778e-16 7.788e-16 1.176e-15
0.016300000000000002 4.986e-15 3.986e-15 5.994e-15
0.01789 2.487e-14 1.988e-14 2.979e-14
0.01963 1.153e-13 9.209e-14 1.378e-13
0.02154 4.663e-13 3.728e-13 5.578e-13
0.02364 2.015e-12 1.613e-12 2.414e-12
0.02595 8.582e-12 6.879e-12 1.029e-11
0.02848 3.292e-11 2.643e-11 3.944e-11
0.031259999999999996 1.201e-10 9.649e-11 1.437e-10
0.034300000000000004 3.905e-10 3.141e-10 4.668e-10
0.03765 1.425e-9 1.147e-9 1.701e-9
0.04132 5.088e-9 4.1e-9 6.066e-9
0.04535 1.54e-8 1.244e-8 1.835e-8
0.049769999999999995 5.192e-8 4.205e-8 6.187e-8
0.05462 1.458e-7 1.181e-7 1.737e-7
0.05995 4.452e-7 3.611e-7 5.302e-7
0.06579 1.187e-6 9.636e-7 1.411e-6
0.07221 3.257e-6 2.648e-6 3.863e-6
0.07925 8.625e-6 7.028e-6 1.019e-5
0.08697 2.163e-5 1.767e-5 2.555e-5
0.09545000000000001 5.334e-5 4.369e-5 6.3e-5
0.10476 0.0001284 0.0001052 0.0001513
0.11498 0.0003007 0.0002468 0.0003536
0.12619 0.0006856 0.0005657 0.0008049
0.13849 0.001535 0.001271 0.001799
0.15199000000000001 0.003332 0.002767 0.003898
0.16680999999999999 0.006995 0.005839 0.008161
0.18307 0.01473 0.01236 0.01711
0.20092 0.03021 0.02547 0.03505
0.22050999999999998 0.05788 0.04897 0.0669
0.24201 0.1181 0.1004 0.136
0.26561 0.2331 0.1995 0.2667
0.29151 0.4637 0.4009 0.5264
0.31993 0.9433 0.8277 1.059
0.35112 2.01 1.796 2.224
0.38534999999999997 4.344 3.953 4.729
0.42291999999999996 9.681 8.958 10.37
0.46416 21.87 20.33 23.72
0.50941 48.22 44.13 55.32
0.55908 99.88 90.64 111.9
0.6135900000000001 211.0 189.4 232.7
0.67342 405.0 357.5 453.0
0.73907 755.1 663.3 850.1
0.81113 1365.0 1203.0 1537.0
0.89022 2281.0 2000.0 2571.0
0.9770099999999999 3574.0 3129.0 4022.0
1.07227 5130.0 4487.0 5774.0
1.1768100000000001 7325.0 6402.0 8254.0
1.29155 10250.0 8950.0 11560.0
1.41747 13310.0 11630.0 15060.0
1.5556800000000002 17060.0 14850.0 19350.0
1.70735 21030.0 18150.0 23930.0
1.8738199999999998 25050.0 21440.0 28650.0
2.0565100000000003 29150.0 24710.0 33590.0
2.25702 32780.0 27420.0 38180.0
2.47708 37300.0 30730.0 43950.0
2.71859 40670.0 32870.0 48530.0
2.98365 44460.0 35150.0 53760.0
3.27455 47220.0 36380.0 58050.0
3.59381 50000.0 37450.0 62530.0
3.9442100000000004 52320.0 38010.0 66540.0
4.32876 53830.0 37970.0 69550.0
4.7508099999999995 55310.0 37800.0 72680.0
5.21401 56450.0 37420.0 75400.0
5.72237 57060.0 36760.0 77330.0
6.28029 57240.0 35870.0 78600.0
6.89261 56890.0 34740.0 79030.0
7.564629999999999 56110.0 33570.0 78590.0
8.30218 55040.0 32370.0 77670.0
9.11163 53570.0 31140.0 76080.0
10.0 51490.0 29640.0 73340.0
end
reaction: c13 p -> n n13 ; label: c13+p_to_n+n13 ; table: nacre ; variant: standard
0.001 9.999e-100 9.999e-100 9.999e-100
0.0010999999999999998 9.999e-100 9.999e-100 9.999e-100
0.0012000000000000001 9.999e-100 9.999e-100 9.999e-100
0.00132 9.999e-100 9.999e-100 9.999e-100
0.0014500000000000001 9.999e-100 9.999e-100 9.999e-100
0.00159 9.999e-100 9.999e-100 9.999e-100
0.0017500000000000003 9.999e-100 9.999e-100 9.999e-100
0.0019199999999999998 9.999e-100 9.999e-100 9.999e-100
0.0021000000000000003 9.999e-100 9.999e-100 9.999e-100
0.00231 9.999e-100 9.999e-100 9.999e-100
0.0025399999999999997 9.999e-100 9.999e-100 9.999e-100
0.00278 9.999e-100 9.999e-100 9.999e-100
0.0030499999999999998 9.999e-100 9.999e-100 9.999e-100
0.00335 9.999e-100 9.999e-100 9.999e-100
0.00368 9.999e-100 9.999e-100 9.999e-100
0.00404 9.999e-100 9.999e-100 9.999e-100
0.00443 9.999e-100 9.999e-100 9.999e-100
0.00486 9.999e-100 9.999e-100 9.999e-100
0.00534 9.999e-100 9.999e-100 9.999e-100
0.00586 9.999e-100 9.999e-100 9.999e-100
0.00643 9.999e-100 9.999e-100 9.999e-100
0.007049999999999999 9.999e-100 9.999e-100 9.999e-100
0.0077399999999999995 9.999e-100 9.999e-100 9.999e-100
0.0085 9.999e-100 9.999e-100 9.999e-100
0.00933 9.999e-100 9.999e-100 9.999e-100
0.01024 9.999e-100 9.999e-100 9.999e-100
0.01123 9.999e-100 9.999e-100 9.999e-100
0.01233 9.999e-100 9.999e-100 9.999e-100
0.01353 9.999e-100 9.999e-100 9.999e-100
0.014849999999999999 9.999e-100 9.999e-100 9.999e-100
0.016300000000000002 9.999e-100 9.999e-100 9.999e-100
0.01789 9.999e-100 9.999e-100 9.999e-100
0.01963 9.999e-100 9.999e-100 9.999e-100
0.02154 9.999e-100 9.999e-100 9.999e-100
0.02364 9.999e-100 9.999e-100 9.999e-100
0.02595 9.999e-100 9.999e-100 9.999e-100
0.02848 9.999e-100 9.999e-100 9.999e-100
0.031259999999999996 9.999e-100 9.999e-100 9.999e-100
0.034300000000000004 9.999e-100 9.999e-100 9.999e-100
0.03765 9.999e-100 9.999e-100 9.999e-100
0.04132 9.999e-100 9.999e-100 9.999e-100
0.04535 9.999e-100 9.999e-100 9.999e-100
0.049769999999999995 9.999e-100 9.999e-100 9.999e-100
0.05462 9.999e-100 9.999e-100 9.999e-100
0.05995 9.999e-100 9.999e-100 9.999e-100
0.06579 9.999e-100 9.999e-100 9.999e-100
0.07221 9.999e-100 9.999e-100 9.999e-100
0.07925 9.999e-100 9.999e-100 9.999e-100
0.08697 9.999e-100 9.999e-100 9.999e-100
0.09545000000000001 9.999e-100 9.999e-100 9.999e-100
0.10476 9.999e-100 9.999e-100 9.999e-100
0.11498 9.999e-100 9.999e-100 9.999e-100
0.12619 9.999e-100 9.999e-100 9.999e-100
0.13849 9.999e-100 9.999e-100 9.999e-100
0.15199000000000001 9.999e-100 9.999e-100 9.999e-100
0.16680999999999999 9.999e-100 9.999e-100 9.999e-100
0.18307 9.999e-100 9.999e-100 9.999e-100
0.20092 9.999e-100 9.999e-100 9.999e-100
0.22050999999999998 9.999e-100 9.999e-100 9.999e-100
0.24201 9.999e-100 9.999e-100 9.999e-100
0.26561 9.999e-100 9.999e-100 9.999e-100
0.29151 9.999e-100 9.999e-100 9.999e-100
0.31993 9.999e-100 9.999e-100 9.999e-100
0.35112 9.999e-100 9.999e-100 9.999e-100
0.38534999999999997 9.999e-100 9.999e-100 9.999e-100
0.42291999999999996 9.999e-100 9.999e-100 9.999e-100
0.46416 9.999e-100 9.999e-100 9.999e-100
0.50941 1.927e-22 1.513e-22 2.341e-22
0.55908 6.521e-20 5.204e-20 7.831e-20
0.6135900000000001 2.467e-17 2.001e-17 2.931e-17
0.67342 3.686e-15 3.022e-15 4.355e-15
0.73907 3.958e-13 3.277e-13 4.654e-13
0.81113 3.117e-11 2.601e-11 3.647e-11
0.89022 1.482e-9 1.24e-9 1.72e-9
0.9770099999999999 4.814e-8 4.043e-8 5.587e-8
1.07227 8.978e-7 7.548e-7 1.04e-6
1.1768100000000001 1.691e-5 1.422e-5 1.952e-5
1.29155 0.0002872 0.0002417 0.0003309
1.41747 0.003031 0.002557 0.003497
1.5556800000000002 0.02991 0.02529 0.03454
1.70735 0.2277 0.1927 0.2628
1.8738199999999998 1.399 1.181 1.616
2.0565100000000003 7.412 6.247 8.578
2.25702 30.61 25.76 35.46
2.47708 145.1 122.0 168.3
2.71859 482.2 404.9 559.5
2.98365 1699.0 1425.0 1972.0
3.27455 4678.0 3921.0 5440.0
3.59381 12870.0 10780.0 14980.0
3.9442100000000004 31970.0 26790.0 37160.0
4.32876 67940.0 56930.0 79040.0
4.7508099999999995 148400.0 124400.0 173000.0
5.21401 309800.0 259500.0 361200.0
5.72237 594500.0 497300.0 692400.0
6.28029 1.101e6 919400.0 1.281e6
6.89261 1.944e6 1.619e6 2.26e6
7.564629999999999 3.26e6 2.723e6 3.784e6
8.30218 5.337e6 4.471e6 6.195e6
9.11163 8.351e6 7.001e6 9.712e6
10.0 1.274e7 1.068e7 1.477e7
end
reaction: c13 he4 -> n o16 ; label: c13+he4_to_n+o16 ; table: nacre ; variant: standard
0.001 9.999e-100 9.999e-100 9.999e-100
0.0010999999999999998 9.999e-100 9.999e-100 9.999e-100
0.0012000000000000001 9.999e-100 9.999e-100 9.999e-100
0.00132 9.999e-100 9.999e-100 9.999e-100
0.0014500000000000001 9.999e-100 9.999e-100 9.999e-100
0.00159 9.999e-100 9.999e-100 9.999e-100
0.0017500000000000003 9.999e-100 9.999e-100 9.999e-100
0.0019199999999999998 9.999e-100 9.999e-100 9.999e-100
0.0021000000000000003 9.999e-100 9.999e-100 9.999e-100
0.00231 9.999e-100 9.999e-100 9.999e-100
0.0025399999999999997 9.999e-100 9.999e-100 9.999e-100
0.00278 9.999e-100 9.999e-100 9.999e-100
0.0030499999999999998 9.999e-100 9.999e-100 9.999e-100
0.00335 9.999e-100 9.999e-100 9.999e-100
0.00368 9.999e-100 9.999e-100 9.999e-100
0.00404 9.999e-100 9.999e-100 9.999e-100
0.00443 9.999e-100 9.999e-100 9.999e-100
0.00486 9.999e-100 9.999e-100 9.999e-100
0.00534 9.999e-100 9.999e-100 9.999e-100
0.00586 9.999e-100 9.999e-100 9.999e-100
0.00643 9.999e-100 9.999e-100 9.999e-100
0.007049999999999999 9.999e-100 9.999e-100 9.999e-100
0.0077399999999999995 9.999e-100 9.999e-100 9.999e-100
0.0085 9.999e-100 9.999e-100 9.999e-100
0.00933 9.999e-100 9.999e-100 9.999e-100
0.01024 9.999e-100 9.999e-100 9.999e-100
0.01123 9.999e-100 9.999e-100 9.999e-100
0.01233 9.999e-100 9.999e-100 9.999e-100
0.01353 9.999e-100 9.999e-100 9.999e-100
0.014849999999999999 9.999e-100 9.999e-100 9.999e-100
0.016300000000000002 9.999e-100 9.999e-100 9.999e-100
0.01789 9.999e-100 9.999e-100 9.999e-100
0.01963 9.999e-100 9.999e-100 9.999e-100
0.02154 9.999e-100 9.999e-100 9.999e-100
0.02364 9.999e-100 9.999e-100 9.999e-100
0.02595 9.999e-100 9.999e-100 9.999e-100
0.02848 9.999e-100 9.999e-100 9.999e-100
0.031259999999999996 9.999e-100 9.999e-100 9.999e-100
0.034300000000000004 9.999e-100 9.999e-100 9.999e-100
0.03765 9.999e-100 9.999e-100 9.999e-100
0.04132 1.244e-23 1.559e-24 1.503e-23
0.04535 1.645e-22 2.249e-23 1.986e-22
0.049769999999999995 2.796e-21 4.208e-22 3.375e-21
0.05462 3.067e-20 5.076e-21 3.702e-20
0.05995 4.086e-19 7.502e-20 4.935e-19
0.06579 3.934e-18 8.023e-19 4.756e-18
0.07221 4.035e-17 9.163e-18 4.88e-17
0.07925 3.78e-16 9.504e-17 4.568e-16
0.08697 3.109e-15 8.671e-16 3.758e-15
0.09545000000000001 2.454e-14 7.594e-15 2.975e-14
0.10476 1.824e-13 6.257e-14 2.223e-13
0.11498 1.273e-12 4.812e-13 1.57e-12
0.12619 8.41e-12 3.477e-12 1.053e-11
0.13849 5.282e-11 2.38e-11 6.736e-11
0.15199000000000001 3.1e-10 1.516e-10 4.021e-10
0.16680999999999999 1.672e-9 8.86e-10 2.186e-9
0.18307 8.965e-9 5.176e-9 1.174e-8
0.20092 4.508e-8 2.836e-8 5.84e-8
0.22050999999999998 1.92e-7 1.298e-7 2.431e-7
0.24201 9.416e-7 6.886e-7 1.163e-6
0.26561 4.225e-6 3.281e-6 5.087e-6
0.29151 1.913e-5 1.564e-5 2.243e-5
0.31993 8.273e-5 7.007e-5 9.505e-5
0.35112 0.0003741 0.000326 0.0004222
0.38534999999999997 0.001562 0.001373 0.001752
0.42291999999999996 0.006604 0.005821 0.007388
0.46416 0.02742 0.02409 0.03075
0.50941 0.1069 0.09314 0.1206
0.55908 0.376 0.325 0.427
0.6135900000000001 1.375 1.178 1.572
0.67342 4.318 3.665 4.975
0.73907 12.84 10.81 14.88
0.81113 36.28 30.31 42.25
0.89022 92.61 76.67 108.6
0.9770099999999999 219.9 181.6 258.2
1.07227 468.0 384.9 551.1
1.1768100000000001 1010.0 826.1 1193.0
1.29155 2169.0 1766.0 2571.0
1.41747 4302.0 3492.0 5108.0
1.5556800000000002 8578.0 6937.0 10200.0
1.70735 16540.0 13320.0 19700.0
1.8738199999999998 30900.0 24840.0 36890.0
2.0565100000000003 56390.0 45310.0 67470.0
2.25702 96960.0 77850.0 116100.0
2.47708 175800.0 141000.0 210500.0
2.71859 284400.0 228000.0 340800.0
2.98365 472900.0 378900.0 566900.0
3.27455 716000.0 573300.0 860000.0
3.59381 1.083e6 866600.0 1.303e6
3.9442100000000004 1.565e6 1.254e6 1.886e6
4.32876 2.191e6 1.742e6 2.652e6
4.7508099999999995 3.128e6 2.462e6 3.811e6
5.21401 4.387e6 3.415e6 5.384e6
5.72237 5.946e6 4.571e6 7.36e6
6.28029 7.962e6 6.04e6 9.966e6
6.89261 1.048e7 7.843e6 1.331e7
7.564629999999999 1.357e7 9.938e6 1.737e7
8.30218 1.749e7 1.252e7 2.261e7
9.11163 2.226e7 1.559e7 2.923e7
10.0 2.802e7 1.905e7 3.718e7
end
reaction: n13 p -> o14 ; label: n13+p_to_o14 ; table: nacre ; variant: standard
0.001 9.999e-100 9.999e-100 9.999e-100
0.0010999999999999998 9.999e-100 9.999e-100 9.999e-100
0.0012000000000000001 9.999e-100 9.999e-100 9.999e-100
0.00132 9.999e-100 9.999e-100 9.999e-100
0.0014500000000000001 9.999e-100 9.999e-100 9.999e-100
0.00159 9.999e-100 9.999e-100 9.999e-100
0.0017500000000000003 9.999e-100 9.999e-100 9.999e-100
0.0019199999999999998 9.999e-100 9.999e-100 9.999e-100
0.0021000000000000003 9.999e-100 9.999e-100 9.999e-100
0.00231 9.999e-100 9.999e-100 9.999e-100
0.0025399999999999997 9.999e-100 9.999e-100 9.999e-100
0.00278 9.999e-100 9.999e-100 9.999e-100
0.0030499999999999998 9.999e-100 9.999e-100 9.999e-100
0.00335 9.999e-100 9.999e-100 9.999e-100
0.00368 9.999e-100 9.999e-100 9.999e-100
0.00404 9.999e-100 9.999e-100 9.999e-100
0.00443 9.999e-100 9.999e-100 9.999e-100
0.00486 9.999e-100 9.999e-100 9.999e-100
0.00534 9.999e-100 9.999e-100 9.999e-100
0.00586 9.999e-100 9.999e-100 9.999e-100
0.00643 9.999e-100 9.999e-100 9.999e-100
0.007049999999999999 9.999e-100 9.999e-100 9.999e-100
0.0077399999999999995 9.999e-100 9.999e-100 9.999e-100
0.0085 4.341e-24 3.34e-24 7.652e-24
0.00933 4.059e-23 3.123e-23 7.154e-23
0.01024 3.533e-22 2.721e-22 6.215e-22
0.01123 2.849e-21 2.196e-21 5.002e-21
0.01233 2.135e-20 1.647e-20 3.751e-20
0.01353 1.513e-19 1.164e-19 2.644e-19
0.014849999999999999 1.014e-18 7.81e-19 1.776e-18
0.016300000000000002 6.251e-18 4.823e-18 1.092e-17
0.01789 3.748e-17 2.886e-17 6.53e-17
0.01963 2.074e-16 1.599e-16 3.606e-16
0.02154 9.87e-16 7.614e-16 1.713e-15
0.02364 5.055e-15 3.903e-15 8.759e-15
0.02595 2.549e-14 1.967e-14 4.405e-14
0.02848 1.144e-13 8.815e-14 1.969e-13
0.031259999999999996 4.857e-13 3.738e-13 8.323e-13
0.034300000000000004 1.814e-12 1.397e-12 3.097e-12
0.03765 7.707e-12 5.933e-12 1.31e-11
0.04132 3.197e-11 2.462e-11 5.412e-11
0.04535 1.104e-10 8.507e-11 1.863e-10
0.049769999999999995 4.305e-10 3.317e-10 7.232e-10
0.05462 1.369e-9 1.055e-9 2.288e-9
0.05995 4.782e-9 3.685e-9 7.953e-9
0.06579 1.438e-8 1.107e-8 2.378e-8
0.07221 4.468e-8 3.436e-8 7.344e-8
0.07925 1.335e-7 1.023e-7 2.181e-7
0.08697 3.75e-7 2.881e-7 6.086e-7
0.09545000000000001 1.038e-6 7.985e-7 1.671e-6
0.10476 2.793e-6 2.151e-6 4.462e-6
0.11498 7.304e-6 5.616e-6 1.158e-5
0.12619 1.858e-5 1.427e-5 2.922e-5
0.13849 4.612e-5 3.552e-5 7.196e-5
0.15199000000000001 0.0001116 8.589e-5 0.0001722
0.16680999999999999 0.0002604 0.0002002 0.0003966
0.18307 0.0006083 0.0004685 0.0009154
0.20092 0.001389 0.001067 0.00206
0.22050999999999998 0.002958 0.002274 0.004311
0.24201 0.006781 0.005216 0.009695
0.26561 0.01525 0.01173 0.02125
0.29151 0.03508 0.02701 0.04742
0.31993 0.08323 0.06404 0.1078
0.35112 0.2093 0.1609 0.2578
0.38534999999999997 0.5344 0.4115 0.6577
0.42291999999999996 1.388 1.068 1.707
0.46416 3.57 2.743 4.387
0.50941 8.657 6.66 10.65
0.55908 19.11 14.72 23.52
0.6135900000000001 42.91 33.09 52.86
0.67342 85.43 65.85 105.3
0.73907 162.1 124.8 199.4
0.81113 293.5 225.8 360.3
0.89022 490.8 378.1 604.1
0.9770099999999999 774.6 596.8 952.1
1.07227 1123.0 865.7 1380.0
1.1768100000000001 1623.0 1252.0 1994.0
1.29155 2298.0 1772.0 2824.0
1.41747 3019.0 2326.0 3712.0
1.5556800000000002 3909.0 3010.0 4807.0
1.70735 4855.0 3736.0 5966.0
1.8738199999999998 5820.0 4477.0 7153.0
2.0565100000000003 6800.0 5230.0 8359.0
2.25702 7641.0 5881.0 9385.0
2.47708 8683.0 6690.0 10660.0
2.71859 9387.0 7237.0 11550.0
2.98365 10150.0 7832.0 12540.0
3.27455 10630.0 8194.0 13090.0
3.59381 11060.0 8518.0 13590.0
3.9442100000000004 11270.0 8701.0 13940.0
4.32876 11300.0 8714.0 13970.0
4.7508099999999995 11300.0 8692.0 13920.0
5.21401 11170.0 8588.0 13750.0
5.72237 10860.0 8375.0 13390.0
6.28029 10500.0 8105.0 12940.0
6.89261 10070.0 7776.0 12390.0
7.564629999999999 9604.0 7404.0 11840.0
8.30218 9099.0 7006.0 11220.0
9.11163 8557.0 6585.0 10510.0
10.0 8000.0 6160.0 9830.0
end
reaction: n14 p -> o15 ; label: n14+p_to_o15 ; table: nacre ; variant: standard
0.001 9.999e-100 9.999e-100 9.999e-100
0.0010999999999999998 9.999e-100 9.999e-100 9.999e-100
0.0012000000000000001 9.999e-100 9.999e-100 9.999e-100
0.00132 9.999e-100 9.999e-100 9.999e-100
0.0014500000000000001 9.999e-100 9.999e-100 9.999e-100
0.00159 9.999e-100 9.999e-100 9.999e-100
0.0017500000000000003 9.999e-100 9.999e-100 9.999e-100
0.0019199999999999998 9.999e-100 9.999e-100 9.999e-100
0.0021000000000000003 9.999e-100 9.999e-100 9.999e-100
0.00231 9.999e-100 9.999e-100 9.999e-100
0.0025399999999999997 9.999e-100 9.999e-100 9.999e-100
0.00278 9.999e-100 9.999e-100 9.999e-100
0.0030499999999999998 9.999e-100 9.999e-100 9.999e-100
0.00335 9.999e-100 9.999e-100 9.999e-100
0.00368 9.999e-100 9.999e-100 9.999e-100
0.00404 9.999e-100 9.999e-100 9.999e-100
0.00443 9.999e-100 9.999e-100 9.999e-100
0.00486 9.999e-100 9.999e-100 9.999e-100
0.00534 9.999e-100 9.999e-100 9.999e-100
0.00586 9.999e-100 9.999e-100 9.999e-100
0.00643 9.999e-100 9.999e-100 9.999e-100
0.007049999999999999 9.999e-100 9.999e-100 9.999e-100
0.0077399999999999995 9.999e-100 9.999e-100 9.999e-100
0.0085 4.252e-24 3.052e-24 5.459e-24
0.00933 3.967e-23 2.849e-23 5.1e-23
0.01024 3.443e-22 2.467e-22 4.423e-22
0.01123 2.755e-21 1.977e-21 3.549e-21
0.01233 2.06e-20 1.479e-20 2.651e-20
0.01353 1.449e-19 1.039e-19 1.86e-19
0.014849999999999999 9.659e-19 6.931e-19 1.241e-18
0.016300000000000002 5.92e-18 4.245e-18 7.582e-18
0.01789 3.522e-17 2.527e-17 4.508e-17
0.01963 1.931e-16 1.386e-16 2.471e-16
0.02154 9.093e-16 6.534e-16 1.164e-15
0.02364 4.602e-15 3.315e-15 5.897e-15
0.02595 2.291e-14 1.653e-14 2.938e-14
0.02848 1.015e-13 7.322e-14 1.301e-13
0.031259999999999996 4.244e-13 3.065e-13 5.441e-13
0.034300000000000004 1.561e-12 1.129e-12 2.001e-12
0.03765 6.519e-12 4.72e-12 8.352e-12
0.04132 2.655e-11 1.924e-11 3.399e-11
0.04535 8.995e-11 6.523e-11 1.149e-10
0.049769999999999995 3.433e-10 2.49e-10 4.375e-10
0.05462 1.067e-9 7.741e-10 1.358e-9
0.05995 3.637e-9 2.638e-9 4.625e-9
0.06579 1.064e-8 7.723e-9 1.352e-8
0.07221 3.209e-8 2.333e-8 4.074e-8
0.07925 9.285e-8 6.774e-8 1.178e-7
0.08697 2.52e-7 1.844e-7 3.196e-7
0.09545000000000001 6.737e-7 4.944e-7 8.516e-7
0.10476 1.768e-6 1.303e-6 2.227e-6
0.11498 4.652e-6 3.474e-6 5.826e-6
0.12619 1.302e-5 1.002e-5 1.608e-5
0.13849 4.193e-5 3.377e-5 5.019e-5
0.15199000000000001 0.0001574 0.0001326 0.0001822
0.16680999999999999 0.0006141 0.000533 0.0006962
0.18307 0.002413 0.002142 0.002696
0.20092 0.00867 0.00778 0.009592
0.22050999999999998 0.02425 0.0219 0.02673
0.24201 0.07496 0.0682 0.08231
0.26561 0.1953 0.1782 0.2138
0.29151 0.4774 0.4356 0.5211
0.31993 1.032 0.9423 1.125
0.35112 2.162 1.979 2.356
0.38534999999999997 3.938 3.61 4.282
0.42291999999999996 6.889 6.322 7.484
0.46416 11.38 10.45 12.36
0.50941 17.57 16.18 19.07
0.55908 25.32 23.27 27.43
0.6135900000000001 36.46 33.49 39.43
0.67342 48.34 44.51 52.18
0.73907 62.52 57.66 67.39
0.81113 78.9 72.84 84.93
0.89022 95.6 88.28 102.6
0.9770099999999999 112.3 103.7 120.8
1.07227 127.4 117.6 137.2
1.1768100000000001 144.0 133.0 155.1
1.29155 161.9 149.5 174.5
1.41747 177.8 163.8 192.3
1.5556800000000002 195.9 179.9 212.7
1.70735 216.0 196.9 235.2
1.8738199999999998 240.5 217.7 263.8
2.0565100000000003 271.5 243.6 300.5
2.25702 312.3 276.7 349.2
2.47708 364.1 318.3 411.9
2.71859 436.1 374.8 499.7
2.98365 532.4 449.0 618.8
3.27455 662.1 547.3 779.9
3.59381 836.9 677.8 998.6
3.9442100000000004 1068.0 849.8 1287.0
4.32876 1340.0 1054.0 1630.0
4.7508099999999995 1708.0 1327.0 2095.0
5.21401 2154.0 1656.0 2660.0
5.72237 2663.0 2031.0 3299.0
6.28029 3251.0 2468.0 4040.0
6.89261 3903.0 2963.0 4868.0
7.564629999999999 4536.0 3438.0 5659.0
8.30218 5218.0 3949.0 6508.0
9.11163 5920.0 4475.0 7384.0
10.0 6584.0 4980.0 8207.0
end
reaction: n14 p -> n o14 ; label: n14+p_to_n+o14 ; table: nacre ; variant: standard
0.001 9.999e-100 9.999e-100 9.999e-100
0.0010999999999999998 9.999e-100 9.999e-100 9.999e-100
0.0012000000000000001 9.999e-100 9.999e-100 9.999e-100
0.00132 9.999e-100 9.999e-100 9.999e-100
0.0014500000000000001 9.999e-100 9.999e-100 9.999e-100
0.00159 9.999e-100 9.999e-100 9.999e-100
0.0017500000000000003 9.999e-100 9.999e-100 9.999e-100
0.0019199999999999998 9.999e-100 9.999e-100 9.999e-100
0.0021000000000000003 9.999e-100 9.999e-100 9.999e-100
0.00231 9.999e-100 9.999e-100 9.999e-100
0.0025399999999999997 9.999e-100 9.999e-100 9.999e-100
0.00278 9.999e-100 9.999e-100 9.999e-100
0.0030499999999999998 9.999e-100 9.999e-100 9.999e-100
0.00335 9.999e-100 9.999e-100 9.999e-100
0.00368 9.999e-100 9.999e-100 9.999e-100
0.00404 9.999e-100 9.999e-100 9.999e-100
0.00443 9.999e-100 9.999e-100 9.999e-100
0.00486 9.999e-100 9.999e-100 9.999e-100
0.00534 9.999e-100 9.999e-100 9.999e-100
0.00586 9.999e-100 9.999e-100 9.999e-100
0.00643 9.999e-100 9.999e-100 9.999e-100
0.007049999999999999 9.999e-100 9.999e-100 9.999e-100
0.0077399999999999995 9.999e-100 9.999e-100 9.999e-100
0.0085 9.999e-100 9.999e-100 9.999e-100
0.00933 9.999e-100 9.999e-100 9.999e-100
0.01024 9.999e-100 9.999e-100 9.999e-100
0.01123 9.999e-100 9.999e-100 9.999e-100
0.01233 9.999e-100 9.999e-100 9.999e-100
0.01353 9.999e-100 9.999e-100 9.999e-100
0.014849999999999999 9.999e-100 9.999e-100 9.999e-100
0.016300000000000002 9.999e-100 9.999e-100 9.999e-100
0.01789 9.999e-100 9.999e-100 9.999e-100
0.01963 9.999e-100 9.999e-100 9.999e-100
0.02154 9.999e-100 9.999e-100 9.999e-100
0.02364 9.999e-100 9.999e-100 9.999e-100
0.02595 9.999e-100 9.999e-100 9.999e-100
0.02848 9.999e-100 9.999e-100 9.999e-100
0.031259999999999996 9.999e-100 9.999e-100 9.999e-100
0.034300000000000004 9.999e-100 9.999e-100 9.999e-100
0.03765 9.999e-100 9.999e-100 9.999e-100
0.04132 9.999e-100 9.999e-100 9.999e-100
0.04535 9.999e-100 9.999e-100 9.999e-100
0.049769999999999995 9.999e-100 9.999e-100 9.999e-100
0.05462 9.999e-100 9.999e-100 9.999e-100
0.05995 9.999e-100 9.999e-100 9.999e-100
0.06579 9.999e-100 9.999e-100 9.999e-100
0.07221 9.999e-100 9.999e-100 9.999e-100
0.07925 9.999e-100 9.999e-100 9.999e-100
0.08697 9.999e-100 9.999e-100 9.999e-100
0.09545000000000001 9.999e-100 9.999e-100 9.999e-100
0.10476 9.999e-100 9.999e-100 9.999e-100
0.11498 9.999e-100 9.999e-100 9.999e-100
0.12619 9.999e-100 9.999e-100 9.999e-100
0.13849 9.999e-100 9.999e-100 9.999e-100
0.15199000000000001 9.999e-100 9.999e-100 9.999e-100
0.16680999999999999 9.999e-100 9.999e-100 9.999e-100
0.18307 9.999e-100 9.999e-100 9.999e-100
0.20092 9.999e-100 9.999e-100 9.999e-100
0.22050999999999998 9.999e-100 9.999e-100 9.999e-100
0.24201 9.999e-100 9.999e-100 9.999e-100
0.26561 9.999e-100 9.999e-100 9.999e-100
0.29151 9.999e-100 9.999e-100 9.999e-100
0.31993 9.999e-100 9.999e-100 9.999e-100
0.35112 9.999e-100 9.999e-100 9.999e-100
0.38534999999999997 9.999e-100 9.999e-100 9.999e-100
0.42291999999999996 9.999e-100 9.999e-100 9.999e-100
0.46416 9.999e-100 9.999e-100 9.999e-100
0.50941 9.999e-100 9.999e-100 9.999e-100
0.55908 9.999e-100 9.999e-100 9.999e-100
0.6135900000000001 9.999e-100 9.999e-100 9.999e-100
0.67342 9.999e-100 9.999e-100 9.999e-100
0.73907 9.999e-100 9.999e-100 9.999e-100
0.81113 9.999e-100 9.999e-100 9.999e-100
0.89022 9.999e-100 9.999e-100 9.999e-100
0.9770099999999999 9.999e-100 9.999e-100 9.999e-100
1.07227 8.206e-22 6.637e-22 3.305e-20
1.1768100000000001 2.828e-19 2.295e-19 1.081e-17
1.29155 8.009e-17 6.526e-17 2.898e-15
1.41747 8.951e-15 7.322e-15 3.067e-13
1.5556800000000002 8.781e-13 7.208e-13 2.845e-11
1.70735 5.159e-11 4.245e-11 1.582e-9
1.8738199999999998 1.981e-9 1.637e-9 5.781e-8
2.0565100000000003 5.674e-8 4.703e-8 1.578e-6
2.25702 9.829e-7 8.133e-7 2.616e-5
2.47708 2.248e-5 1.857e-5 0.0005701
2.71859 0.0002502 0.0002071 0.006122
2.98365 0.003129 0.002597 0.07379
3.27455 0.02392 0.01978 0.5463
3.59381 0.1812 0.1494 4.014
3.9442100000000004 1.101 0.9064 23.8
4.32876 4.829 3.971 102.6
4.7508099999999995 22.27 18.3 465.5
5.21401 92.41 75.81 1901.0
5.72237 317.9 260.2 6447.0
6.28029 1018.0 831.2 20390.0
6.89261 2966.0 2414.0 58770.0
7.564629999999999 7479.0 6092.0 147400.0
8.30218 18040.0 14680.0 353500.0
9.11163 40620.0 32890.0 790800.0
10.0 84100.0 68390.0 1.638e6
end
reaction: n14 p -> he4 c11 ; label: n14+p_to_he4+c11 ; table: nacre ; variant: standard
0.001 9.999e-100 9.999e-100 9.999e-100
0.0010999999999999998 9.999e-100 9.999e-100 9.999e-100
0.0012000000000000001 9.999e-100 9.999e-100 9.999e-100
0.00132 9.999e-100 9.999e-100 9.999e-100
0.0014500000000000001 9.999e-100 9.999e-100 9.999e-100
0.00159 9.999e-100 9.999e-100 9.999e-100
0.0017500000000000003 9.999e-100 9.999e-100 9.999e-100
0.0019199999999999998 9.999e-100 9.999e-100 9.999e-100
0.0021000000000000003 9.999e-100 9.999e-100 9.999e-100
0.00231 9.999e-100 9.999e-100 9.999e-100
0.0025399999999999997 9.999e-100 9.999e-100 9.999e-100
0.00278 9.999e-100 9.999e-100 9.999e-100
0.0030499999999999998 9.999e-100 9.999e-100 9.999e-100
0.00335 9.999e-100 9.999e-100 9.999e-100
0.00368 9.999e-100 9.999e-100 9.999e-100
0.00404 9.999e-100 9.999e-100 9.999e-100
0.00443 9.999e-100 9.999e-100 9.999e-100
0.00486 9.999e-100 9.999e-100 9.999e-100
0.00534 9.999e-100 9.999e-100 9.999e-100
0.00586 9.999e-100 9.999e-100 9.999e-100
0.00643 9.999e-100 9.999e-100 9.999e-100
0.007049999999999999 9.999e-100 9.999e-100 9.999e-100
0.0077399999999999995 9.999e-100 9.999e-100 9.999e-100
0.0085 9.999e-100 9.999e-100 9.999e-100
0.00933 9.999e-100 9.999e-100 9.999e-100
0.01024 9.999e-100 9.999e-100 9.999e-100
0.01123 9.999e-100 9.999e-100 9.999e-100
0.01233 9.999e-100 9.999e-100 9.999e-100
0.01353 9.999e-100 9.999e-100 9.999e-100
0.014849999999999999 9.999e-100 9.999e-100 9.999e-100
0.016300000000000002 9.999e-100 9.999e-100 9.999e-100
0.01789 9.999e-100 9.999e-100 9.999e-100
0.01963 9.999e-100 9.999e-100 9.999e-100
0.02154 9.999e-100 9.999e-100 9.999e-100
0.02364 9.999e-100 9.999e-100 9.999e-100
0.02595 9.999e-100 9.999e-100 9.999e-100
0.02848 9.999e-100 9.999e-100 9.999e-100
0.031259999999999996 9.999e-100 9.999e-100 9.999e-100
0.034300000000000004 9.999e-100 9.999e-100 9.999e-100
0.03765 9.999e-100 9.999e-100 9.999e-100
0.04132 9.999e-100 9.999e-100 9.999e-100
0.04535 9.999e-100 9.999e-100 9.999e-100
0.049769999999999995 9.999e-100 9.999e-100 9.999e-100
0.05462 9.999e-100 9.999e-100 9.999e-100
0.05995 9.999e-100 9.999e-100 9.999e-100
0.06579 9.999e-100 9.999e-100 9.999e-100
0.07221 9.999e-100 9.999e-100 9.999e-100
0.07925 9.999e-100 9.999e-100 9.999e-100
0.08697 9.999e-100 9.999e-100 9.999e-100
0.09545000000000001 9.999e-100 9.999e-100 9.999e-100
0.10476 9.999e-100 9.999e-100 9.999e-100
0.11498 9.999e-100 9.999e-100 9.999e-100
0.12619 9.999e-100 9.999e-100 9.999e-100
0.13849 9.999e-100 9.999e-100 9.999e-100
0.15199000000000001 9.999e-100 9.999e-100 9.999e-100
0.16680999999999999 9.999e-100 9.999e-100 9.999e-100
0.18307 9.999e-100 9.999e-100 9.999e-100
0.20092 9.999e-100 9.999e-100 9.999e-100
0.22050999999999998 9.999e-100 9.999e-100 9.999e-100
0.24201 9.999e-100 9.999e-100 9.999e-100
0.26561 9.999e-100 9.999e-100 9.999e-100
0.29151 9.999e-100 9.999e-100 9.999e-100
0.31993 9.999e-100 9.999e-100 9.999e-100
0.35112 9.999e-100 9.999e-100 9.999e-100
0.38534999999999997 9.999e-100 9.999e-100 9.999e-100
0.42291999999999996 9.999e-100 9.999e-100 9.999e-100
0.46416 9.999e-100 9.999e-100 9.999e-100
0.50941 9.999e-100 9.999e-100 9.999e-100
0.55908 9.999e-100 9.999e-100 9.999e-100
0.6135900000000001 6.616e-25 3.312e-25 1.323e-24
0.67342 2.373e-22 1.187e-22 4.746e-22
0.73907 6.055e-20 3.03e-20 1.212e-19
0.81113 1.126e-17 5.638e-18 2.255e-17
0.89022 1.221e-15 6.105e-16 2.442e-15
0.9770099999999999 8.786e-14 4.379e-14 1.757e-13
1.07227 3.394e-12 1.691e-12 6.782e-12
1.1768100000000001 1.359e-10 6.774e-11 2.712e-10
1.29155 4.913e-9 2.452e-9 9.796e-9
1.41747 1.033e-7 5.163e-8 2.059e-7
1.5556800000000002 2.032e-6 1.017e-6 4.058e-6
1.70735 2.964e-5 1.48e-5 5.941e-5
1.8738199999999998 0.0003375 0.0001686 0.0006762
2.0565100000000003 0.003237 0.001619 0.006475
2.25702 0.02276 0.01138 0.04552
2.47708 0.1935 0.09675 0.387
2.71859 1.045 0.5222 2.093
2.98365 6.166 3.079 12.37
3.27455 26.26 13.12 52.63
3.59381 112.0 56.03 224.3
3.9442100000000004 415.5 208.1 831.9
4.32876 1230.0 615.5 2460.0
4.7508099999999995 3788.0 1893.0 7570.0
5.21401 10830.0 5409.0 21650.0
5.72237 27140.0 13540.0 54270.0
6.28029 64570.0 32230.0 129100.0
6.89261 143300.0 71630.0 286600.0
7.564629999999999 288000.0 144000.0 576000.0
8.30218 557500.0 278800.0 1.115e6
9.11163 1.016e6 508100.0 2.032e6
10.0 1.754e6 878200.0 3.509e6
end
reaction: n14 he4 -> f18 ; label: n14+he4_to_f18 ; table: nacre ; variant: standard
0.001 9.999e-100 9.999e-100 9.999e-100
0.0010999999999999998 9.999e-100 9.999e-100 9.999e-100
0.0012000000000000001 9.999e-100 9.999e-100 9.999e-100
0.00132 9.999e-100 9.999e-100 9.999e-100
0.0014500000000000001 9.999e-100 9.999e-100 9.999e-100
0.00159 9.999e-100 9.999e-100 9.999e-100
0.0017500000000000003 9.999e-100 9.999e-100 9.999e-100
0.0019199999999999998 9.999e-100 9.999e-100 9.999e-100
0.0021000000000000003 9.999e-100 9.999e-100 9.999e-100
0.00231 9.999e-100 9.999e-100 9.999e-100
0.0025399999999999997 9.999e-100 9.999e-100 9.999e-100
0.00278 9.999e-100 9.999e-100 9.999e-100
0.0030499999999999998 9.999e-100 9.999e-100 9.999e-100
0.00335 9.999e-100 9.999e-100 9.999e-100
0.00368 9.999e-100 9.999e-100 9.999e-100
0.00404 9.999e-100 9.999e-100 9.999e-100
0.00443 9.999e-100 9.999e-100 9.999e-100
0.00486 9.999e-100 9.999e-100 9.999e-100
0.00534 9.999e-100 9.999e-100 9.999e-100
0.00586 9.999e-100 9.999e-100 9.999e-100
0.00643 9.999e-100 9.999e-100 9.999e-100
0.007049999999999999 9.999e-100 9.999e-100 9.999e-100
0.0077399999999999995 9.999e-100 9.999e-100 9.999e-100
0.0085 9.999e-100 9.999e-100 9.999e-100
0.00933 9.999e-100 9.999e-100 9.999e-100
0.01024 9.999e-100 9.999e-100 9.999e-100
0.01123 9.999e-100 9.999e-100 9.999e-100
0.01233 9.999e-100 9.999e-100 9.999e-100
0.01353 9.999e-100 9.999e-100 9.999e-100
0.014849999999999999 9.999e-100 9.999e-100 9.999e-100
0.016300000000000002 9.999e-100 9.999e-100 9.999e-100
0.01789 9.999e-100 9.999e-100 9.999e-100
0.01963 9.999e-100 9.999e-100 9.999e-100
0.02154 9.999e-100 9.999e-100 9.999e-100
0.02364 9.999e-100 9.999e-100 9.999e-100
0.02595 9.999e-100 9.999e-100 9.999e-100
0.02848 9.999e-100 9.999e-100 9.999e-100
0.031259999999999996 9.999e-100 9.999e-100 9.999e-100
0.034300000000000004 9.999e-100 9.999e-100 9.999e-100
0.03765 9.999e-100 9.999e-100 9.999e-100
0.04132 9.999e-100 9.999e-100 9.999e-100
0.04535 9.999e-100 9.999e-100 9.999e-100
0.049769999999999995 9.999e-100 9.999e-100 9.999e-100
0.05462 9.999e-100 9.999e-100 9.999e-100
0.05995 9.999e-100 9.999e-100 9.999e-100
0.06579 9.999e-100 9.999e-100 9.999e-100
0.07221 2.984e-26 2.665e-29 2.973e-25
0.07925 8.339e-25 1.315e-26 8.209e-24
0.08697 2.095e-23 2.989e-24 1.554e-22
0.09545000000000001 9.031e-22 4.603e-22 3.208e-21
0.10476 5.828e-20 4.536e-20 9.807e-20
0.11498 3.532e-18 2.922e-18 4.394e-18
0.12619 1.537e-16 1.282e-16 1.814e-16
0.13849 4.823e-15 4.014e-15 5.636e-15
0.15199000000000001 1.07e-13 8.914e-14 1.249e-13
0.16680999999999999 1.653e-12 1.38e-12 1.93e-12
0.18307 2.223e-11 1.861e-11 2.598e-11
0.20092 2.28e-10 1.898e-10 2.662e-10
0.22050999999999998 1.443e-9 1.201e-9 1.685e-9
0.24201 1.093e-8 9.097e-9 1.277e-8
0.26561 6.088e-8 5.067e-8 7.112e-8
0.29151 3.017e-7 2.513e-7 3.525e-7
0.31993 1.211e-6 1.009e-6 1.417e-6
0.35112 4.633e-6 3.856e-6 5.432e-6
0.38534999999999997 1.388e-5 1.156e-5 1.631e-5
0.42291999999999996 3.898e-5 3.247e-5 4.585e-5
0.46416 9.977e-5 8.312e-5 0.0001175
0.50941 0.0002298 0.0001919 0.0002711
0.55908 0.0004777 0.0003995 0.0005636
0.6135900000000001 0.001024 0.0008597 0.001208
0.67342 0.00207 0.001755 0.002432
0.73907 0.004399 0.003779 0.005108
0.81113 0.009923 0.008662 0.01132
0.89022 0.02426 0.02153 0.02727
0.9770099999999999 0.06123 0.05496 0.06808
1.07227 0.1445 0.1305 0.1596
1.1768100000000001 0.3522 0.3195 0.3865
1.29155 0.8409 0.7659 0.918
1.41747 1.776 1.621 1.933
1.5556800000000002 3.671 3.356 3.989
1.70735 6.979 6.384 7.587
1.8738199999999998 12.49 11.33 13.43
2.0565100000000003 21.06 18.53 22.63
2.25702 31.53 25.7 35.09
2.47708 49.08 36.8 56.78
2.71859 70.24 48.74 83.61
2.98365 102.6 65.5 125.8
3.27455 141.6 83.26 177.6
3.59381 196.0 105.9 251.8
3.9442100000000004 264.2 131.4 347.7
4.32876 342.9 157.4 459.5
4.7508099999999995 450.9 189.8 615.3
5.21401 587.7 226.7 815.7
5.72237 751.2 265.8 1058.0
6.28029 955.8 309.6 1365.0
6.89261 1207.0 357.2 1745.0
7.564629999999999 1516.0 411.2 2209.0
8.30218 1906.0 473.0 2802.0
9.11163 2382.0 541.7 3545.0
10.0 3009.0 624.3 4508.0
end
reaction: n14 he4 -> n f17 ; label: n14+he4_to_n+f17 ; table: nacre ; variant: standard
0.001 9.999e-100 9.999e-100 9.999e-100
0.0010999999999999998 9.999e-100 9.999e-100 9.999e-100
0.0012000000000000001 9.999e-100 9.999e-100 9.999e-100
0.00132 9.999e-100 9.999e-100 9.999e-100
0.0014500000000000001 9.999e-100 9.999e-100 9.999e-100
0.00159 9.999e-100 9.999e-100 9.999e-100
0.0017500000000000003 9.999e-100 9.999e-100 9.999e-100
0.0019199999999999998 9.999e-100 9.999e-100 9.999e-100
0.0021000000000000003 9.999e-100 9.999e-100 9.999e-100
0.00231 9.999e-100 9.999e-100 9.999e-100
0.0025399999999999997 9.999e-100 9.999e-100 9.999e-100
0.00278 9.999e-100 9.999e-100 9.999e-100
0.0030499999999999998 9.999e-100 9.999e-100 9.999e-100
0.00335 9.999e-100 9.999e-100 9.999e-100
0.00368 9.999e-100 9.999e-100 9.999e-100
0.00404 9.999e-100 9.999e-100 9.999e-100
0.00443 9.999e-100 9.999e-100 9.999e-100
0.00486 9.999e-100 9.999e-100 9.999e-100
0.00534 9.999e-100 9.999e-100 9.999e-100
0.00586 9.999e-100 9.999e-100 9.999e-100
0.00643 9.999e-100 9.999e-100 9.999e-100
0.007049999999999999 9.999e-100 9.999e-100 9.999e-100
0.0077399999999999995 9.999e-100 9.999e-100 9.999e-100
0.0085 9.999e-100 9.999e-100 9.999e-100
0.00933 9.999e-100 9.999e-100 9.999e-100
0.01024 9.999e-100 9.999e-100 9.999e-100
0.01123 9.999e-100 9.999e-100 9.999e-100
0.01233 9.999e-100 9.999e-100 9.999e-100
0.01353 9.999e-100 9.999e-100 9.999e-100
0.014849999999999999 9.999e-100 9.999e-100 9.999e-100
0.016300000000000002 9.999e-100 9.999e-100 9.999e-100
0.01789 9.999e-100 9.999e-100 9.999e-100
0.01963 9.999e-100 9.999e-100 9.999e-100
0.02154 9.999e-100 9.999e-100 9.999e-100
0.02364 9.999e-100 9.999e-100 9.999e-100
0.02595 9.999e-100 9.999e-100 9.999e-100
0.02848 9.999e-100 9.999e-100 9.999e-100
0.031259999999999996 9.999e-100 9.999e-100 9.999e-100
0.034300000000000004 9.999e-100 9.999e-100 9.999e-100
0.03765 9.999e-100 9.999e-100 9.999e-100
0.04132 9.999e-100 9.999e-100 9.999e-100
0.04535 9.999e-100 9.999e-100 9.999e-100
0.049769999999999995 9.999e-100 9.999e-100 9.999e-100
0.05462 9.999e-100 9.999e-100 9.999e-100
0.05995 9.999e-100 9.999e-100 9.999e-100
0.06579 9.999e-100 9.999e-100 9.999e-100
0.07221 9.999e-100 9.999e-100 9.999e-100
0.07925 9.999e-100 9.999e-100 9.999e-100
0.08697 9.999e-100 9.999e-100 9.999e-100
0.09545000000000001 9.999e-100 9.999e-100 9.999e-100
0.10476 9.999e-100 9.999e-100 9.999e-100
0.11498 9.999e-100 9.999e-100 9.999e-100
0.12619 9.999e-100 9.999e-100 9.999e-100
0.13849 9.999e-100 9.999e-100 9.999e-100
0.15199000000000001 9.999e-100 9.999e-100 9.999e-100
0.16680999999999999 9.999e-100 9.999e-100 9.999e-100
0.18307 9.999e-100 9.999e-100 9.999e-100
0.20092 9.999e-100 9.999e-100 9.999e-100
0.22050999999999998 9.999e-100 9.999e-100 9.999e-100
0.24201 9.999e-100 9.999e-100 9.999e-100
0.26561 9.999e-100 9.999e-100 9.999e-100
0.29151 9.999e-100 9.999e-100 9.999e-100
0.31993 9.999e-100 9.999e-100 9.999e-100
0.35112 9.999e-100 9.999e-100 9.999e-100
0.38534999999999997 9.999e-100 9.999e-100 9.999e-100
0.42291999999999996 9.999e-100 9.999e-100 9.999e-100
0.46416 9.999e-100 9.999e-100 9.999e-100
0.50941 9.999e-100 9.999e-100 9.999e-100
0.55908 9.999e-100 9.999e-100 9.999e-100
0.6135900000000001 9.999e-100 9.999e-100 9.999e-100
0.67342 9.999e-100 9.999e-100 9.999e-100
0.73907 5.239e-25 4.959e-25 5.489e-25
0.81113 4.751e-22 4.506e-22 4.996e-22
0.89022 1.95e-19 1.85e-19 2.05e-19
0.9770099999999999 4.477e-17 4.245e-17 4.689e-17
1.07227 4.335e-15 4.113e-15 4.54e-15
1.1768100000000001 4.267e-13 4.053e-13 4.475e-13
1.29155 3.586e-11 3.41e-11 3.764e-11
1.41747 1.439e-9 1.371e-9 1.512e-9
1.5556800000000002 5.215e-8 4.971e-8 5.481e-8
1.70735 1.267e-6 1.203e-6 1.328e-6
1.8738199999999998 2.181e-5 2.074e-5 2.291e-5
2.0565100000000003 0.0002972 0.0002832 0.0003129
2.25702 0.002734 0.002601 0.002875
2.47708 0.03122 0.02965 0.0328
2.71859 0.2016 0.1917 0.212
2.98365 1.423 1.356 1.498
3.27455 6.871 6.529 7.216
3.59381 32.94 31.21 34.54
3.9442100000000004 132.7 125.7 139.6
4.32876 416.9 394.9 438.4
4.7508099999999995 1363.0 1291.0 1431.0
5.21401 4099.0 3883.0 4301.0
5.72237 10630.0 10090.0 11170.0
6.28029 26200.0 24870.0 27540.0
6.89261 60260.0 57200.0 63320.0
7.564629999999999 124700.0 118400.0 131000.0
8.30218 249400.0 236800.0 261800.0
9.11163 473400.0 448900.0 496700.0
10.0 856300.0 813400.0 899100.0
end
reaction: n15 p -> o16 ; label: n15+p_to_o16 ; table: nacre ; variant: standard
0.001 9.999e-100 9.999e-100 9.999e-100
0.0010999999999999998 9.999e-100 9.999e-100 9.999e-100
0.0012000000000000001 9.999e-100 9.999e-100 9.999e-100
0.00132 9.999e-100 9.999e-100 9.999e-100
0.0014500000000000001 9.999e-100 9.999e-100 9.999e-100
0.00159 9.999e-100 9.999e-100 9.999e-100
0.0017500000000000003 9.999e-100 9.999e-100 9.999e-100
0.0019199999999999998 9.999e-100 9.999e-100 9.999e-100
0.0021000000000000003 9.999e-100 9.999e-100 9.999e-100
0.00231 9.999e-100 9.999e-100 9.999e-100
0.0025399999999999997 9.999e-100 9.999e-100 9.999e-100
0.00278 9.999e-100 9.999e-100 9.999e-100
0.0030499999999999998 9.999e-100 9.999e-100 9.999e-100
0.00335 9.999e-100 9.999e-100 9.999e-100
0.00368 9.999e-100 9.999e-100 9.999e-100
0.00404 9.999e-100 9.999e-100 9.999e-100
0.00443 9.999e-100 9.999e-100 9.999e-100
0.00486 9.999e-100 9.999e-100 9.999e-100
0.00534 9.999e-100 9.999e-100 9.999e-100
0.00586 9.999e-100 9.999e-100 9.999e-100
0.00643 9.999e-100 9.999e-100 9.999e-100
0.007049999999999999 8.441e-25 7.043e-25 9.842e-25
0.0077399999999999995 8.692e-24 7.236e-24 1.018e-23
0.0085 8.675e-23 7.177e-23 1.019e-22
0.00933 8.206e-22 6.738e-22 9.673e-22
0.01024 7.196e-21 5.876e-21 8.521e-21
0.01123 5.859e-20 4.757e-20 6.973e-20
0.01233 4.45e-19 3.591e-19 5.318e-19
0.01353 3.174e-18 2.547e-18 3.811e-18
0.014849999999999999 2.155e-17 1.711e-17 2.592e-17
0.016300000000000002 1.339e-16 1.057e-16 1.625e-16
0.01789 8.107e-16 6.344e-16 9.848e-16
0.01963 4.531e-15 3.513e-15 5.54e-15
0.02154 2.176e-14 1.672e-14 2.675e-14
0.02364 1.126e-13 8.572e-14 1.391e-13
0.02595 5.728e-13 4.32e-13 7.121e-13
0.02848 2.59e-12 1.934e-12 3.243e-12
0.031259999999999996 1.107e-11 8.185e-12 1.396e-11
0.034300000000000004 4.167e-11 3.046e-11 5.284e-11
0.03765 1.785e-10 1.288e-10 2.278e-10
0.04132 7.458e-10 5.32e-10 9.592e-10
0.04535 2.59e-9 1.828e-9 3.362e-9
0.049769999999999995 1.015e-8 7.083e-9 1.331e-8
0.05462 3.252e-8 2.235e-8 4.277e-8
0.05995 1.146e-7 7.746e-8 1.511e-7
0.06579 3.457e-7 2.304e-7 4.592e-7
0.07221 1.078e-6 7.074e-7 1.443e-6
0.07925 3.229e-6 2.085e-6 4.363e-6
0.08697 9.12e-6 5.796e-6 1.239e-5
0.09545000000000001 2.526e-5 1.585e-5 3.454e-5
0.10476 6.81e-5 4.226e-5 9.355e-5
0.11498 0.0001784 0.0001099 0.0002458
0.12619 0.0004548 0.0002807 0.0006282
0.13849 0.001138 0.0007098 0.001569
0.15199000000000001 0.002778 0.001767 0.003787
0.16680999999999999 0.00657 0.004306 0.008829
0.18307 0.01564 0.01066 0.02066
0.20092 0.03648 0.02585 0.0471
0.22050999999999998 0.0779 0.05732 0.09824
0.24201 0.1791 0.1373 0.2201
0.26561 0.3848 0.3054 0.4628
0.29151 0.8194 0.6712 0.9662
0.31993 1.631 1.367 1.893
0.35112 3.232 2.764 3.699
0.38534999999999997 5.817 5.036 6.592
0.42291999999999996 10.26 9.002 11.54
0.46416 17.41 15.45 19.47
0.50941 27.89 24.87 31.0
0.55908 42.06 37.58 46.56
0.6135900000000001 63.97 57.26 70.5
0.67342 91.34 81.83 100.1
0.73907 127.6 114.8 139.9
0.81113 175.3 158.6 193.0
0.89022 237.0 214.8 260.2
0.9770099999999999 322.7 292.4 353.4
1.07227 443.8 403.0 484.7
1.1768100000000001 625.8 570.2 681.5
1.29155 900.3 823.6 977.9
1.41747 1308.0 1202.0 1418.0
1.5556800000000002 1915.0 1765.0 2075.0
1.70735 2782.0 2558.0 3009.0
1.8738199999999998 3941.0 3622.0 4257.0
2.0565100000000003 5455.0 5014.0 5888.0
2.25702 7175.0 6600.0 7746.0
2.47708 9692.0 8925.0 10470.0
2.71859 12110.0 11130.0 13100.0
2.98365 15280.0 14000.0 16560.0
3.27455 18120.0 16610.0 19630.0
3.59381 20980.0 19260.0 22710.0
3.9442100000000004 22460.0 20670.0 24330.0
4.32876 23770.0 21870.0 25700.0
4.7508099999999995 25210.0 23190.0 27180.0
5.21401 26620.0 24490.0 28660.0
5.72237 27880.0 25710.0 30030.0
6.28029 29150.0 26920.0 31370.0
6.89261 30380.0 28090.0 32670.0
7.564629999999999 31550.0 29190.0 33900.0
8.30218 32720.0 30320.0 35150.0
9.11163 33850.0 31440.0 36350.0
10.0 35100.0 32600.0 37600.0
end
reaction: n15 p -> n o15 ; label: n15+p_to_n+o15 ; table: nacre ; variant: standard
0.001 9.999e-100 9.999e-100 9.999e-100
0.0010999999999999998 9.999e-100 9.999e-100 9.999e-100
0.0012000000000000001 9.999e-100 9.999e-100 9.999e-100
0.00132 9.999e-100 9.999e-100 9.999e-100
0.0014500000000000001 9.999e-100 9.999e-100 9.999e-100
0.00159 9.999e-100 9.999e-100 9.999e-100
0.0017500000000000003 9.999e-100 9.999e-100 9.999e-100
0.0019199999999999998 9.999e-100 9.999e-100 9.999e-100
0.0021000000000000003 9.999e-100 9.999e-100 9.999e-100
0.00231 9.999e-100 9.999e-100 9.999e-100
0.0025399999999999997 9.999e-100 9.999e-100 9.999e-100
0.00278 9.999e-100 9.999e-100 9.999e-100
0.0030499999999999998 9.999e-100 9.999e-100 9.999e-100
0.00335 9.999e-100 9.999e-100 9.999e-100
0.00368 9.999e-100 9.999e-100 9.999e-100
0.00404 9.999e-100 9.999e-100 9.999e-100
0.00443 9.999e-100 9.999e-100 9.999e-100
0.00486 9.999e-100 9.999e-100 9.999e-100
0.00534 9.999e-100 9.999e-100 9.999e-100
0.00586 9.999e-100 9.999e-100 9.999e-100
0.00643 9.999e-100 9.999e-100 9.999e-100
0.007049999999999999 9.999e-100 9.999e-100 9.999e-100
0.0077399999999999995 9.999e-100 9.999e-100 9.999e-100
0.0085 9.999e-100 9.999e-100 9.999e-100
0.00933 9.999e-100 9.999e-100 9.999e-100
0.01024 9.999e-100 9.999e-100 9.999e-100
0.01123 9.999e-100 9.999e-100 9.999e-100
0.01233 9.999e-100 9.999e-100 9.999e-100
0.01353 9.999e-100 9.999e-100 9.999e-100
0.014849999999999999 9.999e-100 9.999e-100 9.999e-100
0.016300000000000002 9.999e-100 9.999e-100 9.999e-100
0.01789 9.999e-100 9.999e-100 9.999e-100
0.01963 9.999e-100 9.999e-100 9.999e-100
0.02154 9.999e-100 9.999e-100 9.999e-100
0.02364 9.999e-100 9.999e-100 9.999e-100
0.02595 9.999e-100 9.999e-100 9.999e-100
0.02848 9.999e-100 9.999e-100 9.999e-100
0.031259999999999996 9.999e-100 9.999e-100 9.999e-100
0.034300000000000004 9.999e-100 9.999e-100 9.999e-100
0.03765 9.999e-100 9.999e-100 9.999e-100
0.04132 9.999e-100 9.999e-100 9.999e-100
0.04535 9.999e-100 9.999e-100 9.999e-100
0.049769999999999995 9.999e-100 9.999e-100 9.999e-100
0.05462 9.999e-100 9.999e-100 9.999e-100
0.05995 9.999e-100 9.999e-100 9.999e-100
0.06579 9.999e-100 9.999e-100 9.999e-100
0.07221 9.999e-100 9.999e-100 9.999e-100
0.07925 9.999e-100 9.999e-100 9.999e-100
0.08697 9.999e-100 9.999e-100 9.999e-100
0.09545000000000001 9.999e-100 9.999e-100 9.999e-100
0.10476 9.999e-100 9.999e-100 9.999e-100
0.11498 9.999e-100 9.999e-100 9.999e-100
0.12619 9.999e-100 9.999e-100 9.999e-100
0.13849 9.999e-100 9.999e-100 9.999e-100
0.15199000000000001 9.999e-100 9.999e-100 9.999e-100
0.16680999999999999 9.999e-100 9.999e-100 9.999e-100
0.18307 9.999e-100 9.999e-100 9.999e-100
0.20092 9.999e-100 9.999e-100 9.999e-100
0.22050999999999998 9.999e-100 9.999e-100 9.999e-100
0.24201 9.999e-100 9.999e-100 9.999e-100
0.26561 9.999e-100 9.999e-100 9.999e-100
0.29151 9.999e-100 9.999e-100 9.999e-100
0.31993 9.999e-100 9.999e-100 9.999e-100
0.35112 9.999e-100 9.999e-100 9.999e-100
0.38534999999999997 9.999e-100 9.999e-100 9.999e-100
0.42291999999999996 9.999e-100 9.999e-100 9.999e-100
0.46416 9.999e-100 9.999e-100 9.999e-100
0.50941 9.999e-100 9.999e-100 9.999e-100
0.55908 9.999e-100 9.999e-100 9.999e-100
0.6135900000000001 9.479e-22 8.118e-22 2.432e-21
0.67342 3.348e-19 2.873e-19 8.616e-19
0.73907 8.046e-17 6.909e-17 2.076e-16
0.81113 1.346e-14 1.155e-14 3.48e-14
0.89022 1.245e-12 1.068e-12 3.221e-12
0.9770099999999999 7.402e-11 6.353e-11 1.916e-10
1.07227 2.302e-9 1.976e-9 5.943e-9
1.1768100000000001 7.254e-8 6.227e-8 1.864e-7
1.29155 2.026e-6 1.739e-6 5.184e-6
1.41747 3.237e-5 2.781e-5 8.251e-5
1.5556800000000002 0.0004782 0.0004105 0.001212
1.70735 0.005211 0.004459 0.01311
1.8738199999999998 0.04387 0.03763 0.1099
2.0565100000000003 0.3095 0.2661 0.7722
2.25702 1.624 1.39 4.021
2.47708 10.01 8.526 24.59
2.71859 40.24 34.36 98.59
2.98365 172.8 148.0 422.3
3.27455 558.6 477.5 1355.0
3.59381 1795.0 1533.0 4329.0
3.9442100000000004 5062.0 4346.0 12210.0
4.32876 11890.0 10220.0 28510.0
4.7508099999999995 28780.0 24740.0 68520.0
5.21401 65890.0 56660.0 156000.0
5.72237 136400.0 117400.0 322200.0
6.28029 271800.0 233900.0 639700.0
6.89261 514400.0 442400.0 1.205e6
7.564629999999999 907500.0 781900.0 2.111e6
8.30218 1.557e6 1.342e6 3.607e6
9.11163 2.554e6 2.194e6 5.92e6
10.0 4.098e6 3.532e6 9.396e6
end
reaction: n15 p -> he4 c12 ; label: n15+p_to_he4+c12 ; table: nacre ; variant: standard
0.001 9.999e-100 9.999e-100 9.999e-100
0.0010999999999999998 9.999e-100 9.999e-100 9.999e-100
0.0012000000000000001 9.999e-100 9.999e-100 9.999e-100
0.00132 9.999e-100 9.999e-100 9.999e-100
0.0014500000000000001 9.999e-100 9.999e-100 9.999e-100
0.00159 9.999e-100 9.999e-100 9.999e-100
0.0017500000000000003 9.999e-100 9.999e-100 9.999e-100
0.0019199999999999998 9.999e-100 9.999e-100 9.999e-100
0.0021000000000000003 9.999e-100 9.999e-100 9.999e-100
0.00231 9.999e-100 9.999e-100 9.999e-100
0.0025399999999999997 9.999e-100 9.999e-100 9.999e-100
0.00278 9.999e-100 9.999e-100 9.999e-100
0.0030499999999999998 9.999e-100 9.999e-100 9.999e-100
0.00335 9.999e-100 9.999e-100 9.999e-100
0.00368 9.999e-100 9.999e-100 9.999e-100
0.00404 9.999e-100 9.999e-100 9.999e-100
0.00443 9.999e-100 9.999e-100 9.999e-100
0.00486 9.999e-100 9.999e-100 9.999e-100
0.00534 4.046e-25 3.613e-25 4.471e-25
0.00586 5.929e-24 5.268e-24 6.551e-24
0.00643 7.216e-23 6.4e-23 7.999e-23
0.007049999999999999 9.144e-22 8.105e-22 1.018e-21
0.0077399999999999995 9.467e-21 8.355e-21 1.055e-20
0.0085 9.473e-20 8.331e-20 1.058e-19
0.00933 8.984e-19 7.881e-19 1.007e-18
0.01024 7.919e-18 6.93e-18 8.908e-18
0.01123 6.471e-17 5.637e-17 7.305e-17
0.01233 4.934e-16 4.28e-16 5.589e-16
0.01353 3.54e-15 3.059e-15 4.02e-15
0.014849999999999999 2.413e-14 2.074e-14 2.744e-14
0.016300000000000002 1.513e-13 1.292e-13 1.726e-13
0.01789 9.146e-13 7.825e-13 1.054e-12
0.01963 5.144e-12 4.371e-12 5.931e-12
0.02154 2.483e-11 2.1e-11 2.871e-11
0.02364 1.291e-10 1.087e-10 1.498e-10
0.02595 6.609e-10 5.535e-10 7.697e-10
0.02848 3.009e-9 2.504e-9 3.517e-9
0.031259999999999996 1.294e-8 1.071e-8 1.518e-8
0.034300000000000004 4.892e-8 4.024e-8 5.757e-8
0.03765 2.105e-7 1.721e-7 2.486e-7
0.04132 8.845e-7 7.196e-7 1.049e-6
0.04535 3.09e-6 2.508e-6 3.683e-6
0.049769999999999995 1.22e-5 9.871e-6 1.461e-5
0.05462 3.98e-5 3.191e-5 4.773e-5
0.05995 0.0001432 0.0001136 0.0001719
0.06579 0.0004438 0.000353 0.0005352
0.07221 0.001429 0.001141 0.001726
0.07925 0.004463 0.003584 0.005352
0.08697 0.01313 0.01065 0.01563
0.09545000000000001 0.03805 0.03134 0.04473
0.10476 0.1078 0.0903 0.1251
0.11498 0.298 0.253 0.3433
0.12619 0.8088 0.6853 0.9306
0.13849 2.169 1.816 2.513
0.15199000000000001 5.684 4.56 6.821
0.16680999999999999 14.74 11.35 18.18
0.18307 38.71 28.4 49.08
0.20092 100.4 68.02 132.5
0.22050999999999998 238.8 151.4 324.5
0.24201 618.1 364.4 867.5
0.26561 1481.0 851.3 2104.0
0.29151 3511.0 2025.0 4994.0
0.31993 7732.0 4343.0 11130.0
0.35112 16970.0 9164.0 24830.0
0.38534999999999997 33490.0 18870.0 48090.0
0.42291999999999996 64320.0 37740.0 90870.0
0.46416 118400.0 71260.0 165600.0
0.50941 205800.0 123400.0 288200.0
0.55908 331500.0 196400.0 466600.0
0.6135900000000001 539700.0 323900.0 755000.0
0.67342 818600.0 542900.0 1.094e6
0.73907 1.202e6 854000.0 1.555e6
0.81113 1.707e6 1.204e6 2.207e6
0.89022 2.269e6 1.165e6 3.361e6
0.9770099999999999 3.102e6 1.778e6 4.418e6
1.07227 4.019e6 2.408e6 5.629e6
1.1768100000000001 5.187e6 3.105e6 7.262e6
1.29155 6.68e6 4.002e6 9.353e6
1.41747 8.373e6 5.033e6 1.173e7
1.5556800000000002 1.043e7 5.768e6 1.504e7
1.70735 1.268e7 5.55e6 1.981e7
1.8738199999999998 1.538e7 6.574e6 2.423e7
2.0565100000000003 1.848e7 8.226e6 2.873e7
2.25702 2.153e7 9.496e6 3.355e7
2.47708 2.545e7 1.112e7 3.979e7
2.71859 3.066e7 1.34e7 4.792e7
2.98365 3.762e7 1.649e7 5.876e7
3.27455 4.486e7 1.972e7 6.995e7
3.59381 5.366e7 2.367e7 8.349e7
3.9442100000000004 6.348e7 2.812e7 9.839e7
4.32876 7.361e7 3.278e7 1.14e8
4.7508099999999995 8.602e7 3.854e7 1.332e8
5.21401 1.002e8 4.51e7 1.548e8
5.72237 1.156e8 5.224e7 1.779e8
6.28029 1.328e8 6.038e7 2.042e8
6.89261 1.515e8 6.955e7 2.334e8
7.564629999999999 1.718e8 7.947e7 2.645e8
8.30218 1.949e8 9.084e7 2.992e8
9.11163 2.202e8 1.036e8 3.367e8
10.0 2.47e8 1.17e8 3.77e8
end
reaction: n15 he4 -> f19 ; label: n15+he4_to_f19 ; table: nacre ; variant: standard
0.001 9.999e-100 9.999e-100 9.999e-100
0.0010999999999999998 9.999e-100 9.999e-100 9.999e-100
0.0012000000000000001 9.999e-100 9.999e-100 9.999e-100
0.00132 9.999e-100 9.999e-100 9.999e-100
0.0014500000000000001 9.999e-100 9.999e-100 9.999e-100
0.00159 9.999e-100 9.999e-100 9.999e-100
0.0017500000000000003 9.999e-100 9.999e-100 9.999e-100
0.0019199999999999998 9.999e-100 9.999e-100 9.999e-100
0.0021000000000000003 9.999e-100 9.999e-100 9.999e-100
0.00231 9.999e-100 9.999e-100 9.999e-100
0.0025399999999999997 9.999e-100 9.999e-100 9.999e-100
0.00278 9.999e-100 9.999e-100 9.999e-100
0.0030499999999999998 9.999e-100 9.999e-100 9.999e-100
0.00335 9.999e-100 9.999e-100 9.999e-100
0.00368 9.999e-100 9.999e-100 9.999e-100
0.00404 9.999e-100 9.999e-100 9.999e-100
0.00443 9.999e-100 9.999e-100 9.999e-100
0.00486 9.999e-100 9.999e-100 9.999e-100
0.00534 9.999e-100 9.999e-100 9.999e-100
0.00586 9.999e-100 9.999e-100 9.999e-100
0.00643 9.999e-100 9.999e-100 9.999e-100
0.007049999999999999 9.999e-100 9.999e-100 9.999e-100
0.0077399999999999995 9.999e-100 9.999e-100 9.999e-100
0.0085 9.999e-100 9.999e-100 9.999e-100
0.00933 9.999e-100 9.999e-100 9.999e-100
0.01024 9.999e-100 9.999e-100 9.999e-100
0.01123 9.999e-100 9.999e-100 9.999e-100
0.01233 9.999e-100 9.999e-100 9.999e-100
0.01353 9.999e-100 9.999e-100 9.999e-100
0.014849999999999999 9.999e-100 9.999e-100 9.999e-100
0.016300000000000002 9.999e-100 9.999e-100 9.999e-100
0.01789 9.999e-100 9.999e-100 9.999e-100
0.01963 9.999e-100 9.999e-100 9.999e-100
0.02154 9.999e-100 9.999e-100 9.999e-100
0.02364 9.999e-100 9.999e-100 9.999e-100
0.02595 9.999e-100 9.999e-100 9.999e-100
0.02848 9.999e-100 9.999e-100 9.999e-100
0.031259999999999996 9.999e-100 9.999e-100 9.999e-100
0.034300000000000004 9.999e-100 9.999e-100 9.999e-100
0.03765 9.999e-100 9.999e-100 9.999e-100
0.04132 9.999e-100 9.999e-100 9.999e-100
0.04535 9.999e-100 9.999e-100 9.999e-100
0.049769999999999995 9.999e-100 9.999e-100 9.999e-100
0.05462 9.999e-100 9.999e-100 9.999e-100
0.05995 9.999e-100 9.999e-100 9.999e-100
0.06579 9.999e-100 9.999e-100 9.999e-100
0.07221 9.999e-100 9.999e-100 9.999e-100
0.07925 9.999e-100 9.999e-100 9.999e-100
0.08697 7.098e-24 3.649e-24 1.53e-23
0.09545000000000001 3.253e-22 1.392e-22 7.956e-22
0.10476 1.389e-20 5.671e-21 3.441e-20
0.11498 4.389e-19 1.802e-19 1.072e-18
0.12619 1.017e-17 4.229e-18 2.436e-17
0.13849 1.789e-16 7.628e-17 4.209e-16
0.15199000000000001 2.399e-15 1.058e-15 5.514e-15
0.16680999999999999 2.532e-14 1.194e-14 5.549e-14
0.18307 2.573e-13 1.343e-13 5.227e-13
0.20092 2.448e-12 1.462e-12 4.399e-12
0.22050999999999998 1.957e-11 1.286e-11 3.142e-11
0.24201 1.915e-10 1.397e-10 2.719e-10
0.26561 1.527e-9 1.182e-9 2.014e-9
0.29151 1.173e-8 9.377e-9 1.477e-8
0.31993 7.41e-8 6.039e-8 9.075e-8
0.35112 4.588e-7 3.789e-7 5.512e-7
0.38534999999999997 2.181e-6 1.819e-6 2.593e-6
0.42291999999999996 9.716e-6 8.171e-6 1.146e-5
0.46416 3.9e-5 3.301e-5 4.567e-5
0.50941 0.0001365 0.0001162 0.0001585
0.55908 0.0004063 0.0003473 0.0004698
0.6135900000000001 0.001234 0.001059 0.001421
0.67342 0.003147 0.002708 0.003609
0.73907 0.00754 0.006522 0.008626
0.81113 0.01711 0.01489 0.01954
0.89022 0.03619 0.03145 0.04113
0.9770099999999999 0.0745 0.06479 0.08455
1.07227 0.1525 0.1323 0.1734
1.1768100000000001 0.3274 0.283 0.3738
1.29155 0.724 0.6231 0.8301
1.41747 1.585 1.357 1.826
1.5556800000000002 3.479 2.963 4.018
1.70735 7.306 6.193 8.441
1.8738199999999998 14.35 12.14 16.62
2.0565100000000003 26.82 22.63 31.14
2.25702 45.59 38.41 53.01
2.47708 81.6 68.62 95.04
2.71859 127.1 106.6 148.0
2.98365 202.1 169.1 235.2
3.27455 291.7 244.4 339.4
3.59381 419.7 352.2 488.4
3.9442100000000004 579.5 486.3 674.4
4.32876 753.5 632.1 877.0
4.7508099999999995 988.3 828.5 1150.0
5.21401 1271.0 1065.0 1479.0
5.72237 1580.0 1323.0 1838.0
6.28029 1936.0 1620.0 2253.0
6.89261 2324.0 1946.0 2711.0
7.564629999999999 2722.0 2279.0 3176.0
8.30218 3157.0 2641.0 3685.0
9.11163 3603.0 3013.0 4212.0
10.0 4050.0 3380.0 4740.0
end
reaction: o16 p -> f17 ; label: o16+p_to_f17 ; table: nacre ; variant: standard
0.001 9.999e-100 9.999e-100 9.999e-100
0.0010999999999999998 9.999e-100 9.999e-100 9.999e-100
0.0012000000000000001 9.999e-100 9.999e-100 9.999e-100
0.00132 9.999e-100 9.999e-100 9.999e-100
0.0014500000000000001 9.999e-100 9.999e-100 9.999e-100
0.00159 9.999e-100 9.999e-100 9.999e-100
0.0017500000000000003 9.999e-100 9.999e-100 9.999e-100
0.0019199999999999998 9.999e-100 9.999e-100 9.999e-100
0.0021000000000000003 9.999e-100 9.999e-100 9.999e-100
0.00231 9.999e-100 9.999e-100 9.999e-100
0.0025399999999999997 9.999e-100 9.999e-100 9.999e-100
0.00278 9.999e-100 9.999e-100 9.999e-100
0.0030499999999999998 9.999e-100 9.999e-100 9.999e-100
0.00335 9.999e-100 9.999e-100 9.999e-100
0.00368 9.999e-100 9.999e-100 9.999e-100
0.00404 9.999e-100 9.999e-100 9.999e-100
0.00443 9.999e-100 9.999e-100 9.999e-100
0.00486 9.999e-100 9.999e-100 9.999e-100
0.00534 9.999e-100 9.999e-100 9.999e-100
0.00586 9.999e-100 9.999e-100 9.999e-100
0.00643 9.999e-100 9.999e-100 9.999e-100
0.007049999999999999 9.999e-100 9.999e-100 9.999e-100
0.0077399999999999995 9.999e-100 9.999e-100 9.999e-100
0.0085 9.999e-100 9.999e-100 9.999e-100
0.00933 9.999e-100 9.999e-100 9.999e-100
0.01024 1.172e-24 8.2e-25 1.523e-24
0.01123 1.155e-23 8.084e-24 1.501e-23
0.01233 1.053e-22 7.369e-23 1.368e-22
0.01353 8.961e-22 6.268e-22 1.164e-21
0.014849999999999999 7.203e-21 5.048e-21 9.378e-21
0.016300000000000002 5.268e-20 3.694e-20 6.854e-20
0.01789 3.738e-19 2.617e-19 4.86e-19
0.01963 2.425e-18 1.696e-18 3.149e-18
0.02154 1.331e-17 9.312e-18 1.729e-17
0.02364 7.916e-17 5.539e-17 1.029e-16
0.02595 4.619e-16 3.233e-16 6.004e-16
0.02848 2.368e-15 1.657e-15 3.077e-15
0.031259999999999996 1.14e-14 7.972e-15 1.481e-14
0.034300000000000004 4.762e-14 3.331e-14 6.189e-14
0.03765 2.287e-13 1.6e-13 2.973e-13
0.04132 1.068e-12 7.476e-13 1.39e-12
0.04535 4.073e-12 2.854e-12 5.304e-12
0.049769999999999995 1.77e-11 1.241e-11 2.307e-11
0.05462 6.142e-11 4.313e-11 8.0e-11
0.05995 2.359e-10 1.658e-10 3.07e-10
0.06579 7.674e-10 5.373e-10 9.987e-10
0.07221 2.58e-9 1.803e-9 3.358e-9
0.07925 8.274e-9 5.791e-9 1.077e-8
0.08697 2.479e-8 1.737e-8 3.227e-8
0.09545000000000001 7.29e-8 5.094e-8 9.457e-8
0.10476 2.069e-7 1.445e-7 2.685e-7
0.11498 5.659e-7 3.96e-7 7.359e-7
0.12619 1.503e-6 1.051e-6 1.949e-6
0.13849 3.863e-6 2.7e-6 5.022e-6
0.15199000000000001 9.586e-6 6.706e-6 1.244e-5
0.16680999999999999 2.272e-5 1.591e-5 2.952e-5
0.18307 5.366e-5 3.75e-5 6.967e-5
0.20092 0.0001221 8.538e-5 0.0001583
0.22050999999999998 0.000253 0.0001768 0.0003283
0.24201 0.0005625 0.0003931 0.0007309
0.26561 0.001174 0.0008207 0.001527
0.29151 0.002433 0.001701 0.003165
0.31993 0.004822 0.003377 0.006277
0.35112 0.009636 0.006768 0.01255
0.38534999999999997 0.01804 0.01269 0.02338
0.42291999999999996 0.03357 0.0237 0.04336
0.46416 0.06135 0.04362 0.079
0.50941 0.1089 0.07806 0.1394
0.55908 0.1863 0.1347 0.2377
0.6135900000000001 0.3258 0.2378 0.4138
0.67342 0.5439 0.4022 0.6856
0.73907 0.899 0.6721 1.126
0.81113 1.474 1.113 1.835
0.89022 2.35 1.8 2.901
0.9770099999999999 3.676 2.849 4.504
1.07227 5.525 4.32 6.725
1.1768100000000001 8.416 6.64 10.18
1.29155 12.82 10.2 15.42
1.41747 18.82 15.04 22.53
1.5556800000000002 27.65 22.21 33.01
1.70735 39.73 32.1 47.42
1.8738199999999998 56.12 45.49 66.81
2.0565100000000003 78.36 63.7 93.02
2.25702 106.4 86.71 126.0
2.47708 148.7 121.6 175.8
2.71859 197.8 161.7 233.6
2.98365 267.9 218.9 316.0
3.27455 350.4 285.6 412.3
3.59381 461.1 375.1 541.0
3.9442100000000004 598.6 485.6 699.7
4.32876 756.3 610.6 879.5
4.7508099999999995 968.1 777.1 1119.0
5.21401 1232.0 982.8 1415.0
5.72237 1546.0 1224.0 1764.0
6.28029 1932.0 1518.0 2188.0
6.89261 2397.0 1870.0 2691.0
7.564629999999999 2956.0 2287.0 3286.0
8.30218 3644.0 2792.0 4014.0
9.11163 4469.0 3387.0 4882.0
10.0 5481.0 4118.0 5938.0
end
reaction: o16 he4 -> ne20 ; label: o16+he4_to_ne20 ; table: nacre ; variant: standard
0.001 9.999e-100 9.999e-100 9.999e-100
0.0010999999999999998 9.999e-100 9.999e-100 9.999e-100
0.0012000000000000001 9.999e-100 9.999e-100 9.999e-100
0.00132 9.999e-100 9.999e-100 9.999e-100
0.0014500000000000001 9.999e-100 9.999e-100 9.999e-100
0.00159 9.999e-100 9.999e-100 9.999e-100
0.0017500000000000003 9.999e-100 9.999e-100 9.999e-100
0.0019199999999999998 9.999e-100 9.999e-100 9.999e-100
0.0021000000000000003 9.999e-100 9.999e-100 9.999e-100
0.00231 9.999e-100 9.999e-100 9.999e-100
0.0025399999999999997 9.999e-100 9.999e-100 9.999e-100
0.00278 9.999e-100 9.999e-100 9.999e-100
0.0030499999999999998 9.999e-100 9.999e-100 9.999e-100
0.00335 9.999e-100 9.999e-100 9.999e-100
0.00368 9.999e-100 9.999e-100 9.999e-100
0.00404 9.999e-100 9.999e-100 9.999e-100
0.00443 9.999e-100 9.999e-100 9.999e-100
0.00486 9.999e-100 9.999e-100 9.999e-100
0.00534 9.999e-100 9.999e-100 9.999e-100
0.00586 9.999e-100 9.999e-100 9.999e-100
0.00643 9.999e-100 9.999e-100 9.999e-100
0.007049999999999999 9.999e-100 9.999e-100 9.999e-100
0.0077399999999999995 9.999e-100 9.999e-100 9.999e-100
0.0085 9.999e-100 9.999e-100 9.999e-100
0.00933 9.999e-100 9.999e-100 9.999e-100
0.01024 9.999e-100 9.999e-100 9.999e-100
0.01123 9.999e-100 9.999e-100 9.999e-100
0.01233 9.999e-100 9.999e-100 9.999e-100
0.01353 9.999e-100 9.999e-100 9.999e-100
0.014849999999999999 9.999e-100 9.999e-100 9.999e-100
0.016300000000000002 9.999e-100 9.999e-100 9.999e-100
0.01789 9.999e-100 9.999e-100 9.999e-100
0.01963 9.999e-100 9.999e-100 9.999e-100
0.02154 9.999e-100 9.999e-100 9.999e-100
0.02364 9.999e-100 9.999e-100 9.999e-100
0.02595 9.999e-100 9.999e-100 9.999e-100
0.02848 9.999e-100 9.999e-100 9.999e-100
0.031259999999999996 9.999e-100 9.999e-100 9.999e-100
0.034300000000000004 9.999e-100 9.999e-100 9.999e-100
0.03765 9.999e-100 9.999e-100 9.999e-100
0.04132 9.999e-100 9.999e-100 9.999e-100
0.04535 9.999e-100 9.999e-100 9.999e-100
0.049769999999999995 9.999e-100 9.999e-100 9.999e-100
0.05462 9.999e-100 9.999e-100 9.999e-100
0.05995 9.999e-100 9.999e-100 9.999e-100
0.06579 9.999e-100 9.999e-100 9.999e-100
0.07221 9.999e-100 9.999e-100 9.999e-100
0.07925 9.999e-100 9.999e-100 9.999e-100
0.08697 9.999e-100 9.999e-100 9.999e-100
0.09545000000000001 9.999e-100 9.999e-100 9.999e-100
0.10476 2.767e-26 5.519e-27 4.653e-26
0.11498 3.443e-25 6.871e-26 5.786e-25
0.12619 3.948e-24 7.906e-25 6.64e-24
0.13849 4.225e-23 8.453e-24 7.113e-23
0.15199000000000001 4.138e-22 8.276e-23 6.981e-22
0.16680999999999999 3.638e-21 7.299e-22 6.131e-21
0.18307 3.231e-20 6.706e-21 5.428e-20
0.20092 2.933e-19 7.249e-20 4.835e-19
0.22050999999999998 5.7e-18 2.139e-18 8.674e-18
0.24201 1.479e-16 8.78e-17 2.062e-16
0.26561 3.864e-15 2.77e-15 5.153e-15
0.29151 1.165e-13 8.615e-14 1.524e-13
0.31993 2.33e-12 1.756e-12 3.009e-12
0.35112 4.297e-11 3.281e-11 5.486e-11
0.38534999999999997 4.83e-10 3.741e-10 6.126e-10
0.42291999999999996 4.812e-9 3.763e-9 6.048e-9
0.46416 4.007e-8 3.152e-8 4.984e-8
0.50941 2.684e-7 2.126e-7 3.31e-7
0.55908 1.41e-6 1.127e-6 1.726e-6
0.6135900000000001 7.667e-6 6.181e-6 9.315e-6
0.67342 3.23e-5 2.624e-5 3.897e-5
0.73907 0.0001241 0.0001015 0.0001488
0.81113 0.0004372 0.0003592 0.0005213
0.89022 0.001325 0.001097 0.001578
0.9770099999999999 0.003608 0.003002 0.004266
1.07227 0.008311 0.006939 0.009773
1.1768100000000001 0.01913 0.01603 0.02239
1.29155 0.04252 0.03576 0.04955
1.41747 0.08157 0.06894 0.09478
1.5556800000000002 0.1527 0.1296 0.145
1.70735 0.2634
1.8738199999999998 0.4246
2.0565100000000003 0.6531 0.5575 0.7521
2.25702 0.9308 0.7973 1.07
2.47708 1.373 1.181 1.575
2.71859 1.838 1.583 2.107
2.98365 2.493 2.149 2.856
3.27455 3.196 2.757 3.652
3.59381 4.111 3.547 4.684
3.9442100000000004 5.201 4.488 5.916
4.32876 6.529 5.638 7.415
4.7508099999999995 8.331 7.201 9.447
5.21401 10.87 9.384 12.33
5.72237 14.51 12.49 16.53
6.28029 19.92 17.09 22.8
6.89261 28.14 24.1 32.43
7.564629999999999 40.51 34.49 46.8
8.30218 59.12 50.06 68.43
9.11163 86.25 72.87 100.1
10.0 124.0 105.0 144.0
end
reaction: o17 p -> f18 ; label: o17+p_to_f18 ; table: nacre ; variant: standard
0.001 9.999e-100 9.999e-100 9.999e-100
0.0010999999999999998 9.999e-100 9.999e-100 9.999e-100
0.0012000000000000001 9.999e-100 9.999e-100 9.999e-100
0.00132 9.999e-100 9.999e-100 9.999e-100
0.0014500000000000001 9.999e-100 9.999e-100 9.999e-100
0.00159 9.999e-100 9.999e-100 9.999e-100
0.0017500000000000003 9.999e-100 9.999e-100 9.999e-100
0.0019199999999999998 9.999e-100 9.999e-100 9.999e-100
0.0021000000000000003 9.999e-100 9.999e-100 9.999e-100
0.00231 9.999e-100 9.999e-100 9.999e-100
0.0025399999999999997 9.999e-100 9.999e-100 9.999e-100
0.00278 9.999e-100 9.999e-100 9.999e-100
0.0030499999999999998 9.999e-100 9.999e-100 9.999e-100
0.00335 9.999e-100 9.999e-100 9.999e-100
0.00368 9.999e-100 9.999e-100 9.999e-100
0.00404 9.999e-100 9.999e-100 9.999e-100
0.00443 9.999e-100 9.999e-100 9.999e-100
0.00486 9.999e-100 9.999e-100 9.999e-100
0.00534 9.999e-100 9.999e-100 9.999e-100
0.00586 9.999e-100 9.999e-100 9.999e-100
0.00643 9.999e-100 9.999e-100 9.999e-100
0.007049999999999999 9.999e-100 9.999e-100 9.999e-100
0.0077399999999999995 9.999e-100 9.999e-100 9.999e-100
0.0085 9.999e-100 9.999e-100 9.999e-100
0.00933 1.09e-25 8.716e-26 1.308e-25
0.01024 1.173e-24 9.393e-25 1.408e-24
0.01123 1.162e-23 9.294e-24 1.395e-23
0.01233 1.065e-22 8.519e-23 1.278e-22
0.01353 9.115e-22 7.304e-22 1.094e-21
0.014849999999999999 7.38e-21 5.904e-21 8.823e-21
0.016300000000000002 5.434e-20 4.349e-20 6.519e-20
0.01789 3.884e-19 3.102e-19 4.666e-19
0.01963 2.57e-18 2.052e-18 3.104e-18
0.02154 1.585e-17 1.252e-17 1.962e-17
0.02364 1.099e-16 8.545e-17 1.403e-16
0.02595 8.249e-16 6.316e-16 1.09e-15
0.02848 6.362e-15 4.795e-15 8.738e-15
0.031259999999999996 4.448e-14 3.321e-14 6.26e-14
0.034300000000000004 2.533e-13 1.892e-13 3.578e-13
0.03765 1.709e-12 1.278e-12 2.424e-12
0.04132 1.036e-11 7.762e-12 1.47e-11
0.04535 4.214e-11 3.18e-11 5.941e-11
0.049769999999999995 1.966e-10 1.495e-10 2.752e-10
0.05462 6.189e-10 4.737e-10 8.613e-10
0.05995 2.115e-9 1.63e-9 2.925e-9
0.06579 5.583e-9 4.32e-9 7.753e-9
0.07221 1.488e-8 1.152e-8 2.143e-8
0.07925 3.685e-8 2.826e-8 5.897e-8
0.08697 8.895e-8 6.419e-8 2.021e-7
0.09545000000000001 2.322e-7 1.432e-7 8.513e-7
0.10476 6.859e-7 3.139e-7 4.029e-6
0.11498 2.29e-6 6.825e-7 1.856e-5
0.12619 8.023e-6 1.482e-6 7.716e-5
0.13849 2.741e-5 3.202e-6 0.000285
0.15199000000000001 8.605e-5 6.815e-6 0.0009229
0.16680999999999999 0.0002396 1.393e-5 0.002585
0.18307 0.0006321 2.8e-5 0.006848
0.20092 0.001507 5.361e-5 0.01621
0.22050999999999998 0.00297 9.049e-5 0.03181
0.24201 0.00625 0.0001607 0.06669
0.26561 0.01168 0.0002822 0.1238
0.29151 0.02084 0.0005036 0.219
0.31993 0.03508 0.001242 0.3588
0.35112 0.05884 0.003798 0.5778
0.38534999999999997 0.1014 0.01393 0.8779
0.42291999999999996 0.1923 0.04976 1.371
0.46416 0.405 0.1655 2.234
0.50941 0.9229 0.4855 3.887
0.55908 2.096 1.231 7.178
0.6135900000000001 4.888 3.171 13.75
0.67342 10.38 6.984 26.0
0.73907 21.0 14.52 48.06
0.81113 40.56 28.58 86.81
0.89022 72.17 51.59 147.1
0.9770099999999999 120.9 87.14 236.3
1.07227 184.2 133.8 349.4
1.1768100000000001 279.9 204.9 515.6
1.29155 416.6 307.2 746.6
1.41747 572.9 425.1 1004.0
1.5556800000000002 776.1 579.1 1332.0
1.70735 1004.0 752.5 1692.0
1.8738199999999998 1250.0 942.6 2073.0
2.0565100000000003 1513.0 1148.0 2475.0
2.25702 1758.0 1338.0 2842.0
2.47708 2074.0 1582.0 3307.0
2.71859 2305.0 1762.0 3638.0
2.98365 2567.0 1967.0 4005.0
3.27455 2915.0 2282.0 4396.0
3.59381 3318.0 2649.0 4834.0
3.9442100000000004 3724.0 2990.0 5277.0
4.32876 4149.0 3302.0 5827.0
4.7508099999999995 4657.0 3660.0 6501.0
5.21401 5246.0 4030.0 7362.0
5.72237 5922.0 4383.0 8485.0
6.28029 6747.0 4768.0 9974.0
6.89261 7765.0 5184.0 11990.0
7.564629999999999 8943.0 5587.0 14580.0
8.30218 10370.0 6040.0 18010.0
9.11163 12100.0 6559.0 22580.0
10.0 14100.0 7069.0 28290.0
end
reaction: o17 p -> he4 n14 ; label: o17+p_to_he4+n14 ; table: nacre ; variant: standard
0.001 9.999e-100 9.999e-100 9.999e-100
0.0010999999999999998 9.999e-100 9.999e-100 9.999e-100
0.0012000000000000001 9.999e-100 9.999e-100 9.999e-100
0.00132 9.999e-100 9.999e-100 9.999e-100
0.0014500000000000001 9.999e-100 9.999e-100 9.999e-100
0.00159 9.999e-100 9.999e-100 9.999e-100
0.0017500000000000003 9.999e-100 9.999e-100 9.999e-100
0.0019199999999999998 9.999e-100 9.999e-100 9.999e-100
0.0021000000000000003 9.999e-100 9.999e-100 9.999e-100
0.00231 9.999e-100 9.999e-100 9.999e-100
0.0025399999999999997 9.999e-100 9.999e-100 9.999e-100
0.00278 9.999e-100 9.999e-100 9.999e-100
0.0030499999999999998 9.999e-100 9.999e-100 9.999e-100
0.00335 9.999e-100 9.999e-100 9.999e-100
0.00368 9.999e-100 9.999e-100 9.999e-100
0.00404 9.999e-100 9.999e-100 9.999e-100
0.00443 9.999e-100 9.999e-100 9.999e-100
0.00486 9.999e-100 9.999e-100 9.999e-100
0.00534 9.999e-100 9.999e-100 9.999e-100
0.00586 9.999e-100 9.999e-100 9.999e-100
0.00643 9.999e-100 9.999e-100 9.999e-100
0.007049999999999999 9.999e-100 9.999e-100 9.999e-100
0.0077399999999999995 9.999e-100 9.999e-100 9.999e-100
0.0085 9.999e-100 9.999e-100 9.999e-100
0.00933 2.965e-25 2.123e-25 3.845e-25
0.01024 2.915e-24 2.085e-24 3.766e-24
0.01123 2.636e-23 1.904e-23 3.404e-23
0.01233 2.224e-22 1.614e-22 2.873e-22
0.01353 1.769e-21 1.291e-21 2.285e-21
0.014849999999999999 1.344e-20 9.836e-21 1.736e-20
0.016300000000000002 9.725e-20 7.227e-20 1.257e-19
0.01789 7.526e-19 5.695e-19 9.761e-19
0.01963 8.135e-18 6.395e-18 1.065e-17
0.02154 1.079e-16 8.639e-17 1.417e-16
0.02364 1.824e-15 1.48e-15 2.401e-15
0.02595 2.812e-14 2.302e-14 3.71e-14
0.02848 3.187e-13 2.607e-13 4.209e-13
0.031259999999999996 2.893e-12 2.365e-12 3.821e-12
0.034300000000000004 1.771e-11 1.448e-11 2.338e-11
0.03765 1.293e-10 1.058e-10 1.707e-10
0.04132 8.3e-10 6.789e-10 1.095e-9
0.04535 3.398e-9 2.775e-9 4.481e-9
0.049769999999999995 1.596e-8 1.301e-8 2.104e-8
0.05462 4.962e-8 4.047e-8 6.543e-8
0.05995 1.67e-7 1.364e-7 2.204e-7
0.06579 4.261e-7 3.482e-7 5.621e-7
0.07221 1.08e-6 8.833e-7 1.427e-6
0.07925 2.463e-6 2.015e-6 3.276e-6
0.08697 5.025e-6 4.1e-6 6.857e-6
0.09545000000000001 9.745e-6 7.861e-6 1.435e-5
0.10476 1.8e-5 1.41e-5 3.198e-5
0.11498 3.266e-5 2.375e-5 8.201e-5
0.12619 6.147e-5 3.797e-5 0.0002428
0.13849 0.0001262 5.822e-5 0.0007632
0.15199000000000001 0.0002863 8.613e-5 0.002314
0.16680999999999999 0.0006749 0.0001255 0.006319
0.18307 0.001619 0.0001905 0.0165
0.20092 0.00374 0.0003339 0.03894
0.22050999999999998 0.008413 0.001227 0.07759
0.24201 0.02048 0.005118 0.1653
0.26561 0.06263 0.02528 0.3473
0.29151 0.2313 0.1483 0.7462
0.31993 0.8996 0.7107 1.891
0.35112 3.812 3.283 5.466
0.38534999999999997 13.22 11.6 16.73
0.42291999999999996 42.98 38.2 50.33
0.46416 126.9 113.6 143.7
0.50941 332.4 298.5 371.7
0.55908 762.2 685.6 847.2
0.6135900000000001 1773.0 1598.0 1960.0
0.67342 3599.0 3247.0 3969.0
0.73907 6956.0 6292.0 7660.0
0.81113 12850.0 11650.0 14140.0
0.89022 22150.0 20010.0 24310.0
0.9770099999999999 36210.0 32760.0 39670.0
1.07227 55060.0 49930.0 60320.0
1.1768100000000001 84040.0 76450.0 92160.0
1.29155 127500.0 116100.0 140000.0
1.41747 184000.0 167100.0 202000.0
1.5556800000000002 266000.0 240700.0 292100.0
1.70735 377100.0 340200.0 414300.0
1.8738199999999998 526400.0 472900.0 580200.0
2.0565100000000003 729200.0 651100.0 807700.0
2.25702 990100.0 875100.0 1.102e6
2.47708 1.385e6 1.211e6 1.55e6
2.71859 1.841e6 1.593e6 2.078e6
2.98365 2.493e6 2.134e6 2.841e6
3.27455 3.23e6 2.736e6 3.722e6
3.59381 4.199e6 3.516e6 4.894e6
3.9442100000000004 5.353e6 4.422e6 6.303e6
4.32876 6.672e6 5.469e6 7.904e6
4.7508099999999995 8.424e6 6.855e6 1.003e7
5.21401 1.057e7 8.462e6 1.28e7
5.72237 1.306e7 1.016e7 1.631e7
6.28029 1.611e7 1.235e7 2.043e7
6.89261 1.979e7 1.52e7 2.502e7
7.564629999999999 2.374e7 1.824e7 3.006e7
8.30218 2.838e7 2.18e7 3.596e7
9.11163 3.369e7 2.589e7 4.261e7
10.0 3.927e7 3.028e7 4.965e7
end
reaction: o17 he4 -> n ne20 ; label: o17+he4_to_n+ne20 ; table: nacre ; variant: standard
0.001 9.999e-100 9.999e-100 9.999e-100
0.0010999999999999998 9.999e-100 9.999e-100 9.999e-100
0.0012000000000000001 9.999e-100 9.999e-100 9.999e-100
0.00132 9.999e-100 9.999e-100 9.999e-100
0.0014500000000000001 9.999e-100 9.999e-100 9.999e-100
0.00159 9.999e-100 9.999e-100 9.999e-100
0.0017500000000000003 9.999e-100 9.999e-100 9.999e-100
0.0019199999999999998 9.999e-100 9.999e-100 9.999e-100
0.0021000000000000003 9.999e-100 9.999e-100 9.999e-100
0.00231 9.999e-100 9.999e-100 9.999e-100
0.0025399999999999997 9.999e-100 9.999e-100 9.999e-100
0.00278 9.999e-100 9.999e-100 9.999e-100
0.0030499999999999998 9.999e-100 9.999e-100 9.999e-100
0.00335 9.999e-100 9.999e-100 9.999e-100
0.00368 9.999e-100 9.999e-100 9.999e-100
0.00404 9.999e-100 9.999e-100 9.999e-100
0.00443 9.999e-100 9.999e-100 9.999e-100
0.00486 9.999e-100 9.999e-100 9.999e-100
0.00534 9.999e-100 9.999e-100 9.999e-100
0.00586 9.999e-100 9.999e-100 9.999e-100
0.00643 9.999e-100 9.999e-100 9.999e-100
0.007049999999999999 9.999e-100 9.999e-100 9.999e-100
0.0077399999999999995 9.999e-100 9.999e-100 9.999e-100
0.0085 9.999e-100 9.999e-100 9.999e-100
0.00933 9.999e-100 9.999e-100 9.999e-100
0.01024 9.999e-100 9.999e-100 9.999e-100
0.01123 9.999e-100 9.999e-100 9.999e-100
0.01233 9.999e-100 9.999e-100 9.999e-100
0.01353 9.999e-100 9.999e-100 9.999e-100
0.014849999999999999 9.999e-100 9.999e-100 9.999e-100
0.016300000000000002 9.999e-100 9.999e-100 9.999e-100
0.01789 9.999e-100 9.999e-100 9.999e-100
0.01963 9.999e-100 9.999e-100 9.999e-100
0.02154 9.999e-100 9.999e-100 9.999e-100
0.02364 9.999e-100 9.999e-100 9.999e-100
0.02595 9.999e-100 9.999e-100 9.999e-100
0.02848 9.999e-100 9.999e-100 9.999e-100
0.031259999999999996 9.999e-100 9.999e-100 9.999e-100
0.034300000000000004 9.999e-100 9.999e-100 9.999e-100
0.03765 9.999e-100 9.999e-100 9.999e-100
0.04132 9.999e-100 9.999e-100 9.999e-100
0.04535 9.999e-100 9.999e-100 9.999e-100
0.049769999999999995 9.999e-100 9.999e-100 9.999e-100
0.05462 9.999e-100 9.999e-100 9.999e-100
0.05995 9.999e-100 9.999e-100 9.999e-100
0.06579 9.999e-100 9.999e-100 9.999e-100
0.07221 5.649e-24 2.275e-25 1.015e-22
0.07925 1.034e-22 4.376e-24 2.164e-21
0.08697 1.603e-21 7.163e-23 3.582e-20
0.09545000000000001 2.364e-20 1.131e-21 5.381e-19
0.10476 3.22e-19 1.682e-20 7.147e-18
0.11498 4.04e-18 2.352e-19 8.361e-17
0.12619 4.677e-17 3.06e-18 8.655e-16
0.13849 5.029e-16 4.028e-17 8.063e-15
0.15199000000000001 4.942e-15 4.738e-16 6.895e-14
0.16680999999999999 4.342e-14 4.992e-15 5.476e-13
0.18307 3.793e-13 5.36e-14 4.443e-12
0.20092 3.048e-12 5.312e-13 3.378e-11
0.22050999999999998 1.985e-11 4.56e-12 1.956e-10
0.24201 1.551e-10 4.828e-11 1.344e-9
0.26561 1.124e-9 4.678e-10 7.537e-9
0.29151 8.459e-9 4.729e-9 4.015e-8
0.31993 5.978e-8 4.053e-8 1.954e-7
0.35112 4.464e-7 3.506e-7 9.778e-7
0.38534999999999997 2.68e-6 2.23e-6 4.534e-6
0.42291999999999996 1.512e-5 1.309e-5 2.116e-5
0.46416 7.669e-5 6.784e-5 9.555e-5
0.50941 0.0003361 0.0003005 0.0003943
0.55908 0.00125 0.001125 0.001428
0.6135900000000001 0.004846 0.004389 0.005396
0.67342 0.01608 0.0146 0.0177
0.73907 0.05211 0.04735 0.05699
0.81113 0.1663 0.1511 0.1815
0.89022 0.5109 0.4639 0.5579
0.9770099999999999 1.549 1.401 1.703
1.07227 4.39 3.925 4.866
1.1768100000000001 13.03 11.47 14.57
1.29155 38.64 33.51 43.69
1.41747 103.7 88.74 118.8
1.5556800000000002 276.8 233.4 321.5
1.70735 689.4 571.4 809.8
1.8738199999999998 1599.0 1304.0 1893.0
2.0565100000000003 3530.0 2840.0 4208.0
2.25702 7088.0 5650.0 8514.0
2.47708 15240.0 12020.0 18450.0
2.71859 28260.0 22110.0 34430.0
2.98365 54270.0 42090.0 66540.0
3.27455 94440.0 72980.0 116300.0
3.59381 165500.0 127300.0 204600.0
3.9442100000000004 278000.0 212000.0 344300.0
4.32876 434300.0 330100.0 538000.0
4.7508099999999995 692400.0 524800.0 857900.0
5.21401 1.081e6 818200.0 1.342e6
5.72237 1.62e6 1.227e6 2.017e6
6.28029 2.399e6 1.812e6 2.992e6
6.89261 3.492e6 2.624e6 4.354e6
7.564629999999999 4.906e6 3.688e6 6.123e6
8.30218 6.841e6 5.145e6 8.544e6
9.11163 9.399e6 7.059e6 1.173e7
10.0 1.27e7 9.5e6 1.58e7
end
reaction: o18 p -> f19 ; label: o18+p_to_f19 ; table: nacre ; variant: standard
0.001 9.999e-100 9.999e-100 9.999e-100
0.0010999999999999998 9.999e-100 9.999e-100 9.999e-100
0.0012000000000000001 9.999e-100 9.999e-100 9.999e-100
0.00132 9.999e-100 9.999e-100 9.999e-100
0.0014500000000000001 9.999e-100 9.999e-100 9.999e-100
0.00159 9.999e-100 9.999e-100 9.999e-100
0.0017500000000000003 9.999e-100 9.999e-100 9.999e-100
0.0019199999999999998 9.999e-100 9.999e-100 9.999e-100
0.0021000000000000003 9.999e-100 9.999e-100 9.999e-100
0.00231 9.999e-100 9.999e-100 9.999e-100
0.0025399999999999997 9.999e-100 9.999e-100 9.999e-100
0.00278 9.999e-100 9.999e-100 9.999e-100
0.0030499999999999998 9.999e-100 9.999e-100 9.999e-100
0.00335 9.999e-100 9.999e-100 9.999e-100
0.00368 9.999e-100 9.999e-100 9.999e-100
0.00404 9.999e-100 9.999e-100 9.999e-100
0.00443 9.999e-100 9.999e-100 9.999e-100
0.00486 9.999e-100 9.999e-100 9.999e-100
0.00534 9.999e-100 9.999e-100 9.999e-100
0.00586 9.999e-100 9.999e-100 9.999e-100
0.00643 9.999e-100 9.999e-100 9.999e-100
0.007049999999999999 9.925e-28 1.434e-28 4.344e-25
0.0077399999999999995 1.462e-26 1.848e-27 5.663e-24
0.0085 1.834e-25 2.293e-26 6.23e-23
0.00933 1.911e-24 2.687e-25 5.614e-22
0.01024 1.636e-23 2.918e-24 4.074e-21
0.01123 1.184e-22 2.916e-23 2.422e-20
0.01233 7.692e-22 2.688e-22 1.211e-19
0.01353 4.761e-21 2.328e-21 5.189e-19
0.014849999999999999 2.969e-20 1.904e-20 1.958e-18
0.016300000000000002 1.861e-19 1.418e-19 6.379e-18
0.01789 1.216e-18 1.025e-18 1.94e-17
0.01963 7.672e-18 6.792e-18 5.538e-17
0.02154 4.251e-17 3.828e-17 1.692e-16
0.02364 2.577e-16 2.345e-16 5.734e-16
0.02595 1.551e-15 1.414e-15 2.299e-15
0.02848 8.362e-15 7.516e-15 1.139e-14
0.031259999999999996 4.567e-14 3.781e-14 6.52e-14
0.034300000000000004 2.409e-13 1.668e-13 4.35e-13
0.03765 1.495e-12 8.5e-13 3.493e-12
0.04132 9.736e-12 4.544e-12 2.756e-11
0.04535 5.915e-11 2.303e-11 1.729e-10
0.049769999999999995 4.286e-10 1.367e-10 1.297e-9
0.05462 2.72e-9 1.159e-9 6.757e-9
0.05995 2.03e-8 1.222e-8 4.01e-8
0.06579 1.391e-7 1.009e-7 2.187e-7
0.07221 9.951e-7 8.407e-7 1.283e-6
0.07925 6.402e-6 5.75e-6 7.421e-6
0.08697 3.343e-5 3.082e-5 3.701e-5
0.09545000000000001 0.0001558 0.0001457 0.0001681
0.10476 0.0006312 0.0005949 0.0006729
0.11498 0.002237 0.002116 0.002372
0.12619 0.007003 0.006644 0.007419
0.13849 0.01975 0.0187 0.02084
0.15199000000000001 0.04951 0.04692 0.0522
0.16680999999999999 0.1108 0.1049 0.1166
0.18307 0.239 0.2264 0.2515
0.20092 0.4983 0.4717 0.5239
0.22050999999999998 0.8094 0.7661 0.8517
0.24201 1.378 1.305 1.452
0.26561 2.176 2.061 2.292
0.29151 3.344 3.169 3.519
0.31993 4.813 4.563 5.065
0.35112 6.8 6.447 7.164
0.38534999999999997 8.909 8.458 9.426
0.42291999999999996 11.44 10.85 12.12
0.46416 14.31 13.53 15.14
0.50941 17.44 16.41 18.38
0.55908 20.59 19.37 21.76
0.6135900000000001 24.5 23.02 25.99
0.67342 28.9 27.01 30.86
0.73907 34.97 32.36 37.68
0.81113 43.68 39.84 47.62
0.89022 57.68 51.79 63.76
0.9770099999999999 80.56 71.1 90.29
1.07227 116.0 101.2 131.3
1.1768100000000001 172.6 149.3 197.1
1.29155 258.8 222.2 297.5
1.41747 380.1 325.0 437.4
1.5556800000000002 555.5 473.7 639.6
1.70735 786.3 670.3 905.1
1.8738199999999998 1068.0 912.0 1225.0
2.0565100000000003 1432.0 1223.0 1640.0
2.25702 1911.0 1617.0 2200.0
2.47708 2622.0 2199.0 3036.0
2.71859 3422.0 2840.0 3999.0
2.98365 4540.0 3727.0 5362.0
3.27455 5818.0 4714.0 6931.0
3.59381 7477.0 5969.0 8990.0
3.9442100000000004 9410.0 7379.0 11430.0
4.32876 11540.0 8876.0 14210.0
4.7508099999999995 14300.0 10770.0 17890.0
5.21401 17510.0 12860.0 22250.0
5.72237 20960.0 14910.0 27040.0
6.28029 24850.0 17040.0 32670.0
6.89261 29070.0 19110.0 39100.0
7.564629999999999 33490.0 20880.0 46120.0
8.30218 38290.0 22390.0 54130.0
9.11163 43090.0 23260.0 62800.0
10.0 47330.0 23140.0 71420.0
end
reaction: o18 p -> he4 n15 ; label: o18+p_to_he4+n15 ; table: nacre ; variant: standard
0.001 9.999e-100 9.999e-100 9.999e-100
0.0010999999999999998 9.999e-100 9.999e-100 9.999e-100
0.0012000000000000001 9.999e-100 9.999e-100 9.999e-100
0.00132 9.999e-100 9.999e-100 9.999e-100
0.0014500000000000001 9.999e-100 9.999e-100 9.999e-100
0.00159 9.999e-100 9.999e-100 9.999e-100
0.0017500000000000003 9.999e-100 9.999e-100 9.999e-100
0.0019199999999999998 9.999e-100 9.999e-100 9.999e-100
0.0021000000000000003 9.999e-100 9.999e-100 9.999e-100
0.00231 9.999e-100 9.999e-100 9.999e-100
0.0025399999999999997 9.999e-100 9.999e-100 9.999e-100
0.00278 9.999e-100 9.999e-100 9.999e-100
0.0030499999999999998 9.999e-100 9.999e-100 9.999e-100
0.00335 9.999e-100 9.999e-100 9.999e-100
0.00368 9.999e-100 9.999e-100 9.999e-100
0.00404 9.999e-100 9.999e-100 9.999e-100
0.00443 9.999e-100 9.999e-100 9.999e-100
0.00486 9.999e-100 9.999e-100 9.999e-100
0.00534 9.999e-100 9.999e-100 9.999e-100
0.00586 9.999e-100 9.999e-100 9.999e-100
0.00643 9.999e-100 9.999e-100 9.999e-100
0.007049999999999999 1.031e-24 1.88e-25 2.241e-23
0.0077399999999999995 1.512e-23 2.491e-24 2.853e-22
0.0085 1.897e-22 3.1e-23 3.136e-21
0.00933 1.982e-21 3.519e-22 2.914e-20
0.01024 1.71e-20 3.551e-21 2.265e-19
0.01123 1.266e-19 3.224e-20 1.496e-18
0.01233 8.461e-19 2.706e-19 8.821e-18
0.01353 5.413e-18 2.143e-18 4.762e-17
0.014849999999999999 3.5e-17 1.631e-17 2.432e-16
0.016300000000000002 2.252e-16 1.15e-16 1.173e-15
0.01789 1.494e-15 7.985e-16 5.674e-15
0.01963 9.493e-15 5.153e-15 2.748e-14
0.02154 5.223e-14 2.849e-14 1.302e-13
0.02364 3.131e-13 1.713e-13 6.871e-13
0.02595 1.85e-12 1.014e-12 3.712e-12
0.02848 9.667e-12 5.298e-12 1.901e-11
0.031259999999999996 4.753e-11 2.604e-11 9.235e-11
0.034300000000000004 2.032e-10 1.113e-10 3.952e-10
0.03765 1.001e-9 5.479e-10 1.949e-9
0.04132 4.869e-9 2.671e-9 9.46e-9
0.04535 1.989e-8 1.099e-8 3.835e-8
0.049769999999999995 9.321e-8 5.194e-8 1.782e-7
0.05462 4.776e-7 2.864e-7 8.444e-7
0.05995 2.86e-6 1.866e-6 4.623e-6
0.06579 1.974e-5 1.38e-5 2.92e-5
0.07221 0.0001437 0.0001064 0.0001964
0.07925 0.0009557 0.0007295 0.001248
0.08697 0.00509 0.00398 0.006497
0.09545000000000001 0.02414 0.01924 0.03023
0.10476 0.09959 0.0805 0.1226
0.11498 0.3575 0.2927 0.4344
0.12619 1.13 0.9375 1.363
0.13849 3.206 2.689 3.823
0.15199000000000001 8.129 6.863 9.604
0.16680999999999999 18.31 15.57 21.48
0.18307 39.41 33.8 46.0
0.20092 77.6 66.85 90.0
0.22050999999999998 131.3 113.5 152.1
0.24201 234.0 203.1 270.5
0.26561 380.3 330.4 440.5
0.29151 596.2 517.8 693.6
0.31993 886.2 763.9 1042.0
0.35112 1305.0 1112.0 1559.0
0.38534999999999997 1845.0 1546.0 2260.0
0.42291999999999996 2664.0 2180.0 3364.0
0.46416 3977.0 3168.0 5179.0
0.50941 6325.0 4943.0 8363.0
0.55908 10950.0 8610.0 14250.0
0.6135900000000001 19930.0 15900.0 25360.0
0.67342 38150.0 31610.0 46460.0
0.73907 73640.0 63490.0 85840.0
0.81113 143100.0 128400.0 159800.0
0.89022 267500.0 248000.0 289900.0
0.9770099999999999 479700.0 454100.0 506900.0
1.07227 791500.0 760500.0 824600.0
1.1768100000000001 1.312e6 1.279e6 1.351e6
1.29155 2.139e6 2.106e6 2.182e6
1.41747 3.215e6 3.173e6 3.264e6
1.5556800000000002 4.763e6 4.705e6 4.82e6
1.70735 6.711e6 6.622e6 6.792e6
1.8738199999999998 9.04e6 8.897e6 9.176e6
2.0565100000000003 1.18e7 1.158e7 1.202e7
2.25702 1.467e7 1.435e7 1.496e7
2.47708 1.863e7 1.815e7 1.902e7
2.71859 2.204e7 2.139e7 2.263e7
2.98365 2.622e7 2.533e7 2.71e7
3.27455 2.974e7 2.864e7 3.095e7
3.59381 3.362e7 3.222e7 3.52e7
3.9442100000000004 3.728e7 3.545e7 3.922e7
4.32876 4.02e7 3.795e7 4.26e7
4.7508099999999995 4.336e7 4.061e7 4.635e7
5.21401 4.649e7 4.312e7 5.019e7
5.72237 4.933e7 4.518e7 5.391e7
6.28029 5.237e7 4.728e7 5.801e7
6.89261 5.558e7 4.938e7 6.252e7
7.564629999999999 5.919e7 5.151e7 6.773e7
8.30218 6.336e7 5.388e7 7.384e7
9.11163 6.813e7 5.657e7 8.086e7
10.0 7.3e7 5.924e7 8.816e7
end
reaction: o18 he4 -> ne22 ; label: o18+he4_to_ne22 ; table: nacre ; variant: standard
0.001 9.999e-100 9.999e-100 9.999e-100
0.0010999999999999998 9.999e-100 9.999e-100 9.999e-100
0.0012000000000000001 9.999e-100 9.999e-100 9.999e-100
0.00132 9.999e-100 9.999e-100 9.999e-100
0.0014500000000000001 9.999e-100 9.999e-100 9.999e-100
0.00159 9.999e-100 9.999e-100 9.999e-100
0.0017500000000000003 9.999e-100 9.999e-100 9.999e-100
0.0019199999999999998 9.999e-100 9.999e-100 9.999e-100
0.0021000000000000003 9.999e-100 9.999e-100 9.999e-100
0.00231 9.999e-100 9.999e-100 9.999e-100
0.0025399999999999997 9.999e-100 9.999e-100 9.999e-100
0.00278 9.999e-100 9.999e-100 9.999e-100
0.0030499999999999998 9.999e-100 9.999e-100 9.999e-100
0.00335 9.999e-100 9.999e-100 9.999e-100
0.00368 9.999e-100 9.999e-100 9.999e-100
0.00404 9.999e-100 9.999e-100 9.999e-100
0.00443 9.999e-100 9.999e-100 9.999e-100
0.00486 9.999e-100 9.999e-100 9.999e-100
0.00534 9.999e-100 9.999e-100 9.999e-100
0.00586 9.999e-100 9.999e-100 9.999e-100
0.00643 9.999e-100 9.999e-100 9.999e-100
0.007049999999999999 9.999e-100 9.999e-100 9.999e-100
0.0077399999999999995 9.999e-100 9.999e-100 9.999e-100
0.0085 9.999e-100 9.999e-100 9.999e-100
0.00933 9.999e-100 9.999e-100 9.999e-100
0.01024 9.999e-100 9.999e-100 9.999e-100
0.01123 9.999e-100 9.999e-100 9.999e-100
0.01233 9.999e-100 9.999e-100 9.999e-100
0.01353 9.999e-100 9.999e-100 9.999e-100
0.014849999999999999 9.999e-100 9.999e-100 9.999e-100
0.016300000000000002 9.999e-100 9.999e-100 9.999e-100
0.01789 9.999e-100 9.999e-100 9.999e-100
0.01963 9.999e-100 9.999e-100 9.999e-100
0.02154 9.999e-100 9.999e-100 9.999e-100
0.02364 9.999e-100 9.999e-100 9.999e-100
0.02595 9.999e-100 9.999e-100 9.999e-100
0.02848 9.999e-100 9.999e-100 9.999e-100
0.031259999999999996 9.999e-100 9.999e-100 9.999e-100
0.034300000000000004 9.999e-100 9.999e-100 9.999e-100
0.03765 9.999e-100 9.999e-100 9.999e-100
0.04132 9.999e-100 9.999e-100 9.999e-100
0.04535 9.999e-100 9.999e-100 9.999e-100
0.049769999999999995 9.999e-100 9.999e-100 9.999e-100
0.05462 9.999e-100 9.999e-100 9.999e-100
0.05995 9.999e-100 9.999e-100 9.999e-100
0.06579 9.999e-100 9.999e-100 9.999e-100
0.07221 3.316e-24 1.988e-24 4.647e-24
0.07925 3.904e-23 2.337e-23 5.506e-23
0.08697 3.83e-22 2.25e-22 6.062e-22
0.09545000000000001 5.847e-21 3.239e-21 1.205e-20
0.10476 1.58e-19 8.224e-20 4.091e-19
0.11498 5.403e-18 2.746e-18 1.489e-17
0.12619 1.479e-16 7.522e-17 4.115e-16
0.13849 3.061e-15 1.559e-15 8.5e-15
0.15199000000000001 4.675e-14 2.387e-14 1.303e-13
0.16680999999999999 5.219e-13 2.672e-13 1.449e-12
0.18307 5.194e-12 2.677e-12 1.429e-11
0.20092 4.107e-11 2.162e-11 1.114e-10
0.22050999999999998 2.262e-10 1.257e-10 5.829e-10
0.24201 1.471e-9 8.683e-10 3.585e-9
0.26561 8.043e-9 5.135e-9 1.778e-8
0.29151 4.247e-8 2.978e-8 8.274e-8
0.31993 2.025e-7 1.53e-7 3.469e-7
0.35112 9.817e-7 7.942e-7 1.471e-6
0.38534999999999997 3.948e-6 3.311e-6 5.384e-6
0.42291999999999996 1.507e-5 1.299e-5 1.911e-5
0.46416 5.265e-5 4.61e-5 6.362e-5
0.50941 0.0001626 0.0001435 0.0001909
0.55908 0.0004339 0.0003849 0.0005012
0.6135900000000001 0.001178 0.00105 0.001339
0.67342 0.002717 0.002431 0.003061
0.73907 0.005905 0.005294 0.006614
0.81113 0.01213 0.01088 0.01354
0.89022 0.02276 0.02044 0.02535
0.9770099999999999 0.04003 0.0359 0.04448
1.07227 0.06516 0.05824 0.07251
1.1768100000000001 0.1068 0.09508 0.1193
1.29155 0.18 0.1582 0.2027
1.41747 0.3063 0.2617 0.3514
1.5556800000000002 0.5651 0.4657 0.6659
1.70735 1.16 0.9109 1.422
1.8738199999999998 2.572 1.932 3.233
2.0565100000000003 5.863 4.247 7.497
2.25702 12.75 9.061 16.43
2.47708 29.92 20.82 38.85
2.71859 59.18 40.92 76.9
2.98365 121.5 83.63 157.8
3.27455 216.0 148.7 282.0
3.59381 381.8 262.9 500.6
3.9442100000000004 629.1 433.4 824.7
4.32876 939.7 648.3 1231.0
4.7508099999999995 1421.0 981.8 1859.0
5.21401 2065.0 1427.0 2701.0
5.72237 2814.0 1940.0 3681.0
6.28029 3870.0 2574.0 5150.0
6.89261 5370.0 3310.0 7416.0
7.564629999999999 7127.0 3947.0 10290.0
8.30218 9282.0 4469.0 14080.0
9.11163 11730.0 4644.0 18800.0
10.0 14430.0 4171.0 24550.0
end
reaction: o18 he4 -> n ne21 ; label: o18+he4_to_n+ne21 ; table: nacre ; variant: standard
0.001 9.999e-100 9.999e-100 9.999e-100
0.0010999999999999998 9.999e-100 9.999e-100 9.999e-100
0.0012000000000000001 9.999e-100 9.999e-100 9.999e-100
0.00132 9.999e-100 9.999e-100 9.999e-100
0.0014500000000000001 9.999e-100 9.999e-100 9.999e-100
0.00159 9.999e-100 9.999e-100 9.999e-100
0.0017500000000000003 9.999e-100 9.999e-100 9.999e-100
0.0019199999999999998 9.999e-100 9.999e-100 9.999e-100
0.0021000000000000003 9.999e-100 9.999e-100 9.999e-100
0.00231 9.999e-100 9.999e-100 9.999e-100
0.0025399999999999997 9.999e-100 9.999e-100 9.999e-100
0.00278 9.999e-100 9.999e-100 9.999e-100
0.0030499999999999998 9.999e-100 9.999e-100 9.999e-100
0.00335 9.999e-100 9.999e-100 9.999e-100
0.00368 9.999e-100 9.999e-100 9.999e-100
0.00404 9.999e-100 9.999e-100 9.999e-100
0.00443 9.999e-100 9.999e-100 9.999e-100
0.00486 9.999e-100 9.999e-100 9.999e-100
0.00534 9.999e-100 9.999e-100 9.999e-100
0.00586 9.999e-100 9.999e-100 9.999e-100
0.00643 9.999e-100 9.999e-100 9.999e-100
0.007049999999999999 9.999e-100 9.999e-100 9.999e-100
0.0077399999999999995 9.999e-100 9.999e-100 9.999e-100
0.0085 9.999e-100 9.999e-100 9.999e-100
0.00933 9.999e-100 9.999e-100 9.999e-100
0.01024 9.999e-100 9.999e-100 9.999e-100
0.01123 9.999e-100 9.999e-100 9.999e-100
0.01233 9.999e-100 9.999e-100 9.999e-100
0.01353 9.999e-100 9.999e-100 9.999e-100
0.014849999999999999 9.999e-100 9.999e-100 9.999e-100
0.016300000000000002 9.999e-100 9.999e-100 9.999e-100
0.01789 9.999e-100 9.999e-100 9.999e-100
0.01963 9.999e-100 9.999e-100 9.999e-100
0.02154 9.999e-100 9.999e-100 9.999e-100
0.02364 9.999e-100 9.999e-100 9.999e-100
0.02595 9.999e-100 9.999e-100 9.999e-100
0.02848 9.999e-100 9.999e-100 9.999e-100
0.031259999999999996 9.999e-100 9.999e-100 9.999e-100
0.034300000000000004 9.999e-100 9.999e-100 9.999e-100
0.03765 9.999e-100 9.999e-100 9.999e-100
0.04132 9.999e-100 9.999e-100 9.999e-100
0.04535 9.999e-100 9.999e-100 9.999e-100
0.049769999999999995 9.999e-100 9.999e-100 9.999e-100
0.05462 9.999e-100 9.999e-100 9.999e-100
0.05995 9.999e-100 9.999e-100 9.999e-100
0.06579 9.999e-100 9.999e-100 9.999e-100
0.07221 9.999e-100 9.999e-100 9.999e-100
0.07925 9.999e-100 9.999e-100 9.999e-100
0.08697 9.999e-100 9.999e-100 9.999e-100
0.09545000000000001 9.999e-100 9.999e-100 9.999e-100
0.10476 9.999e-100 9.999e-100 9.999e-100
0.11498 9.999e-100 9.999e-100 9.999e-100
0.12619 9.999e-100 9.999e-100 9.999e-100
0.13849 9.999e-100 9.999e-100 9.999e-100
0.15199000000000001 1.339e-22 1.205e-22 1.473e-22
0.16680999999999999 1.424e-20 1.295e-20 1.557e-20
0.18307 1.244e-18 1.139e-18 1.348e-18
0.20092 7.098e-17 6.563e-17 7.633e-17
0.22050999999999998 1.895e-15 1.764e-15 2.024e-15
0.24201 6.97e-14 6.534e-14 7.385e-14
0.26561 1.601e-12 1.512e-12 1.686e-12
0.29151 3.147e-11 2.996e-11 3.293e-11
0.31993 4.612e-10 4.422e-10 4.801e-10
0.35112 6.543e-9 6.318e-9 6.78e-9
0.38534999999999997 6.511e-8 6.312e-8 6.739e-8
0.42291999999999996 6.022e-7 5.855e-7 6.209e-7
0.46416 4.898e-6 4.769e-6 5.027e-6
0.50941 3.332e-5 3.25e-5 3.414e-5
0.55908 0.0001841 0.0001798 0.0001885
0.6135900000000001 0.001067 0.001042 0.001091
0.67342 0.004939 0.004824 0.005051
0.73907 0.02129 0.02077 0.02177
0.81113 0.08586 0.08368 0.08793
0.89022 0.3059 0.2975 0.3143
0.9770099999999999 1.001 0.9659 1.03
1.07227 2.846 2.72 2.952
1.1768100000000001 8.284 7.826 8.689
1.29155 24.1 22.4 25.65
1.41747 63.56 57.61 69.0
1.5556800000000002 169.7 149.6 188.6
1.70735 436.3 372.9 498.4
1.8738199999999998 1079.0 897.2 1259.0
2.0565100000000003 2589.0 2103.0 3075.0
2.25702 5729.0 4569.0 6888.0
2.47708 13700.0 10710.0 16690.0
2.71859 28010.0 21670.0 34340.0
2.98365 59740.0 45740.0 73650.0
3.27455 112800.0 85980.0 139600.0
3.59381 214300.0 162700.0 266100.0
3.9442100000000004 386900.0 293200.0 481300.0
4.32876 639100.0 485100.0 795500.0
4.7508099999999995 1.079e6 820900.0 1.343e6
5.21401 1.779e6 1.356e6 2.21e6
5.72237 2.799e6 2.136e6 3.462e6
6.28029 4.33e6 3.318e6 5.333e6
6.89261 6.538e6 5.05e6 8.023e6
7.564629999999999 9.431e6 7.354e6 1.155e7
8.30218 1.351e7 1.065e7 1.647e7
9.11163 1.91e7 1.525e7 2.304e7
10.0 2.642e7 2.122e7 3.162e7
end
reaction: f19 p -> ne20 ; label: f19+p_to_ne20 ; table: nacre ; variant: standard
0.001 9.999e-100 9.999e-100 9.999e-100
0.0010999999999999998 9.999e-100 9.999e-100 9.999e-100
0.0012000000000000001 9.999e-100 9.999e-100 9.999e-100
0.00132 9.999e-100 9.999e-100 9.999e-100
0.0014500000000000001 9.999e-100 9.999e-100 9.999e-100
0.00159 9.999e-100 9.999e-100 9.999e-100
0.0017500000000000003 9.999e-100 9.999e-100 9.999e-100
0.0019199999999999998 9.999e-100 9.999e-100 9.999e-100
0.0021000000000000003 9.999e-100 9.999e-100 9.999e-100
0.00231 9.999e-100 9.999e-100 9.999e-100
0.0025399999999999997 9.999e-100 9.999e-100 9.999e-100
0.00278 9.999e-100 9.999e-100 9.999e-100
0.0030499999999999998 9.999e-100 9.999e-100 9.999e-100
0.00335 9.999e-100 9.999e-100 9.999e-100
0.00368 9.999e-100 9.999e-100 9.999e-100
0.00404 9.999e-100 9.999e-100 9.999e-100
0.00443 9.999e-100 9.999e-100 9.999e-100
0.00486 9.999e-100 9.999e-100 9.999e-100
0.00534 9.999e-100 9.999e-100 9.999e-100
0.00586 9.999e-100 9.999e-100 9.999e-100
0.00643 9.999e-100 9.999e-100 9.999e-100
0.007049999999999999 9.999e-100 9.999e-100 9.999e-100
0.0077399999999999995 9.999e-100 9.999e-100 9.999e-100
0.0085 9.999e-100 9.999e-100 9.999e-100
0.00933 9.999e-100 9.999e-100 9.999e-100
0.01024 9.999e-100 9.999e-100 9.999e-100
0.01123 9.999e-100 9.999e-100 9.999e-100
0.01233 9.999e-100 9.999e-100 9.999e-100
0.01353 1.094e-24 5.464e-25 1.64e-24
0.014849999999999999 1.067e-23 5.323e-24 1.596e-23
0.016300000000000002 9.362e-23 4.687e-23 1.405e-22
0.01789 7.964e-22 3.982e-22 1.193e-21
0.01963 6.154e-21 3.074e-21 9.242e-21
0.02154 3.971e-20 1.984e-20 5.965e-20
0.02364 2.798e-19 1.399e-19 4.201e-19
0.02595 1.933e-18 9.662e-19 2.901e-18
0.02848 1.162e-17 5.796e-18 1.742e-17
0.031259999999999996 6.525e-17 3.253e-17 9.778e-17
0.034300000000000004 3.146e-16 1.569e-16 4.715e-16
0.03765 1.768e-15 8.824e-16 2.651e-15
0.04132 9.661e-15 4.824e-15 1.448e-14
0.04535 4.241e-14 2.119e-14 6.35e-14
0.049769999999999995 2.151e-13 1.075e-13 3.217e-13
0.05462 8.53e-13 4.265e-13 1.278e-12
0.05995 3.785e-12 1.892e-12 5.677e-12
0.06579 1.404e-11 7.021e-12 2.104e-11
0.07221 5.411e-11 2.706e-11 8.105e-11
0.07925 1.985e-10 9.923e-11 2.977e-10
0.08697 6.833e-10 3.408e-10 1.021e-9
0.09545000000000001 2.317e-9 1.155e-9 3.464e-9
0.10476 7.73e-9 3.858e-9 1.158e-8
0.11498 2.571e-8 1.284e-8 3.854e-8
0.12619 8.688e-8 4.336e-8 1.3e-7
0.13849 3.057e-7 1.528e-7 4.582e-7
0.15199000000000001 1.159e-6 5.788e-7 1.735e-6
0.16680999999999999 4.749e-6 2.375e-6 7.123e-6
0.18307 2.096e-5 1.049e-5 3.144e-5
0.20092 9.199e-5 4.579e-5 0.000138
0.22050999999999998 0.0003229 0.0001429 0.0004928
0.24201 0.001281 0.000498 0.001992
0.26561 0.004223 0.001586 0.006629
0.29151 0.01306 0.005017 0.0206
0.31993 0.03499 0.01366 0.05526
0.35112 0.09086 0.03595 0.1433
0.38534999999999997 0.199 0.08067 0.3119
0.42291999999999996 0.4221 0.1783 0.6545
0.46416 0.8597 0.3875 1.31
0.50941 1.691 0.8378 2.505
0.55908 3.192 1.773 4.564
0.6135900000000001 6.241 3.893 8.58
0.67342 11.94 8.176 15.68
0.73907 22.62 16.68 28.55
0.81113 42.23 32.97 51.59
0.89022 73.77 59.8 88.19
0.9770099999999999 123.4 102.3 144.6
1.07227 188.2 158.2 218.1
1.1768100000000001 286.0 243.2 328.8
1.29155 426.4 366.1 486.7
1.41747 588.0 507.3 668.7
1.5556800000000002 777.2 665.8 887.3
1.70735 935.9 779.7 1087.0
1.8738199999999998 1120.0 909.7 1325.0
2.0565100000000003 1329.0 1051.0 1602.0
2.25702 1536.0 1180.0 1890.0
2.47708 1801.0 1339.0 2267.0
2.71859 2069.0 1486.0 2655.0
2.98365 2399.0 1660.0 3142.0
3.27455 2776.0 1849.0 3702.0
3.59381 3226.0 2062.0 4386.0
3.9442100000000004 3713.0 2272.0 5157.0
4.32876 4237.0 2485.0 5999.0
4.7508099999999995 4878.0 2732.0 7047.0
5.21401 5637.0 3004.0 8297.0
5.72237 6528.0 3294.0 9757.0
6.28029 7597.0 3628.0 11540.0
6.89261 8883.0 4015.0 13710.0
7.564629999999999 10360.0 4427.0 16280.0
8.30218 12160.0 4893.0 19420.0
9.11163 14320.0 5412.0 23210.0
10.0 16900.0 5990.0 27780.0
end
reaction: f19 p -> n ne19 ; label: f19+p_to_n+ne19 ; table: nacre ; variant: standard
0.001 9.999e-100 9.999e-100 9.999e-100
0.0010999999999999998 9.999e-100 9.999e-100 9.999e-100
0.0012000000000000001 9.999e-100 9.999e-100 9.999e-100
0.00132 9.999e-100 9.999e-100 9.999e-100
0.0014500000000000001 9.999e-100 9.999e-100 9.999e-100
0.00159 9.999e-100 9.999e-100 9.999e-100
0.0017500000000000003 9.999e-100 9.999e-100 9.999e-100
0.0019199999999999998 9.999e-100 9.999e-100 9.999e-100
0.0021000000000000003 9.999e-100 9.999e-100 9.999e-100
0.00231 9.999e-100 9.999e-100 9.999e-100
0.0025399999999999997 9.999e-100 9.999e-100 9.999e-100
0.00278 9.999e-100 9.999e-100 9.999e-100
0.0030499999999999998 9.999e-100 9.999e-100 9.999e-100
0.00335 9.999e-100 9.999e-100 9.999e-100
0.00368 9.999e-100 9.999e-100 9.999e-100
0.00404 9.999e-100 9.999e-100 9.999e-100
0.00443 9.999e-100 9.999e-100 9.999e-100
0.00486 9.999e-100 9.999e-100 9.999e-100
0.00534 9.999e-100 9.999e-100 9.999e-100
0.00586 9.999e-100 9.999e-100 9.999e-100
0.00643 9.999e-100 9.999e-100 9.999e-100
0.007049999999999999 9.999e-100 9.999e-100 9.999e-100
0.0077399999999999995 9.999e-100 9.999e-100 9.999e-100
0.0085 9.999e-100 9.999e-100 9.999e-100
0.00933 9.999e-100 9.999e-100 9.999e-100
0.01024 9.999e-100 9.999e-100 9.999e-100
0.01123 9.999e-100 9.999e-100 9.999e-100
0.01233 9.999e-100 9.999e-100 9.999e-100
0.01353 9.999e-100 9.999e-100 9.999e-100
0.014849999999999999 9.999e-100 9.999e-100 9.999e-100
0.016300000000000002 9.999e-100 9.999e-100 9.999e-100
0.01789 9.999e-100 9.999e-100 9.999e-100
0.01963 9.999e-100 9.999e-100 9.999e-100
0.02154 9.999e-100 9.999e-100 9.999e-100
0.02364 9.999e-100 9.999e-100 9.999e-100
0.02595 9.999e-100 9.999e-100 9.999e-100
0.02848 9.999e-100 9.999e-100 9.999e-100
0.031259999999999996 9.999e-100 9.999e-100 9.999e-100
0.034300000000000004 9.999e-100 9.999e-100 9.999e-100
0.03765 9.999e-100 9.999e-100 9.999e-100
0.04132 9.999e-100 9.999e-100 9.999e-100
0.04535 9.999e-100 9.999e-100 9.999e-100
0.049769999999999995 9.999e-100 9.999e-100 9.999e-100
0.05462 9.999e-100 9.999e-100 9.999e-100
0.05995 9.999e-100 9.999e-100 9.999e-100
0.06579 9.999e-100 9.999e-100 9.999e-100
0.07221 9.999e-100 9.999e-100 9.999e-100
0.07925 9.999e-100 9.999e-100 9.999e-100
0.08697 9.999e-100 9.999e-100 9.999e-100
0.09545000000000001 9.999e-100 9.999e-100 9.999e-100
0.10476 9.999e-100 9.999e-100 9.999e-100
0.11498 9.999e-100 9.999e-100 9.999e-100
0.12619 9.999e-100 9.999e-100 9.999e-100
0.13849 9.999e-100 9.999e-100 9.999e-100
0.15199000000000001 9.999e-100 9.999e-100 9.999e-100
0.16680999999999999 9.999e-100 9.999e-100 9.999e-100
0.18307 9.999e-100 9.999e-100 9.999e-100
0.20092 9.999e-100 9.999e-100 9.999e-100
0.22050999999999998 9.999e-100 9.999e-100 9.999e-100
0.24201 9.999e-100 9.999e-100 9.999e-100
0.26561 9.999e-100 9.999e-100 9.999e-100
0.29151 9.999e-100 9.999e-100 9.999e-100
0.31993 9.999e-100 9.999e-100 9.999e-100
0.35112 9.999e-100 9.999e-100 9.999e-100
0.38534999999999997 9.999e-100 9.999e-100 9.999e-100
0.42291999999999996 9.999e-100 9.999e-100 9.999e-100
0.46416 9.999e-100 9.999e-100 9.999e-100
0.50941 9.999e-100 9.999e-100 9.999e-100
0.55908 9.999e-100 9.999e-100 9.999e-100
0.6135900000000001 9.999e-100 9.999e-100 9.999e-100
0.67342 9.999e-100 9.999e-100 9.999e-100
0.73907 6.306e-20 5.484e-20 7.128e-20
0.81113 2.143e-17 1.864e-17 2.422e-17
0.89022 3.697e-15 3.223e-15 4.183e-15
0.9770099999999999 3.867e-13 3.366e-13 4.379e-13
1.07227 1.923e-11 1.673e-11 2.178e-11
1.1768100000000001 9.677e-10 8.416e-10 1.096e-9
1.29155 4.239e-8 3.685e-8 4.797e-8
1.41747 9.812e-7 8.521e-7 1.109e-6
1.5556800000000002 2.072e-5 1.798e-5 2.341e-5
1.70735 0.0003081 0.0002674 0.0003487
1.8738199999999998 0.003433 0.002983 0.003891
2.0565100000000003 0.03131 0.02724 0.03554
2.25702 0.2033 0.1772 0.231
2.47708 1.584 1.383 1.802
2.71859 7.683 6.7 8.714
2.98365 40.22 35.0 45.45
3.27455 152.0 132.6 171.8
3.59381 571.9 499.7 645.2
3.9442100000000004 1868.0 1630.0 2096.0
4.32876 4920.0 4300.0 5517.0
4.7508099999999995 13390.0 11730.0 15020.0
5.21401 34040.0 29870.0 38210.0
5.72237 76690.0 67320.0 86050.0
6.28029 164600.0 144600.0 184500.0
6.89261 331000.0 291400.0 370600.0
7.564629999999999 609800.0 537500.0 681500.0
8.30218 1.089e6 961000.0 1.215e6
9.11163 1.847e6 1.634e6 2.06e6
10.0 2.972e6 2.633e6 3.311e6
end
reaction: f19 p -> he4 o16 ; label: f19+p_to_he4+o16 ; table: nacre ; variant: standard
0.001 9.999e-100 9.999e-100 9.999e-100
0.0010999999999999998 9.999e-100 9.999e-100 9.999e-100
0.0012000000000000001 9.999e-100 9.999e-100 9.999e-100
0.00132 9.999e-100 9.999e-100 9.999e-100
0.0014500000000000001 9.999e-100 9.999e-100 9.999e-100
0.00159 9.999e-100 9.999e-100 9.999e-100
0.0017500000000000003 9.999e-100 9.999e-100 9.999e-100
0.0019199999999999998 9.999e-100 9.999e-100 9.999e-100
0.0021000000000000003 9.999e-100 9.999e-100 9.999e-100
0.00231 9.999e-100 9.999e-100 9.999e-100
0.0025399999999999997 9.999e-100 9.999e-100 9.999e-100
0.00278 9.999e-100 9.999e-100 9.999e-100
0.0030499999999999998 9.999e-100 9.999e-100 9.999e-100
0.00335 9.999e-100 9.999e-100 9.999e-100
0.00368 9.999e-100 9.999e-100 9.999e-100
0.00404 9.999e-100 9.999e-100 9.999e-100
0.00443 9.999e-100 9.999e-100 9.999e-100
0.00486 9.999e-100 9.999e-100 9.999e-100
0.00534 9.999e-100 9.999e-100 9.999e-100
0.00586 9.999e-100 9.999e-100 9.999e-100
0.00643 9.999e-100 9.999e-100 9.999e-100
0.007049999999999999 9.999e-100 9.999e-100 9.999e-100
0.0077399999999999995 9.999e-100 9.999e-100 9.999e-100
0.0085 9.999e-100 9.999e-100 9.999e-100
0.00933 2.608e-25 1.765e-25 3.456e-25
0.01024 3.244e-24 2.24e-24 4.258e-24
0.01123 3.869e-23 2.666e-23 5.062e-23
0.01233 4.29e-22 2.963e-22 5.629e-22
0.01353 4.441e-21 3.06e-21 5.805e-21
0.014849999999999999 4.301e-20 2.967e-20 5.63e-20
0.016300000000000002 3.774e-19 2.596e-19 4.938e-19
0.01789 3.194e-18 2.198e-18 4.181e-18
0.01963 2.452e-17 1.694e-17 3.214e-17
0.02154 1.574e-16 1.087e-16 2.065e-16
0.02364 1.104e-15 7.609e-16 1.448e-15
0.02595 7.596e-15 5.224e-15 9.959e-15
0.02848 4.543e-14 3.121e-14 5.948e-14
0.031259999999999996 2.538e-13 1.742e-13 3.322e-13
0.034300000000000004 1.215e-12 8.348e-13 1.592e-12
0.03765 6.781e-12 4.659e-12 8.895e-12
0.04132 3.675e-11 2.524e-11 4.827e-11
0.04535 1.598e-10 1.096e-10 2.103e-10
0.049769999999999995 8.019e-10 5.49e-10 1.057e-9
0.05462 3.157e-9 2.157e-9 4.154e-9
0.05995 1.39e-8 9.473e-9 1.824e-8
0.06579 5.106e-8 3.473e-8 6.71e-8
0.07221 1.949e-7 1.324e-7 2.564e-7
0.07925 7.083e-7 4.818e-7 9.322e-7
0.08697 2.449e-6 1.671e-6 3.223e-6
0.09545000000000001 8.616e-6 5.952e-6 1.131e-5
0.10476 3.146e-5 2.218e-5 4.084e-5
0.11498 0.0001217 8.837e-5 0.0001551
0.12619 0.0004931 0.000371 0.0006152
0.13849 0.002048 0.001595 0.002501
0.15199000000000001 0.008398 0.006774 0.01004
0.16680999999999999 0.03349 0.02799 0.03906
0.18307 0.1372 0.1182 0.1556
0.20092 0.5417 0.484 0.5995
0.22050999999999998 1.795 1.634 1.956
0.24201 6.687 6.211 7.162
0.26561 21.26 19.98 22.53
0.29151 64.38 60.96 67.79
0.31993 170.1 161.7 178.5
0.35112 437.0 416.5 457.5
0.38534999999999997 954.4 910.6 998.2
0.42291999999999996 1984.0 1894.0 2073.0
0.46416 3858.0 3687.0 4028.0
0.50941 6977.0 6671.0 7283.0
0.55908 11620.0 11090.0 12150.0
0.6135900000000001 19510.0 18580.0 20420.0
0.67342 30060.0 28610.0 31460.0
0.73907 45340.0 43070.0 47540.0
0.81113 67110.0 63590.0 70620.0
0.89022 96410.0 91030.0 101700.0
0.9770099999999999 136800.0 128800.0 144800.0
1.07227 189200.0 177500.0 200700.0
1.1768100000000001 265200.0 247700.0 282000.0
1.29155 374400.0 348600.0 399200.0
1.41747 520900.0 484300.0 556900.0
1.5556800000000002 730400.0 677700.0 782800.0
1.70735 1.018e6 941900.0 1.093e6
1.8738199999999998 1.412e6 1.306e6 1.517e6
2.0565100000000003 1.957e6 1.809e6 2.105e6
2.25702 2.667e6 2.456e6 2.878e6
2.47708 3.746e6 3.436e6 4.056e6
2.71859 5.089e6 4.65e6 5.523e6
2.98365 7.068e6 6.432e6 7.691e6
3.27455 9.5e6 8.622e6 1.036e7
3.59381 1.285e7 1.163e7 1.404e7
3.9442100000000004 1.707e7 1.541e7 1.872e7
4.32876 2.184e7 1.967e7 2.401e7
4.7508099999999995 2.828e7 2.539e7 3.117e7
5.21401 3.606e7 3.229e7 3.983e7
5.72237 4.471e7 3.995e7 4.947e7
6.28029 5.458e7 4.869e7 6.047e7
6.89261 6.531e7 5.818e7 7.243e7
7.564629999999999 7.629e7 6.788e7 8.471e7
8.30218 8.817e7 7.833e7 9.799e7
9.11163 1.001e8 8.875e7 1.114e8
10.0 1.11e8 9.868e7 1.243e8
end
reaction: ne20 p -> na21 ; label: ne20+p_to_na21 ; table: nacre ; variant: standard
0.001 9.999e-100 9.999e-100 9.999e-100
0.0010999999999999998 9.999e-100 9.999e-100 9.999e-100
0.0012000000000000001 9.999e-100 9.999e-100 9.999e-100
0.00132 9.999e-100 9.999e-100 9.999e-100
0.0014500000000000001 9.999e-100 9.999e-100 9.999e-100
0.00159 9.999e-100 9.999e-100 9.999e-100
0.0017500000000000003 9.999e-100 9.999e-100 9.999e-100
0.0019199999999999998 9.999e-100 9.999e-100 9.999e-100
0.0021000000000000003 9.999e-100 9.999e-100 9.999e-100
0.00231 9.999e-100 9.999e-100 9.999e-100
0.0025399999999999997 9.999e-100 9.999e-100 9.999e-100
0.00278 9.999e-100 9.999e-100 9.999e-100
0.0030499999999999998 9.999e-100 9.999e-100 9.999e-100
0.00335 9.999e-100 9.999e-100 9.999e-100
0.00368 9.999e-100 9.999e-100 9.999e-100
0.00404 9.999e-100 9.999e-100 9.999e-100
0.00443 9.999e-100 9.999e-100 9.999e-100
0.00486 9.999e-100 9.999e-100 9.999e-100
0.00534 9.999e-100 9.999e-100 9.999e-100
0.00586 9.999e-100 9.999e-100 9.999e-100
0.00643 9.999e-100 9.999e-100 9.999e-100
0.007049999999999999 9.999e-100 9.999e-100 9.999e-100
0.0077399999999999995 9.999e-100 9.999e-100 9.999e-100
0.0085 9.999e-100 9.999e-100 9.999e-100
0.00933 9.999e-100 9.999e-100 9.999e-100
0.01024 9.999e-100 9.999e-100 9.999e-100
0.01123 1.875e-27 1.063e-27 2.687e-27
0.01233 2.294e-26 1.309e-26 3.27e-26
0.01353 2.576e-25 1.489e-25 3.663e-25
0.014849999999999999 2.717e-24 1.587e-24 3.846e-24
0.016300000000000002 2.572e-23 1.513e-23 3.629e-23
0.01789 2.348e-22 1.391e-22 3.305e-22
0.01963 1.934e-21 1.15e-21 2.719e-21
0.02154 1.32e-20 7.833e-21 1.856e-20
0.02364 9.864e-20 5.833e-20 1.388e-19
0.02595 7.205e-19 4.233e-19 1.017e-18
0.02848 4.537e-18 2.634e-18 6.458e-18
0.031259999999999996 2.664e-17 1.524e-17 3.821e-17
0.034300000000000004 1.336e-16 7.493e-17 1.928e-16
0.03765 7.842e-16 4.303e-16 1.139e-15
0.04132 4.459e-15 2.399e-15 6.524e-15
0.04535 2.015e-14 1.069e-14 2.971e-14
0.049769999999999995 1.055e-13 5.51e-14 1.568e-13
0.05462 4.306e-13 2.223e-13 6.399e-13
0.05995 1.971e-12 1.005e-12 2.927e-12
0.06579 7.459e-12 3.808e-12 1.11e-11
0.07221 2.932e-11 1.498e-11 4.375e-11
0.07925 1.095e-10 5.587e-11 1.641e-10
0.08697 3.807e-10 1.931e-10 5.696e-10
0.09545000000000001 1.293e-9 6.496e-10 1.933e-9
0.10476 4.225e-9 2.106e-9 6.327e-9
0.11498 1.327e-8 6.571e-9 1.995e-8
0.12619 4.016e-8 1.976e-8 6.06e-8
0.13849 1.179e-7 5.752e-8 1.778e-7
0.15199000000000001 3.311e-7 1.611e-7 5.002e-7
0.16680999999999999 8.856e-7 4.327e-7 1.338e-6
0.18307 2.372e-6 1.165e-6 3.574e-6
0.20092 6.159e-6 3.068e-6 9.249e-6
0.22050999999999998 1.476e-5 7.604e-6 2.192e-5
0.24201 3.851e-5 2.058e-5 5.649e-5
0.26561 9.641e-5 5.391e-5 0.0001388
0.29151 0.0002446 0.0001441 0.0003444
0.31993 0.0005925 0.0003674 0.0008172
0.35112 0.001458 0.0009527 0.00197
0.38534999999999997 0.00326 0.002201 0.004323
0.42291999999999996 0.007112 0.004947 0.009285
0.46416 0.01485 0.01058 0.01914
0.50941 0.02914 0.02114 0.03713
0.55908 0.05318 0.03923 0.06701
0.6135900000000001 0.09886 0.07419 0.1232
0.67342 0.1709 0.1301 0.2116
0.73907 0.2933 0.2274 0.3592
0.81113 0.5031 0.3987 0.6075
0.89022 0.8675 0.7046 1.03
0.9770099999999999 1.539 1.288 1.797
1.07227 2.776 2.379 3.184
1.1768100000000001 5.238 4.593 5.894
1.29155 9.996 8.937 11.06
1.41747 18.42 16.64 20.21
1.5556800000000002 33.76 30.71 36.8
1.70735 59.05 53.81 64.22
1.8738199999999998 98.03 89.15 106.8
2.0565100000000003 156.8 142.0 171.6
2.25702 234.2 210.7 257.7
2.47708 363.9 325.0 402.8
2.71859 512.0 451.7 572.0
2.98365 732.6 637.3 827.0
3.27455 973.7 832.9 1114.0
3.59381 1295.0 1089.0 1500.0
3.9442100000000004 1681.0 1390.0 1963.0
4.32876 2066.0 1686.0 2440.0
4.7508099999999995 2552.0 2054.0 3051.0
5.21401 3113.0 2475.0 3760.0
5.72237 3714.0 2921.0 4511.0
6.28029 4385.0 3417.0 5350.0
6.89261 5106.0 3954.0 6249.0
7.564629999999999 5875.0 4549.0 7196.0
8.30218 6759.0 5247.0 8273.0
9.11163 7752.0 6053.0 9462.0
10.0 8774.0 6922.0 10660.0
end
reaction: ne20 p -> he4 f17 ; label: ne20+p_to_he4+f17 ; table: nacre ; variant: standard
0.001 9.999e-100 9.999e-100 9.999e-100
0.0010999999999999998 9.999e-100 9.999e-100 9.999e-100
0.0012000000000000001 9.999e-100 9.999e-100 9.999e-100
0.00132 9.999e-100 9.999e-100 9.999e-100
0.0014500000000000001 9.999e-100 9.999e-100 9.999e-100
0.00159 9.999e-100 9.999e-100 9.999e-100
0.0017500000000000003 9.999e-100 9.999e-100 9.999e-100
0.0019199999999999998 9.999e-100 9.999e-100 9.999e-100
0.0021000000000000003 9.999e-100 9.999e-100 9.999e-100
0.00231 9.999e-100 9.999e-100 9.999e-100
0.0025399999999999997 9.999e-100 9.999e-100 9.999e-100
0.00278 9.999e-100 9.999e-100 9.999e-100
0.0030499999999999998 9.999e-100 9.999e-100 9.999e-100
0.00335 9.999e-100 9.999e-100 9.999e-100
0.00368 9.999e-100 9.999e-100 9.999e-100
0.00404 9.999e-100 9.999e-100 9.999e-100
0.00443 9.999e-100 9.999e-100 9.999e-100
0.00486 9.999e-100 9.999e-100 9.999e-100
0.00534 9.999e-100 9.999e-100 9.999e-100
0.00586 9.999e-100 9.999e-100 9.999e-100
0.00643 9.999e-100 9.999e-100 9.999e-100
0.007049999999999999 9.999e-100 9.999e-100 9.999e-100
0.0077399999999999995 9.999e-100 9.999e-100 9.999e-100
0.0085 9.999e-100 9.999e-100 9.999e-100
0.00933 9.999e-100 9.999e-100 9.999e-100
0.01024 9.999e-100 9.999e-100 9.999e-100
0.01123 9.999e-100 9.999e-100 9.999e-100
0.01233 9.999e-100 9.999e-100 9.999e-100
0.01353 9.999e-100 9.999e-100 9.999e-100
0.014849999999999999 9.999e-100 9.999e-100 9.999e-100
0.016300000000000002 9.999e-100 9.999e-100 9.999e-100
0.01789 9.999e-100 9.999e-100 9.999e-100
0.01963 9.999e-100 9.999e-100 9.999e-100
0.02154 9.999e-100 9.999e-100 9.999e-100
0.02364 9.999e-100 9.999e-100 9.999e-100
0.02595 9.999e-100 9.999e-100 9.999e-100
0.02848 9.999e-100 9.999e-100 9.999e-100
0.031259999999999996 9.999e-100 9.999e-100 9.999e-100
0.034300000000000004 9.999e-100 9.999e-100 9.999e-100
0.03765 9.999e-100 9.999e-100 9.999e-100
0.04132 9.999e-100 9.999e-100 9.999e-100
0.04535 9.999e-100 9.999e-100 9.999e-100
0.049769999999999995 9.999e-100 9.999e-100 9.999e-100
0.05462 9.999e-100 9.999e-100 9.999e-100
0.05995 9.999e-100 9.999e-100 9.999e-100
0.06579 9.999e-100 9.999e-100 9.999e-100
0.07221 9.999e-100 9.999e-100 9.999e-100
0.07925 9.999e-100 9.999e-100 9.999e-100
0.08697 9.999e-100 9.999e-100 9.999e-100
0.09545000000000001 9.999e-100 9.999e-100 9.999e-100
0.10476 9.999e-100 9.999e-100 9.999e-100
0.11498 9.999e-100 9.999e-100 9.999e-100
0.12619 9.999e-100 9.999e-100 9.999e-100
0.13849 9.999e-100 9.999e-100 9.999e-100
0.15199000000000001 9.999e-100 9.999e-100 9.999e-100
0.16680999999999999 9.999e-100 9.999e-100 9.999e-100
0.18307 9.999e-100 9.999e-100 9.999e-100
0.20092 9.999e-100 9.999e-100 9.999e-100
0.22050999999999998 9.999e-100 9.999e-100 9.999e-100
0.24201 9.999e-100 9.999e-100 9.999e-100
0.26561 9.999e-100 9.999e-100 9.999e-100
0.29151 9.999e-100 9.999e-100 9.999e-100
0.31993 9.999e-100 9.999e-100 9.999e-100
0.35112 9.999e-100 9.999e-100 9.999e-100
0.38534999999999997 9.999e-100 9.999e-100 9.999e-100
0.42291999999999996 9.999e-100 9.999e-100 9.999e-100
0.46416 9.999e-100 9.999e-100 9.999e-100
0.50941 9.999e-100 9.999e-100 9.999e-100
0.55908 9.999e-100 9.999e-100 9.999e-100
0.6135900000000001 9.999e-100 9.999e-100 9.999e-100
0.67342 9.999e-100 9.999e-100 9.999e-100
0.73907 9.999e-100 9.999e-100 9.999e-100
0.81113 9.999e-100 9.999e-100 9.999e-100
0.89022 9.999e-100 9.999e-100 9.999e-100
0.9770099999999999 1.207e-21 2.323e-22 1.033e-20
1.07227 2.19e-19 4.262e-20 1.85e-18
1.1768100000000001 4.171e-17 8.219e-18 3.478e-16
1.29155 6.861e-15 1.37e-15 5.633e-14
1.41747 5.196e-13 1.051e-13 4.189e-12
1.5556800000000002 3.581e-11 7.35e-12 2.835e-10
1.70735 1.61e-9 3.356e-10 1.253e-8
1.8738199999999998 5.049e-8 1.068e-8 3.85e-7
2.0565100000000003 1.235e-6 2.654e-7 9.221e-6
2.25702 1.94e-5 4.247e-6 0.0001421
2.47708 0.0003988 8.905e-5 0.002857
2.71859 0.004267 0.0009725 0.02989
2.98365 0.05158 0.01202 0.3525
3.27455 0.3951 0.09385 2.635
3.59381 3.022 0.7329 19.62
3.9442100000000004 18.77 4.655 118.4
4.32876 84.48 21.37 519.3
4.7508099999999995 400.9 103.6 2399.0
5.21401 1702.0 449.5 9922.0
5.72237 5941.0 1605.0 33830.0
6.28029 19080.0 5277.0 106000.0
6.89261 54960.0 15550.0 297000.0
7.564629999999999 135400.0 39180.0 715100.0
8.30218 315700.0 93360.0 1.63e6
9.11163 683400.0 206100.0 3.451e6
10.0 1.421e6 437000.0 7.032e6
end
reaction: ne20 he4 -> mg24 ; label: ne20+he4_to_mg24 ; table: nacre ; variant: standard
0.001 9.999e-100 9.999e-100 9.999e-100
0.0010999999999999998 9.999e-100 9.999e-100 9.999e-100
0.0012000000000000001 9.999e-100 9.999e-100 9.999e-100
0.00132 9.999e-100 9.999e-100 9.999e-100
0.0014500000000000001 9.999e-100 9.999e-100 9.999e-100
0.00159 9.999e-100 9.999e-100 9.999e-100
0.0017500000000000003 9.999e-100 9.999e-100 9.999e-100
0.0019199999999999998 9.999e-100 9.999e-100 9.999e-100
0.0021000000000000003 9.999e-100 9.999e-100 9.999e-100
0.00231 9.999e-100 9.999e-100 9.999e-100
0.0025399999999999997 9.999e-100 9.999e-100 9.999e-100
0.00278 9.999e-100 9.999e-100 9.999e-100
0.0030499999999999998 9.999e-100 9.999e-100 9.999e-100
0.00335 9.999e-100 9.999e-100 9.999e-100
0.00368 9.999e-100 9.999e-100 9.999e-100
0.00404 9.999e-100 9.999e-100 9.999e-100
0.00443 9.999e-100 9.999e-100 9.999e-100
0.00486 9.999e-100 9.999e-100 9.999e-100
0.00534 9.999e-100 9.999e-100 9.999e-100
0.00586 9.999e-100 9.999e-100 9.999e-100
0.00643 9.999e-100 9.999e-100 9.999e-100
0.007049999999999999 9.999e-100 9.999e-100 9.999e-100
0.0077399999999999995 9.999e-100 9.999e-100 9.999e-100
0.0085 9.999e-100 9.999e-100 9.999e-100
0.00933 9.999e-100 9.999e-100 9.999e-100
0.01024 9.999e-100 9.999e-100 9.999e-100
0.01123 9.999e-100 9.999e-100 9.999e-100
0.01233 9.999e-100 9.999e-100 9.999e-100
0.01353 9.999e-100 9.999e-100 9.999e-100
0.014849999999999999 9.999e-100 9.999e-100 9.999e-100
0.016300000000000002 9.999e-100 9.999e-100 9.999e-100
0.01789 9.999e-100 9.999e-100 9.999e-100
0.01963 9.999e-100 9.999e-100 9.999e-100
0.02154 9.999e-100 9.999e-100 9.999e-100
0.02364 9.999e-100 9.999e-100 9.999e-100
0.02595 9.999e-100 9.999e-100 9.999e-100
0.02848 9.999e-100 9.999e-100 9.999e-100
0.031259999999999996 9.999e-100 9.999e-100 9.999e-100
0.034300000000000004 9.999e-100 9.999e-100 9.999e-100
0.03765 9.999e-100 9.999e-100 9.999e-100
0.04132 9.999e-100 9.999e-100 9.999e-100
0.04535 9.999e-100 9.999e-100 9.999e-100
0.049769999999999995 9.999e-100 9.999e-100 9.999e-100
0.05462 9.999e-100 9.999e-100 9.999e-100
0.05995 9.999e-100 9.999e-100 9.999e-100
0.06579 9.999e-100 9.999e-100 9.999e-100
0.07221 9.999e-100 9.999e-100 9.999e-100
0.07925 9.999e-100 9.999e-100 9.999e-100
0.08697 9.999e-100 9.999e-100 9.999e-100
0.09545000000000001 9.999e-100 9.999e-100 9.999e-100
0.10476 9.999e-100 9.999e-100 9.999e-100
0.11498 9.999e-100 9.999e-100 9.999e-100
0.12619 9.999e-100 9.999e-100 9.999e-100
0.13849 9.999e-100 9.999e-100 9.999e-100
0.15199000000000001 4.619e-25 3.565e-25 6.56e-25
0.16680999999999999 6.816e-23 5.323e-23 9.157e-23
0.18307 8.888e-21 6.978e-21 1.15e-20
0.20092 7.135e-19 5.626e-19 9.055e-19
0.22050999999999998 2.366e-17 1.866e-17 2.982e-17
0.24201 1.104e-15 8.707e-16 1.381e-15
0.26561 2.908e-14 2.298e-14 3.634e-14
0.29151 6.196e-13 4.909e-13 7.765e-13
0.31993 8.958e-12 7.093e-12 1.126e-11
0.35112 1.19e-10 9.403e-11 1.501e-10
0.38534999999999997 1.007e-9 7.917e-10 1.274e-9
0.42291999999999996 7.547e-9 5.931e-9 9.6e-9
0.46416 4.757e-8 3.743e-8 6.087e-8
0.50941 2.444e-7 1.921e-7 3.139e-7
0.55908 1.003e-6 7.878e-7 1.293e-6
0.6135900000000001 4.231e-6 3.323e-6 5.473e-6
0.67342 1.427e-5 1.123e-5 1.851e-5
0.73907 4.513e-5 3.569e-5 5.845e-5
0.81113 0.0001351 0.0001077 0.0001741
0.89022 0.0003754 0.0003035 0.0004783
0.9770099999999999 0.001012 0.0008308 0.001259
1.07227 0.003007 0.002256 0.003964
1.1768100000000001 0.01 0.006546 0.01446
1.29155 0.03264 0.01864 0.05125
1.41747 0.09187 0.04639 0.152
1.5556800000000002 0.2556 0.114 0.4443
1.70735 0.6541 0.2595 1.184
1.8738199999999998 1.56 0.5519 2.914
2.0565100000000003 3.547 1.121 6.804
2.25702 7.336 2.084 14.38
2.47708 16.29 4.117 32.68
2.71859 31.02 7.076 63.27
2.98365 61.23 12.52 127.1
3.27455 108.5 20.07 228.0
3.59381 193.3 32.21 411.4
3.9442100000000004 329.7 49.46 708.2
4.32876 513.5 69.92 1111.0
4.7508099999999995 813.4 99.88 1773.0
5.21401 1252.0 138.7 2750.0
5.72237 1831.0 183.7 4046.0
6.28029 2613.0 237.3 5805.0
6.89261 3613.0 297.0 8056.0
7.564629999999999 4839.0 361.3 10870.0
8.30218 6394.0 433.0 14450.0
9.11163 8261.0 507.2 18730.0
10.0 10630.0 591.4 24090.0
end
reaction: ne21 p -> na22 ; label: ne21+p_to_na22 ; table: nacre ; variant: standard
0.001 9.999e-100 9.999e-100 9.999e-100
0.0010999999999999998 9.999e-100 9.999e-100 9.999e-100
0.0012000000000000001 9.999e-100 9.999e-100 9.999e-100
0.00132 9.999e-100 9.999e-100 9.999e-100
0.0014500000000000001 9.999e-100 9.999e-100 9.999e-100
0.00159 9.999e-100 9.999e-100 9.999e-100
0.0017500000000000003 9.999e-100 9.999e-100 9.999e-100
0.0019199999999999998 9.999e-100 9.999e-100 9.999e-100
0.0021000000000000003 9.999e-100 9.999e-100 9.999e-100
0.00231 9.999e-100 9.999e-100 9.999e-100
0.0025399999999999997 9.999e-100 9.999e-100 9.999e-100
0.00278 9.999e-100 9.999e-100 9.999e-100
0.0030499999999999998 9.999e-100 9.999e-100 9.999e-100
0.00335 9.999e-100 9.999e-100 9.999e-100
0.00368 9.999e-100 9.999e-100 9.999e-100
0.00404 9.999e-100 9.999e-100 9.999e-100
0.00443 9.999e-100 9.999e-100 9.999e-100
0.00486 9.999e-100 9.999e-100 9.999e-100
0.00534 9.999e-100 9.999e-100 9.999e-100
0.00586 9.999e-100 9.999e-100 9.999e-100
0.00643 9.999e-100 9.999e-100 9.999e-100
0.007049999999999999 9.999e-100 9.999e-100 9.999e-100
0.0077399999999999995 9.999e-100 9.999e-100 9.999e-100
0.0085 9.999e-100 9.999e-100 9.999e-100
0.00933 9.999e-100 9.999e-100 9.999e-100
0.01024 9.999e-100 9.999e-100 9.999e-100
0.01123 9.999e-100 9.999e-100 9.999e-100
0.01233 9.999e-100 9.999e-100 9.999e-100
0.01353 9.999e-100 9.999e-100 9.999e-100
0.014849999999999999 9.999e-100 9.999e-100 9.999e-100
0.016300000000000002 3.206e-24 2.002e-24 4.363e-24
0.01789 3.23e-23 2.01e-23 4.487e-23
0.01963 2.934e-22 1.826e-22 5.811e-22
0.02154 2.447e-21 1.369e-21 1.516e-20
0.02364 2.334e-20 1.13e-20 6.12e-19
0.02595 3.131e-19 1.131e-19 2.253e-17
0.02848 6.542e-18 1.388e-18 5.809e-16
0.031259999999999996 1.376e-16 2.464e-17 1.121e-14
0.034300000000000004 2.655e-15 6.827e-16 1.29e-13
0.03765 6.834e-14 2.615e-14 1.884e-12
0.04132 1.566e-12 8.2e-13 2.398e-11
0.04535 2.092e-11 1.215e-11 1.793e-10
0.049769999999999995 3.597e-10 2.341e-10 1.632e-9
0.05462 3.106e-9 2.094e-9 9.89e-9
0.05995 3.139e-8 2.19e-8 6.909e-8
0.06579 1.919e-7 1.362e-7 3.587e-7
0.07221 1.166e-6 8.411e-7 1.887e-6
0.07925 5.858e-6 4.278e-6 8.668e-6
0.08697 2.381e-5 1.754e-5 3.362e-5
0.09545000000000001 8.695e-5 6.448e-5 0.0001185
0.10476 0.0002804 0.0002096 0.0003731
0.11498 0.000803 0.0006054 0.001053
0.12619 0.002082 0.001577 0.00269
0.13849 0.004961 0.003783 0.006341
0.15199000000000001 0.01098 0.008439 0.01387
0.16680999999999999 0.0233 0.01812 0.02913
0.18307 0.05049 0.03976 0.06234
0.20092 0.1132 0.09032 0.137
0.22050999999999998 0.2527 0.2046 0.3029
0.24201 0.6098 0.5022 0.7236
0.26561 1.388 1.154 1.636
0.29151 3.155 2.638 3.702
0.31993 6.562 5.506 7.677
0.35112 13.46 11.32 15.7
0.38534999999999997 24.36 20.54 28.4
0.42291999999999996 42.7 36.07 49.72
0.46416 71.48 60.39 83.1
0.50941 113.3 95.61 131.6
0.55908 169.0 142.9 196.3
0.6135900000000001 255.3 216.2 296.5
0.67342 367.4 311.3 426.3
0.73907 521.9 441.9 605.3
0.81113 734.7 621.2 851.7
0.89022 1026.0 863.9 1188.0
0.9770099999999999 1405.0 1192.0 1632.0
1.07227 1869.0 1586.0 2171.0
1.1768100000000001 2510.0 2121.0 2914.0
1.29155 3362.0 2832.0 3901.0
1.41747 4362.0 3669.0 5065.0
1.5556800000000002 5616.0 4718.0 6525.0
1.70735 7019.0 5890.0 8164.0
1.8738199999999998 8566.0 7156.0 9947.0
2.0565100000000003 10250.0 8503.0 11890.0
2.25702 11820.0 9720.0 13780.0
2.47708 13810.0 11260.0 16200.0
2.71859 15530.0 12560.0 18360.0
2.98365 17550.0 14070.0 20950.0
3.27455 19380.0 15320.0 23270.0
3.59381 21480.0 16740.0 25950.0
3.9442100000000004 23780.0 18310.0 28980.0
4.32876 25880.0 19620.0 31800.0
4.7508099999999995 28250.0 21040.0 35010.0
5.21401 30770.0 22520.0 38520.0
5.72237 33350.0 23980.0 42210.0
6.28029 36260.0 25570.0 46370.0
6.89261 39550.0 27290.0 51070.0
7.564629999999999 42950.0 28990.0 56130.0
8.30218 46880.0 30880.0 62020.0
9.11163 51450.0 32990.0 68840.0
10.0 55980.0 34920.0 75960.0
end
reaction: ne21 he4 -> n mg24 ; label: ne21+he4_to_n+mg24 ; table: nacre ; variant: standard
0.001 9.999e-100 9.999e-100 9.999e-100
0.0010999999999999998 9.999e-100 9.999e-100 9.999e-100
0.0012000000000000001 9.999e-100 9.999e-100 9.999e-100
0.00132 9.999e-100 9.999e-100 9.999e-100
0.0014500000000000001 9.999e-100 9.999e-100 9.999e-100
0.00159 9.999e-100 9.999e-100 9.999e-100
0.0017500000000000003 9.999e-100 9.999e-100 9.999e-100
0.0019199999999999998 9.999e-100 9.999e-100 9.999e-100
0.0021000000000000003 9.999e-100 9.999e-100 9.999e-100
0.00231 9.999e-100 9.999e-100 9.999e-100
0.0025399999999999997 9.999e-100 9.999e-100 9.999e-100
0.00278 9.999e-100 9.999e-100 9.999e-100
0.0030499999999999998 9.999e-100 9.999e-100 9.999e-100
0.00335 9.999e-100 9.999e-100 9.999e-100
0.00368 9.999e-100 9.999e-100 9.999e-100
0.00404 9.999e-100 9.999e-100 9.999e-100
0.00443 9.999e-100 9.999e-100 9.999e-100
0.00486 9.999e-100 9.999e-100 9.999e-100
0.00534 9.999e-100 9.999e-100 9.999e-100
0.00586 9.999e-100 9.999e-100 9.999e-100
0.00643 9.999e-100 9.999e-100 9.999e-100
0.007049999999999999 9.999e-100 9.999e-100 9.999e-100
0.0077399999999999995 9.999e-100 9.999e-100 9.999e-100
0.0085 9.999e-100 9.999e-100 9.999e-100
0.00933 9.999e-100 9.999e-100 9.999e-100
0.01024 9.999e-100 9.999e-100 9.999e-100
0.01123 9.999e-100 9.999e-100 9.999e-100
0.01233 9.999e-100 9.999e-100 9.999e-100
0.01353 9.999e-100 9.999e-100 9.999e-100
0.014849999999999999 9.999e-100 9.999e-100 9.999e-100
0.016300000000000002 9.999e-100 9.999e-100 9.999e-100
0.01789 9.999e-100 9.999e-100 9.999e-100
0.01963 9.999e-100 9.999e-100 9.999e-100
0.02154 9.999e-100 9.999e-100 9.999e-100
0.02364 9.999e-100 9.999e-100 9.999e-100
0.02595 9.999e-100 9.999e-100 9.999e-100
0.02848 9.999e-100 9.999e-100 9.999e-100
0.031259999999999996 9.999e-100 9.999e-100 9.999e-100
0.034300000000000004 9.999e-100 9.999e-100 9.999e-100
0.03765 9.999e-100 9.999e-100 9.999e-100
0.04132 9.999e-100 9.999e-100 9.999e-100
0.04535 9.999e-100 9.999e-100 9.999e-100
0.049769999999999995 9.999e-100 9.999e-100 9.999e-100
0.05462 9.999e-100 9.999e-100 9.999e-100
0.05995 9.999e-100 9.999e-100 9.999e-100
0.06579 9.999e-100 9.999e-100 9.999e-100
0.07221 9.999e-100 9.999e-100 9.999e-100
0.07925 9.999e-100 9.999e-100 9.999e-100
0.08697 9.999e-100 9.999e-100 9.999e-100
0.09545000000000001 9.999e-100 9.999e-100 9.999e-100
0.10476 2.744e-24 1.398e-26 2.074e-22
0.11498 5.373e-23 2.923e-25 3.916e-21
0.12619 9.609e-22 5.611e-24 7.154e-20
0.13849 1.578e-20 1.001e-22 1.147e-18
0.15199000000000001 2.332e-19 1.638e-21 1.463e-17
0.16680999999999999 3.032e-18 2.448e-20 1.422e-16
0.18307 3.909e-17 3.893e-19 1.238e-15
0.20092 4.557e-16 6.516e-18 8.876e-15
0.22050999999999998 4.072e-15 1.036e-16 6.187e-14
0.24201 4.504e-14 2.156e-15 5.211e-13
0.26561 4.182e-13 3.496e-14 5.645e-12
0.29151 3.834e-12 5.475e-13 7.909e-11
0.31993 3.05e-11 6.531e-12 8.793e-10
0.35112 2.478e-10 7.56e-11 9.625e-9
0.38534999999999997 1.63e-9 6.411e-10 7.012e-8
0.42291999999999996 1.061e-8 5.254e-9 4.593e-7
0.46416 6.68e-8 4.03e-8 2.569e-6
0.50941 4.023e-7 2.826e-7 1.187e-5
0.55908 2.262e-6 1.751e-6 4.484e-5
0.6135900000000001 1.374e-5 1.164e-5 0.000175
0.67342 7.388e-5 6.513e-5 0.0005666
0.73907 0.0003845 0.000348 0.001787
0.81113 0.001952 0.001793 0.00559
0.89022 0.009167 0.008496 0.01777
0.9770099999999999 0.04066 0.03779 0.06046
1.07227 0.1578 0.1468 0.2064
1.1768100000000001 0.641 0.5961 0.764
1.29155 2.569 2.386 2.856
1.41747 8.822 8.169 9.669
1.5556800000000002 30.0 27.66 32.63
1.70735 93.1 85.26 101.7
1.8738199999999998 266.1 241.2 292.3
2.0565100000000003 721.2 645.5 798.0
2.25702 1759.0 1553.0 1966.0
2.47708 4678.0 4070.0 5286.0
2.71859 10660.0 9165.0 12170.0
2.98365 25580.0 21710.0 29540.0
3.27455 54000.0 45010.0 62940.0
3.59381 114900.0 93890.0 135500.0
3.9442100000000004 230100.0 184200.0 275900.0
4.32876 415700.0 324400.0 506600.0
4.7508099999999995 770900.0 584700.0 955600.0
5.21401 1.382e6 1.014e6 1.747e6
5.72237 2.325e6 1.639e6 3.01e6
6.28029 3.818e6 2.563e6 5.069e6
6.89261 6.059e6 3.838e6 8.277e6
7.564629999999999 9.101e6 5.344e6 1.286e7
8.30218 1.342e7 7.163e6 1.966e7
9.11163 1.916e7 9.039e6 2.922e7
10.0 2.64e7 1.05e7 4.22e7
end
reaction: ne22 p -> na23 ; label: ne22+p_to_na23 ; table: nacre ; variant: standard
0.001 9.999e-100 9.999e-100 9.999e-100
0.0010999999999999998 9.999e-100 9.999e-100 9.999e-100
0.0012000000000000001 9.999e-100 9.999e-100 9.999e-100
0.00132 9.999e-100 9.999e-100 9.999e-100
0.0014500000000000001 9.999e-100 9.999e-100 9.999e-100
0.00159 9.999e-100 9.999e-100 9.999e-100
0.0017500000000000003 9.999e-100 9.999e-100 9.999e-100
0.0019199999999999998 9.999e-100 9.999e-100 9.999e-100
0.0021000000000000003 9.999e-100 9.999e-100 9.999e-100
0.00231 9.999e-100 9.999e-100 9.999e-100
0.0025399999999999997 9.999e-100 9.999e-100 9.999e-100
0.00278 9.999e-100 9.999e-100 9.999e-100
0.0030499999999999998 9.999e-100 9.999e-100 9.999e-100
0.00335 9.999e-100 9.999e-100 9.999e-100
0.00368 9.999e-100 9.999e-100 9.999e-100
0.00404 9.999e-100 9.999e-100 9.999e-100
0.00443 9.999e-100 9.999e-100 9.999e-100
0.00486 9.999e-100 9.999e-100 9.999e-100
0.00534 9.999e-100 9.999e-100 9.999e-100
0.00586 9.999e-100 9.999e-100 9.999e-100
0.00643 9.999e-100 9.999e-100 9.999e-100
0.007049999999999999 9.999e-100 9.999e-100 9.999e-100
0.0077399999999999995 9.999e-100 9.999e-100 9.999e-100
0.0085 9.999e-100 9.999e-100 9.999e-100
0.00933 9.999e-100 9.999e-100 9.999e-100
0.01024 1.276e-24 4.962e-26 3.331e-23
0.01123 4.318e-23 2.275e-24 8.573e-22
0.01233 1.079e-21 7.238e-23 1.611e-20
0.01353 1.97e-20 1.679e-21 2.313e-19
0.014849999999999999 2.801e-19 2.97e-20 2.638e-18
0.016300000000000002 2.951e-18 3.817e-19 2.284e-17
0.01789 2.626e-17 4.078e-18 1.69e-16
0.01963 1.823e-16 3.331e-17 9.952e-16
0.02154 9.087e-16 1.947e-16 4.378e-15
0.02364 4.665e-15 1.185e-15 1.986e-14
0.02595 2.222e-14 6.319e-15 8.74e-14
0.02848 8.549e-14 2.448e-14 3.362e-13
0.031259999999999996 3.386e-13 8.429e-14 1.465e-12
0.034300000000000004 1.339e-12 2.352e-13 7.302e-12
0.03765 6.059e-12 7.251e-13 4.258e-11
0.04132 2.807e-11 2.081e-12 2.404e-10
0.04535 1.188e-10 4.638e-12 1.078e-9
0.049769999999999995 5.784e-10 1.118e-11 5.6e-9
0.05462 2.054e-9 2.321e-11 2.013e-8
0.05995 8.043e-9 5.111e-11 7.963e-8
0.06579 2.535e-8 1.298e-10 2.515e-7
0.07221 8.176e-8 3.895e-10 8.113e-7
0.07925 2.47e-7 1.522e-9 2.444e-6
0.08697 6.789e-7 6.714e-9 6.705e-6
0.09545000000000001 1.787e-6 3.006e-8 1.747e-5
0.10476 4.424e-6 1.272e-7 4.256e-5
0.11498 1.026e-5 4.878e-7 9.648e-5
0.12619 2.236e-5 1.68e-6 0.0002038
0.13849 4.619e-5 5.213e-6 0.0004043
0.15199000000000001 9.076e-5 1.45e-5 0.000749
0.16680999999999999 0.0001686 3.609e-5 0.001293
0.18307 0.0003085 8.65e-5 0.002183
0.20092 0.0005519 0.0001943 0.00351
0.22050999999999998 0.001025 0.0004357 0.005373
0.24201 0.00202 0.001057 0.008574
0.26561 0.005057 0.003042 0.01575
0.29151 0.01525 0.01016 0.03237
0.31993 0.04933 0.03461 0.0825
0.35112 0.1742 0.1255 0.2454
0.38534999999999997 0.5282 0.3824 0.7106
0.42291999999999996 1.526 1.111 1.994
0.46416 4.08 2.992 5.256
0.50941 9.864 7.308 12.6
0.55908 21.37 16.0 27.06
0.6135900000000001 47.1 35.64 59.12
0.67342 92.58 70.72 115.2
0.73907 175.3 135.2 216.6
0.81113 320.6 249.6 393.7
0.89022 551.7 432.5 673.7
0.9770099999999999 912.9 717.7 1108.0
1.07227 1407.0 1110.0 1704.0
1.1768100000000001 2179.0 1725.0 2637.0
1.29155 3343.0 2653.0 4042.0
1.41747 4831.0 3829.0 5839.0
1.5556800000000002 6928.0 5485.0 8372.0
1.70735 9584.0 7586.0 11590.0
1.8738199999999998 12900.0 10170.0 15630.0
2.0565100000000003 16920.0 13230.0 20620.0
2.25702 21110.0 16160.0 26050.0
2.47708 26910.0 20130.0 33690.0
2.71859 32810.0 23960.0 41640.0
2.98365 40460.0 28780.0 52140.0
3.27455 48490.0 33560.0 63400.0
3.59381 58280.0 39170.0 77380.0
3.9442100000000004 69190.0 45060.0 93300.0
4.32876 79650.0 50220.0 109100.0
4.7508099999999995 92160.0 56100.0 128400.0
5.21401 105700.0 62000.0 149800.0
5.72237 119200.0 67310.0 171800.0
6.28029 133600.0 72370.0 195600.0
6.89261 148500.0 76870.0 220600.0
7.564629999999999 162500.0 80440.0 244700.0
8.30218 176500.0 83240.0 269600.0
9.11163 189300.0 84780.0 293800.0
10.0 200800.0 85410.0 316100.0
end
reaction: ne22 he4 -> mg26 ; label: ne22+he4_to_mg26 ; table: nacre ; variant: standard
0.001 9.999e-100 9.999e-100 9.999e-100
0.0010999999999999998 9.999e-100 9.999e-100 9.999e-100
0.0012000000000000001 9.999e-100 9.999e-100 9.999e-100
0.00132 9.999e-100 9.999e-100 9.999e-100
0.0014500000000000001 9.999e-100 9.999e-100 9.999e-100
0.00159 9.999e-100 9.999e-100 9.999e-100
0.0017500000000000003 9.999e-100 9.999e-100 9.999e-100
0.0019199999999999998 9.999e-100 9.999e-100 9.999e-100
0.0021000000000000003 9.999e-100 9.999e-100 9.999e-100
0.00231 9.999e-100 9.999e-100 9.999e-100
0.0025399999999999997 9.999e-100 9.999e-100 9.999e-100
0.00278 9.999e-100 9.999e-100 9.999e-100
0.0030499999999999998 9.999e-100 9.999e-100 9.999e-100
0.00335 9.999e-100 9.999e-100 9.999e-100
0.00368 9.999e-100 9.999e-100 9.999e-100
0.00404 9.999e-100 9.999e-100 9.999e-100
0.00443 9.999e-100 9.999e-100 9.999e-100
0.00486 9.999e-100 9.999e-100 9.999e-100
0.00534 9.999e-100 9.999e-100 9.999e-100
0.00586 9.999e-100 9.999e-100 9.999e-100
0.00643 9.999e-100 9.999e-100 9.999e-100
0.007049999999999999 9.999e-100 9.999e-100 9.999e-100
0.0077399999999999995 9.999e-100 9.999e-100 9.999e-100
0.0085 9.999e-100 9.999e-100 9.999e-100
0.00933 9.999e-100 9.999e-100 9.999e-100
0.01024 9.999e-100 9.999e-100 9.999e-100
0.01123 9.999e-100 9.999e-100 9.999e-100
0.01233 9.999e-100 9.999e-100 9.999e-100
0.01353 9.999e-100 9.999e-100 9.999e-100
0.014849999999999999 9.999e-100 9.999e-100 9.999e-100
0.016300000000000002 9.999e-100 9.999e-100 9.999e-100
0.01789 9.999e-100 9.999e-100 9.999e-100
0.01963 9.999e-100 9.999e-100 9.999e-100
0.02154 9.999e-100 9.999e-100 9.999e-100
0.02364 9.999e-100 9.999e-100 9.999e-100
0.02595 9.999e-100 9.999e-100 9.999e-100
0.02848 9.999e-100 9.999e-100 9.999e-100
0.031259999999999996 9.999e-100 9.999e-100 9.999e-100
0.034300000000000004 9.999e-100 9.999e-100 9.999e-100
0.03765 9.999e-100 9.999e-100 9.999e-100
0.04132 9.999e-100 9.999e-100 9.999e-100
0.04535 9.999e-100 9.999e-100 9.999e-100
0.049769999999999995 9.999e-100 9.999e-100 9.999e-100
0.05462 9.999e-100 9.999e-100 9.999e-100
0.05995 9.999e-100 9.999e-100 9.999e-100
0.06579 9.999e-100 9.999e-100 9.999e-100
0.07221 9.999e-100 9.999e-100 9.999e-100
0.07925 9.999e-100 9.999e-100 9.999e-100
0.08697 9.999e-100 9.999e-100 9.999e-100
0.09545000000000001 9.999e-100 9.999e-100 9.999e-100
0.10476 5.064e-24 3.455e-25 5.739e-23
0.11498 1.255e-22 8.706e-24 1.402e-21
0.12619 2.311e-21 1.626e-22 2.543e-20
0.13849 3.312e-20 2.338e-21 3.602e-19
0.15199000000000001 3.769e-19 2.56e-20 4.078e-18
0.16680999999999999 3.919e-18 2.217e-19 4.288e-17
0.18307 4.705e-17 2.018e-18 5.209e-16
0.20092 6.779e-16 2.496e-17 7.445e-15
0.22050999999999998 7.837e-15 4.429e-16 8.173e-14
0.24201 1.15e-13 1.04e-14 1.133e-12
0.26561 1.235e-12 1.687e-13 1.121e-11
0.29151 1.211e-11 2.452e-12 9.926e-11
0.31993 9.336e-11 2.54e-11 6.809e-10
0.35112 6.956e-10 2.444e-10 4.453e-9
0.38534999999999997 3.811e-9 1.573e-9 2.148e-8
0.42291999999999996 1.931e-8 9.126e-9 9.597e-8
0.46416 8.67e-8 4.541e-8 3.827e-7
0.50941 3.331e-7 1.878e-7 1.325e-6
0.55908 1.07e-6 6.365e-7 3.9e-6
0.6135900000000001 3.514e-6 2.203e-6 1.172e-5
0.67342 9.554e-6 6.231e-6 2.965e-5
0.73907 2.446e-5 1.654e-5 7.07e-5
0.81113 5.946e-5 4.159e-5 0.0001597
0.89022 0.0001347 9.723e-5 0.0003332
0.9770099999999999 0.0002958 0.0002206 0.0006647
1.07227 0.0006274 0.0004717 0.00127
1.1768100000000001 0.001385 0.00104 0.002501
1.29155 0.003291 0.002468 0.005496
1.41747 0.008457 0.006319 0.01418
1.5556800000000002 0.02231 0.01658 0.03765
1.70735 0.05814 0.04287 0.09905
1.8738199999999998 0.1476 0.108 0.2536
2.0565100000000003 0.367 0.2664 0.6357
2.25702 0.8464 0.6092 1.48
2.47708 2.118 1.51 3.741
2.71859 4.537 3.194 8.111
2.98365 10.18 7.065 18.44
3.27455 20.32 13.94 37.43
3.59381 40.99 27.72 76.84
3.9442100000000004 78.86 52.19 150.3
4.32876 140.0 90.5 272.6
4.7508099999999995 255.9 161.2 510.1
5.21401 453.1 276.8 927.9
5.72237 755.9 444.8 1596.0
6.28029 1232.0 691.7 2690.0
6.89261 1943.0 1031.0 4404.0
7.564629999999999 2867.0 1406.0 6783.0
8.30218 4110.0 1824.0 10230.0
9.11163 5621.0 2188.0 14840.0
10.0 7230.0 2323.0 20360.0
end
reaction: ne22 he4 -> n mg25 ; label: ne22+he4_to_n+mg25 ; table: nacre ; variant: standard
0.001 9.999e-100 9.999e-100 9.999e-100
0.0010999999999999998 9.999e-100 9.999e-100 9.999e-100
0.0012000000000000001 9.999e-100 9.999e-100 9.999e-100
0.00132 9.999e-100 9.999e-100 9.999e-100
0.0014500000000000001 9.999e-100 9.999e-100 9.999e-100
0.00159 9.999e-100 9.999e-100 9.999e-100
0.0017500000000000003 9.999e-100 9.999e-100 9.999e-100
0.0019199999999999998 9.999e-100 9.999e-100 9.999e-100
0.0021000000000000003 9.999e-100 9.999e-100 9.999e-100
0.00231 9.999e-100 9.999e-100 9.999e-100
0.0025399999999999997 9.999e-100 9.999e-100 9.999e-100
0.00278 9.999e-100 9.999e-100 9.999e-100
0.0030499999999999998 9.999e-100 9.999e-100 9.999e-100
0.00335 9.999e-100 9.999e-100 9.999e-100
0.00368 9.999e-100 9.999e-100 9.999e-100
0.00404 9.999e-100 9.999e-100 9.999e-100
0.00443 9.999e-100 9.999e-100 9.999e-100
0.00486 9.999e-100 9.999e-100 9.999e-100
0.00534 9.999e-100 9.999e-100 9.999e-100
0.00586 9.999e-100 9.999e-100 9.999e-100
0.00643 9.999e-100 9.999e-100 9.999e-100
0.007049999999999999 9.999e-100 9.999e-100 9.999e-100
0.0077399999999999995 9.999e-100 9.999e-100 9.999e-100
0.0085 9.999e-100 9.999e-100 9.999e-100
0.00933 9.999e-100 9.999e-100 9.999e-100
0.01024 9.999e-100 9.999e-100 9.999e-100
0.01123 9.999e-100 9.999e-100 9.999e-100
0.01233 9.999e-100 9.999e-100 9.999e-100
0.01353 9.999e-100 9.999e-100 9.999e-100
0.014849999999999999 9.999e-100 9.999e-100 9.999e-100
0.016300000000000002 9.999e-100 9.999e-100 9.999e-100
0.01789 9.999e-100 9.999e-100 9.999e-100
0.01963 9.999e-100 9.999e-100 9.999e-100
0.02154 9.999e-100 9.999e-100 9.999e-100
0.02364 9.999e-100 9.999e-100 9.999e-100
0.02595 9.999e-100 9.999e-100 9.999e-100
0.02848 9.999e-100 9.999e-100 9.999e-100
0.031259999999999996 9.999e-100 9.999e-100 9.999e-100
0.034300000000000004 9.999e-100 9.999e-100 9.999e-100
0.03765 9.999e-100 9.999e-100 9.999e-100
0.04132 9.999e-100 9.999e-100 9.999e-100
0.04535 9.999e-100 9.999e-100 9.999e-100
0.049769999999999995 9.999e-100 9.999e-100 9.999e-100
0.05462 9.999e-100 9.999e-100 9.999e-100
0.05995 9.999e-100 9.999e-100 9.999e-100
0.06579 9.999e-100 9.999e-100 9.999e-100
0.07221 9.999e-100 9.999e-100 9.999e-100
0.07925 9.999e-100 9.999e-100 9.999e-100
0.08697 9.999e-100 9.999e-100 9.999e-100
0.09545000000000001 9.999e-100 9.999e-100 9.999e-100
0.10476 9.999e-100 9.999e-100 9.999e-100
0.11498 9.999e-100 9.999e-100 9.999e-100
0.12619 2.178e-24 9.745e-26 1.26e-21
0.13849 1.223e-22 6.828e-24 8.76e-20
0.15199000000000001 4.935e-21 4.58e-22 4.22e-18
0.16680999999999999 1.536e-19 2.879e-20 1.355e-16
0.18307 4.825e-18 1.78e-18 3.748e-15
0.20092 1.414e-16 8.083e-17 7.506e-14
0.22050999999999998 2.705e-15 1.761e-15 8.353e-13
0.24201 6.904e-14 5.181e-14 1.176e-11
0.26561 1.156e-12 9.289e-13 1.134e-10
0.29151 1.686e-11 1.388e-11 9.546e-10
0.31993 1.773e-10 1.475e-10 6.229e-9
0.35112 1.745e-9 1.458e-9 3.869e-8
0.38534999999999997 1.157e-8 9.692e-9 1.784e-7
0.42291999999999996 7.022e-8 5.883e-8 7.663e-7
0.46416 3.745e-7 3.14e-7 2.967e-6
0.50941 1.75e-6 1.476e-6 1.022e-5
0.55908 7.437e-6 6.329e-6 3.152e-5
0.6135900000000001 3.45e-5 2.967e-5 0.0001039
0.67342 0.0001556 0.0001358 0.0003335
0.73907 0.0007126 0.0006287 0.001162
0.81113 0.003298 0.002932 0.004389
0.89022 0.01404 0.01253 0.01692
0.9770099999999999 0.05486 0.04907 0.0632
1.07227 0.1835 0.1638 0.2082
1.1768100000000001 0.6315 0.5615 0.7111
1.29155 2.148 1.895 2.412
1.41747 6.373 5.543 7.217
1.5556800000000002 18.94 16.2 21.68
1.70735 52.77 44.25 61.29
1.8738199999999998 138.5 113.4 163.5
2.0565100000000003 354.9 285.1 424.6
2.25702 865.5 692.5 1039.0
2.47708 2303.0 1834.0 2772.0
2.71859 5185.0 4112.0 6258.0
2.98365 12260.0 9676.0 14840.0
3.27455 25590.0 20060.0 31130.0
3.59381 54310.0 42220.0 66390.0
3.9442100000000004 111000.0 85590.0 136400.0
4.32876 207200.0 158500.0 256000.0
4.7508099999999995 398900.0 302400.0 495700.0
5.21401 745500.0 559400.0 932600.0
5.72237 1.315e6 973900.0 1.656e6
6.28029 2.266e6 1.655e6 2.878e6
6.89261 3.785e6 2.719e6 4.85e6
7.564629999999999 5.972e6 4.217e6 7.722e6
8.30218 9.261e6 6.41e6 1.209e7
9.11163 1.391e7 9.401e6 1.836e7
10.0 1.999e7 1.316e7 2.683e7
end
reaction: na22 p -> mg23 ; label: na22+p_to_mg23 ; table: nacre ; variant: standard
0.001 9.999e-100 9.999e-100 9.999e-100
0.0010999999999999998 9.999e-100 9.999e-100 9.999e-100
0.0012000000000000001 9.999e-100 9.999e-100 9.999e-100
0.00132 9.999e-100 9.999e-100 9.999e-100
0.0014500000000000001 9.999e-100 9.999e-100 9.999e-100
0.00159 9.999e-100 9.999e-100 9.999e-100
0.0017500000000000003 9.999e-100 9.999e-100 9.999e-100
0.0019199999999999998 9.999e-100 9.999e-100 9.999e-100
0.0021000000000000003 9.999e-100 9.999e-100 9.999e-100
0.00231 9.999e-100 9.999e-100 9.999e-100
0.0025399999999999997 9.999e-100 9.999e-100 9.999e-100
0.00278 9.999e-100 9.999e-100 9.999e-100
0.0030499999999999998 9.999e-100 9.999e-100 9.999e-100
0.00335 9.999e-100 9.999e-100 9.999e-100
0.00368 9.999e-100 9.999e-100 9.999e-100
0.00404 9.999e-100 9.999e-100 9.999e-100
0.00443 9.999e-100 9.999e-100 9.999e-100
0.00486 9.999e-100 9.999e-100 9.999e-100
0.00534 9.999e-100 9.999e-100 9.999e-100
0.00586 9.999e-100 9.999e-100 9.999e-100
0.00643 9.999e-100 9.999e-100 9.999e-100
0.007049999999999999 9.999e-100 9.999e-100 9.999e-100
0.0077399999999999995 9.999e-100 9.999e-100 9.999e-100
0.0085 9.999e-100 9.999e-100 9.999e-100
0.00933 9.999e-100 9.999e-100 9.999e-100
0.01024 9.999e-100 9.999e-100 9.999e-100
0.01123 9.999e-100 9.999e-100 9.999e-100
0.01233 7.705e-25 4.218e-27 1.151e-23
0.01353 2.187e-23 1.53e-25 1.835e-22
0.014849999999999999 4.658e-22 4.212e-24 2.662e-21
0.016300000000000002 7.063e-21 7.896e-23 3.335e-20
0.01789 8.849e-20 1.179e-21 3.948e-19
0.01963 8.487e-19 1.05e-20 4.067e-18
0.02154 5.942e-18 6.357e-20 3.302e-17
0.02364 4.415e-17 3.981e-19 2.933e-16
0.02595 3.217e-16 2.764e-18 2.457e-15
0.02848 2.033e-15 2.059e-17 1.656e-14
0.031259999999999996 1.175e-14 1.309e-16 1.0e-13
0.034300000000000004 5.644e-14 6.231e-16 4.865e-13
0.03765 3.159e-13 3.452e-15 2.76e-12
0.04132 1.615e-12 1.703e-14 1.479e-11
0.04535 5.833e-12 5.643e-14 5.999e-11
0.049769999999999995 2.388e-11 2.101e-13 2.788e-10
0.05462 6.772e-11 5.683e-13 9.071e-10
0.05995 2.068e-10 1.653e-12 3.22e-9
0.06579 4.982e-10 7.219e-12 8.772e-9
0.07221 1.317e-9 4.747e-11 2.419e-8
0.07925 3.917e-9 6.489e-10 6.204e-8
0.08697 2.251e-8 7.58e-9 1.802e-7
0.09545000000000001 1.659e-7 7.616e-8 7.15e-7
0.10476 1.259e-6 6.256e-7 3.785e-6
0.11498 8.247e-6 4.21e-6 2.199e-5
0.12619 4.557e-5 2.366e-5 0.0001171
0.13849 0.000216 0.000114 0.0005471
0.15199000000000001 0.0008785 0.000472 0.002201
0.16680999999999999 0.003042 0.001662 0.007513
0.18307 0.009912 0.005524 0.02414
0.20092 0.02874 0.01636 0.06875
0.22050999999999998 0.0676 0.03941 0.1582
0.24201 0.1729 0.1034 0.3951
0.26561 0.3882 0.2377 0.8627
0.29151 0.8329 0.5216 1.793
0.31993 1.631 1.045 3.401
0.35112 3.136 2.058 6.326
0.38534999999999997 5.426 3.637 10.59
0.42291999999999996 9.131 6.248 17.26
0.46416 14.79 10.3 27.07
0.50941 22.93 16.19 40.57
0.55908 33.83 24.24 58.1
0.6135900000000001 50.5 36.72 84.13
0.67342 71.95 52.89 116.7
0.73907 101.3 75.46 160.1
0.81113 141.1 106.7 217.7
0.89022 193.3 147.0 290.4
0.9770099999999999 260.2 199.5 382.6
1.07227 355.2 269.9 525.5
1.1768100000000001 498.5 372.6 750.0
1.29155 695.1 510.7 1065.0
1.41747 927.2 669.8 1447.0
1.5556800000000002 1231.0 872.0 1958.0
1.70735 1593.0 1103.0 2575.0
1.8738199999999998 2016.0 1361.0 3321.0
2.0565100000000003 2516.0 1655.0 4229.0
2.25702 3061.0 1960.0 5252.0
2.47708 3794.0 2360.0 6662.0
2.71859 4475.0 2703.0 8022.0
2.98365 5320.0 3112.0 9752.0
3.27455 6134.0 3466.0 11490.0
3.59381 7071.0 3848.0 13540.0
3.9442100000000004 8029.0 4200.0 15730.0
4.32876 8946.0 4501.0 17860.0
4.7508099999999995 10020.0 4832.0 20410.0
5.21401 11110.0 5119.0 23080.0
5.72237 12120.0 5317.0 25660.0
6.28029 13160.0 5490.0 28410.0
6.89261 14210.0 5628.0 31290.0
7.564629999999999 15110.0 5680.0 33930.0
8.30218 16030.0 5704.0 36700.0
9.11163 16990.0 5698.0 39570.0
10.0 17820.0 5623.0 42180.0
end
reaction: na23 p -> mg24 ; label: na23+p_to_mg24 ; table: nacre ; variant: standard
0.001 9.999e-100 9.999e-100 9.999e-100
0.0010999999999999998 9.999e-100 9.999e-100 9.999e-100
0.0012000000000000001 9.999e-100 9.999e-100 9.999e-100
0.00132 9.999e-100 9.999e-100 9.999e-100
0.0014500000000000001 9.999e-100 9.999e-100 9.999e-100
0.00159 9.999e-100 9.999e-100 9.999e-100
0.0017500000000000003 9.999e-100 9.999e-100 9.999e-100
0.0019199999999999998 9.999e-100 9.999e-100 9.999e-100
0.0021000000000000003 9.999e-100 9.999e-100 9.999e-100
0.00231 9.999e-100 9.999e-100 9.999e-100
0.0025399999999999997 9.999e-100 9.999e-100 9.999e-100
0.00278 9.999e-100 9.999e-100 9.999e-100
0.0030499999999999998 9.999e-100 9.999e-100 9.999e-100
0.00335 9.999e-100 9.999e-100 9.999e-100
0.00368 9.999e-100 9.999e-100 9.999e-100
0.00404 9.999e-100 9.999e-100 9.999e-100
0.00443 9.999e-100 9.999e-100 9.999e-100
0.00486 9.999e-100 9.999e-100 9.999e-100
0.00534 9.999e-100 9.999e-100 9.999e-100
0.00586 9.999e-100 9.999e-100 9.999e-100
0.00643 9.999e-100 9.999e-100 9.999e-100
0.007049999999999999 9.999e-100 9.999e-100 9.999e-100
0.0077399999999999995 9.999e-100 9.999e-100 9.999e-100
0.0085 9.999e-100 9.999e-100 9.999e-100
0.00933 9.999e-100 9.999e-100 9.999e-100
0.01024 9.999e-100 9.999e-100 9.999e-100
0.01123 9.999e-100 9.999e-100 9.999e-100
0.01233 9.999e-100 9.999e-100 9.999e-100
0.01353 9.999e-100 9.999e-100 9.999e-100
0.014849999999999999 9.999e-100 9.999e-100 9.999e-100
0.016300000000000002 9.999e-100 9.999e-100 9.999e-100
0.01789 9.999e-100 9.999e-100 9.999e-100
0.01963 3.781e-25 1.685e-27 7.486e-24
0.02154 3.147e-24 1.467e-26 6.227e-23
0.02364 2.893e-23 1.415e-25 5.718e-22
0.02595 2.603e-22 1.338e-24 5.13e-21
0.02848 2.001e-21 1.079e-23 3.921e-20
0.031259999999999996 2.054e-20 8.073e-23 3.71e-19
0.034300000000000004 2.983e-19 5.08e-22 4.459e-18
0.03765 5.624e-18 3.824e-21 6.831e-17
0.04132 1.211e-16 2.795e-20 1.264e-15
0.04535 2.609e-15 1.594e-19 2.672e-14
0.049769999999999995 7.58e-14 1.078e-18 7.605e-13
0.05462 9.387e-13 6.16e-18 9.398e-12
0.05995 1.393e-11 4.094e-17 1.393e-10
0.06579 1.138e-10 7.688e-16 1.138e-9
0.07221 9.232e-10 1.838e-14 9.229e-9
0.07925 6.009e-9 5.364e-13 6.002e-8
0.08697 3.062e-8 1.101e-11 3.061e-7
0.09545000000000001 1.383e-7 1.904e-10 1.378e-6
0.10476 5.471e-7 2.707e-9 5.404e-6
0.11498 1.934e-6 3.209e-8 1.86e-5
0.12619 6.472e-6 3.218e-7 5.767e-5
0.13849 2.243e-5 2.759e-6 0.0001683
0.15199000000000001 8.806e-5 1.977e-5 0.0004927
0.16680999999999999 0.0003819 0.0001153 0.001562
0.18307 0.001737 0.0006216 0.005467
0.20092 0.007371 0.002826 0.02005
0.22050999999999998 0.02414 0.009441 0.06293
0.24201 0.08877 0.03547 0.2208
0.26561 0.2693 0.1088 0.6547
0.29151 0.761 0.3089 1.833
0.31993 1.875 0.7627 4.486
0.35112 4.472 1.822 10.64
0.38534999999999997 9.083 3.7 21.53
0.42291999999999996 17.61 7.185 41.62
0.46416 32.01 13.14 75.5
0.50941 54.08 22.48 127.2
0.55908 84.48 35.6 198.0
0.6135900000000001 132.9 56.99 309.7
0.67342 193.7 85.27 446.3
0.73907 275.3 125.4 625.2
0.81113 382.5 181.7 853.2
0.89022 513.0 257.6 1121.0
0.9770099999999999 675.2 360.2 1428.0
1.07227 861.5 489.1 1756.0
1.1768100000000001 1106.0 671.1 2164.0
1.29155 1419.0 920.6 2665.0
1.41747 1782.0 1226.0 3215.0
1.5556800000000002 2246.0 1634.0 3894.0
1.70735 2813.0 2140.0 4694.0
1.8738199999999998 3492.0 2741.0 5659.0
2.0565100000000003 4306.0 3458.0 6826.0
2.25702 5216.0 4245.0 8168.0
2.47708 6437.0 5316.0 9946.0
2.71859 7615.0 6307.0 11750.0
2.98365 9091.0 7542.0 14040.0
3.27455 10520.0 8747.0 16290.0
3.59381 12140.0 10120.0 18870.0
3.9442100000000004 13730.0 11430.0 21400.0
4.32876 15110.0 12600.0 23480.0
4.7508099999999995 16650.0 13930.0 25760.0
5.21401 18650.0 15320.0 29710.0
5.72237 21280.0 16680.0 36590.0
6.28029 24280.0 18080.0 44900.0
6.89261 27630.0 19500.0 54760.0
7.564629999999999 31250.0 20910.0 65740.0
8.30218 35470.0 22450.0 79000.0
9.11163 40400.0 24120.0 94920.0
10.0 45920.0 25760.0 113600.0
end
reaction: na23 p -> n mg23 ; label: na23+p_to_n+mg23 ; table: nacre ; variant: standard
0.001 9.999e-100 9.999e-100 9.999e-100
0.0010999999999999998 9.999e-100 9.999e-100 9.999e-100
0.0012000000000000001 9.999e-100 9.999e-100 9.999e-100
0.00132 9.999e-100 9.999e-100 9.999e-100
0.0014500000000000001 9.999e-100 9.999e-100 9.999e-100
0.00159 9.999e-100 9.999e-100 9.999e-100
0.0017500000000000003 9.999e-100 9.999e-100 9.999e-100
0.0019199999999999998 9.999e-100 9.999e-100 9.999e-100
0.0021000000000000003 9.999e-100 9.999e-100 9.999e-100
0.00231 9.999e-100 9.999e-100 9.999e-100
0.0025399999999999997 9.999e-100 9.999e-100 9.999e-100
0.00278 9.999e-100 9.999e-100 9.999e-100
0.0030499999999999998 9.999e-100 9.999e-100 9.999e-100
0.00335 9.999e-100 9.999e-100 9.999e-100
0.00368 9.999e-100 9.999e-100 9.999e-100
0.00404 9.999e-100 9.999e-100 9.999e-100
0.00443 9.999e-100 9.999e-100 9.999e-100
0.00486 9.999e-100 9.999e-100 9.999e-100
0.00534 9.999e-100 9.999e-100 9.999e-100
0.00586 9.999e-100 9.999e-100 9.999e-100
0.00643 9.999e-100 9.999e-100 9.999e-100
0.007049999999999999 9.999e-100 9.999e-100 9.999e-100
0.0077399999999999995 9.999e-100 9.999e-100 9.999e-100
0.0085 9.999e-100 9.999e-100 9.999e-100
0.00933 9.999e-100 9.999e-100 9.999e-100
0.01024 9.999e-100 9.999e-100 9.999e-100
0.01123 9.999e-100 9.999e-100 9.999e-100
0.01233 9.999e-100 9.999e-100 9.999e-100
0.01353 9.999e-100 9.999e-100 9.999e-100
0.014849999999999999 9.999e-100 9.999e-100 9.999e-100
0.016300000000000002 9.999e-100 9.999e-100 9.999e-100
0.01789 9.999e-100 9.999e-100 9.999e-100
0.01963 9.999e-100 9.999e-100 9.999e-100
0.02154 9.999e-100 9.999e-100 9.999e-100
0.02364 9.999e-100 9.999e-100 9.999e-100
0.02595 9.999e-100 9.999e-100 9.999e-100
0.02848 9.999e-100 9.999e-100 9.999e-100
0.031259999999999996 9.999e-100 9.999e-100 9.999e-100
0.034300000000000004 9.999e-100 9.999e-100 9.999e-100
0.03765 9.999e-100 9.999e-100 9.999e-100
0.04132 9.999e-100 9.999e-100 9.999e-100
0.04535 9.999e-100 9.999e-100 9.999e-100
0.049769999999999995 9.999e-100 9.999e-100 9.999e-100
0.05462 9.999e-100 9.999e-100 9.999e-100
0.05995 9.999e-100 9.999e-100 9.999e-100
0.06579 9.999e-100 9.999e-100 9.999e-100
0.07221 9.999e-100 9.999e-100 9.999e-100
0.07925 9.999e-100 9.999e-100 9.999e-100
0.08697 9.999e-100 9.999e-100 9.999e-100
0.09545000000000001 9.999e-100 9.999e-100 9.999e-100
0.10476 9.999e-100 9.999e-100 9.999e-100
0.11498 9.999e-100 9.999e-100 9.999e-100
0.12619 9.999e-100 9.999e-100 9.999e-100
0.13849 9.999e-100 9.999e-100 9.999e-100
0.15199000000000001 9.999e-100 9.999e-100 9.999e-100
0.16680999999999999 9.999e-100 9.999e-100 9.999e-100
0.18307 9.999e-100 9.999e-100 9.999e-100
0.20092 9.999e-100 9.999e-100 9.999e-100
0.22050999999999998 9.999e-100 9.999e-100 9.999e-100
0.24201 9.999e-100 9.999e-100 9.999e-100
0.26561 9.999e-100 9.999e-100 9.999e-100
0.29151 9.999e-100 9.999e-100 9.999e-100
0.31993 9.999e-100 9.999e-100 9.999e-100
0.35112 9.999e-100 9.999e-100 9.999e-100
0.38534999999999997 9.999e-100 9.999e-100 9.999e-100
0.42291999999999996 9.999e-100 9.999e-100 9.999e-100
0.46416 9.999e-100 9.999e-100 9.999e-100
0.50941 9.999e-100 9.999e-100 9.999e-100
0.55908 9.999e-100 9.999e-100 9.999e-100
0.6135900000000001 8.467e-32 7.774e-32 9.146e-32
0.67342 2.529e-28 2.324e-28 2.733e-28
0.73907 4.454e-25 4.095e-25 4.813e-25
0.81113 4.779e-22 4.394e-22 5.16e-22
0.89022 2.293e-19 2.103e-19 2.472e-19
0.9770099999999999 5.986e-17 5.499e-17 6.476e-17
1.07227 6.454e-15 5.933e-15 6.987e-15
1.1768100000000001 7.079e-13 6.511e-13 7.658e-13
1.29155 6.57e-11 6.041e-11 7.106e-11
1.41747 2.833e-9 2.601e-9 3.066e-9
1.5556800000000002 1.103e-7 1.012e-7 1.194e-7
1.70735 2.861e-6 2.63e-6 3.1e-6
1.8738199999999998 5.214e-5 4.794e-5 5.644e-5
2.0565100000000003 0.0007476 0.0006867 0.0008087
2.25702 0.007179 0.006589 0.007776
2.47708 0.08593 0.07881 0.09324
2.71859 0.577 0.5286 0.6261
2.98365 4.244 3.884 4.605
3.27455 21.08 19.27 22.85
3.59381 103.7 94.73 112.4
3.9442100000000004 426.1 388.9 463.1
4.32876 1345.0 1228.0 1462.0
4.7508099999999995 4407.0 4025.0 4789.0
5.21401 13290.0 12140.0 14450.0
5.72237 34650.0 31660.0 37730.0
6.28029 84710.0 77430.0 92490.0
6.89261 190300.0 174100.0 208700.0
7.564629999999999 386500.0 351800.0 422500.0
8.30218 758500.0 687700.0 827600.0
9.11163 1.403e6 1.272e6 1.534e6
10.0 2.391e6 2.156e6 2.607e6
end
reaction: na23 p -> he4 ne20 ; label: na23+p_to_he4+ne20 ; table: nacre ; variant: standard
0.001 9.999e-100 9.999e-100 9.999e-100
0.0010999999999999998 9.999e-100 9.999e-100 9.999e-100
0.0012000000000000001 9.999e-100 9.999e-100 9.999e-100
0.00132 9.999e-100 9.999e-100 9.999e-100
0.0014500000000000001 9.999e-100 9.999e-100 9.999e-100
0.00159 9.999e-100 9.999e-100 9.999e-100
0.0017500000000000003 9.999e-100 9.999e-100 9.999e-100
0.0019199999999999998 9.999e-100 9.999e-100 9.999e-100
0.0021000000000000003 9.999e-100 9.999e-100 9.999e-100
0.00231 9.999e-100 9.999e-100 9.999e-100
0.0025399999999999997 9.999e-100 9.999e-100 9.999e-100
0.00278 9.999e-100 9.999e-100 9.999e-100
0.0030499999999999998 9.999e-100 9.999e-100 9.999e-100
0.00335 9.999e-100 9.999e-100 9.999e-100
0.00368 9.999e-100 9.999e-100 9.999e-100
0.00404 9.999e-100 9.999e-100 9.999e-100
0.00443 9.999e-100 9.999e-100 9.999e-100
0.00486 9.999e-100 9.999e-100 9.999e-100
0.00534 9.999e-100 9.999e-100 9.999e-100
0.00586 9.999e-100 9.999e-100 9.999e-100
0.00643 9.999e-100 9.999e-100 9.999e-100
0.007049999999999999 9.999e-100 9.999e-100 9.999e-100
0.0077399999999999995 9.999e-100 9.999e-100 9.999e-100
0.0085 9.999e-100 9.999e-100 9.999e-100
0.00933 9.999e-100 9.999e-100 9.999e-100
0.01024 9.999e-100 9.999e-100 9.999e-100
0.01123 9.999e-100 9.999e-100 9.999e-100
0.01233 3.397e-25 2.214e-28 3.403e-24
0.01353 6.129e-24 3.341e-27 6.163e-23
0.014849999999999999 8.643e-23 4.702e-26 8.65e-22
0.016300000000000002 9.022e-22 5.883e-25 8.747e-21
0.01789 7.968e-21 7.106e-24 6.378e-20
0.01963 5.491e-20 7.703e-23 5.272e-19
0.02154 2.716e-19 6.775e-22 2.721e-18
0.02364 1.383e-18 6.605e-21 1.381e-17
0.02595 6.421e-18 6.302e-20 6.376e-17
0.02848 2.341e-17 5.117e-19 2.297e-16
0.031259999999999996 7.98e-17 3.847e-18 7.364e-16
0.034300000000000004 2.373e-16 2.425e-17 1.919e-15
0.03765 7.851e-16 1.829e-16 5.493e-15
0.04132 2.982e-15 1.343e-15 1.737e-14
0.04535 1.346e-14 7.73e-15 6.121e-14
0.049769999999999995 7.038e-14 5.276e-14 2.438e-13
0.05462 5.693e-13 3.588e-13 2.191e-12
0.05995 5.73e-12 2.91e-12 2.529e-11
0.06579 5.795e-11 2.848e-11 2.188e-10
0.07221 6.108e-10 2.977e-10 1.932e-9
0.07925 5.532e-9 2.823e-9 1.437e-8
0.08697 3.895e-8 2.084e-8 8.695e-8
0.09545000000000001 2.406e-7 1.343e-7 4.745e-7
0.10476 1.274e-6 7.372e-7 2.29e-6
0.11498 5.85e-6 3.498e-6 9.816e-6
0.12619 2.401e-5 1.484e-5 3.814e-5
0.13849 9.136e-5 5.863e-5 0.000139
0.15199000000000001 0.0003319 0.0002222 0.0004858
0.16680999999999999 0.001174 0.0008177 0.00167
0.18307 0.004237 0.00306 0.005772
0.20092 0.01472 0.01094 0.01901
0.22050999999999998 0.04294 0.03232 0.05392
0.24201 0.139 0.1061 0.1693
0.26561 0.3876 0.2983 0.4626
0.29151 1.03 0.7969 1.211
0.31993 2.453 1.915 2.858
0.35112 5.737 4.53 6.647
0.38534999999999997 12.02 9.58 13.82
0.42291999999999996 25.07 20.29 28.61
0.46416 51.82 42.79 58.74
0.50941 106.5 89.83 119.8
0.55908 215.8 185.5 240.5
0.6135900000000001 450.8 395.3 498.3
0.67342 893.0 797.8 983.3
0.73907 1730.0 1563.0 1897.0
0.81113 3278.0 2977.0 3582.0
0.89022 5871.0 5364.0 6420.0
0.9770099999999999 10080.0 9284.0 11040.0
1.07227 16310.0 15080.0 17900.0
1.1768100000000001 26700.0 24790.0 29390.0
1.29155 43630.0 40680.0 48210.0
1.41747 67930.0 63630.0 75360.0
1.5556800000000002 105900.0 99460.0 118000.0
1.70735 160900.0 151100.0 180200.0
1.8738199999999998 237400.0 223000.0 267400.0
2.0565100000000003 343600.0 321700.0 388900.0
2.25702 478200.0 443100.0 542800.0
2.47708 687500.0 629500.0 782600.0
2.71859 924700.0 826700.0 1.053e6
2.98365 1.265e6 1.1e6 1.442e6
3.27455 1.646e6 1.395e6 1.88e6
3.59381 2.15e6 1.77e6 2.461e6
3.9442100000000004 2.767e6 2.202e6 3.17e6
4.32876 3.441e6 2.649e6 3.947e6
4.7508099999999995 4.325e6 3.213e6 4.968e6
5.21401 5.557e6 4.039e6 6.389e6
5.72237 7.315e6 5.307e6 8.415e6
6.28029 9.575e6 6.926e6 1.1e7
6.89261 1.242e7 8.949e6 1.424e7
7.564629999999999 1.572e7 1.132e7 1.809e7
8.30218 1.981e7 1.425e7 2.288e7
9.11163 2.474e7 1.775e7 2.864e7
10.0 3.05e7 2.18e7 3.53e7
end
reaction: na23 he4 -> n al26 ; label: na23+he4_to_n+al26 ; table: nacre ; variant: standard
0.001 9.999e-100 9.999e-100 9.999e-100
0.0010999999999999998 9.999e-100 9.999e-100 9.999e-100
0.0012000000000000001 9.999e-100 9.999e-100 9.999e-100
0.00132 9.999e-100 9.999e-100 9.999e-100
0.0014500000000000001 9.999e-100 9.999e-100 9.999e-100
0.00159 9.999e-100 9.999e-100 9.999e-100
0.0017500000000000003 9.999e-100 9.999e-100 9.999e-100
0.0019199999999999998 9.999e-100 9.999e-100 9.999e-100
0.0021000000000000003 9.999e-100 9.999e-100 9.999e-100
0.00231 9.999e-100 9.999e-100 9.999e-100
0.0025399999999999997 9.999e-100 9.999e-100 9.999e-100
0.00278 9.999e-100 9.999e-100 9.999e-100
0.0030499999999999998 9.999e-100 9.999e-100 9.999e-100
0.00335 9.999e-100 9.999e-100 9.999e-100
0.00368 9.999e-100 9.999e-100 9.999e-100
0.00404 9.999e-100 9.999e-100 9.999e-100
0.00443 9.999e-100 9.999e-100 9.999e-100
0.00486 9.999e-100 9.999e-100 9.999e-100
0.00534 9.999e-100 9.999e-100 9.999e-100
0.00586 9.999e-100 9.999e-100 9.999e-100
0.00643 9.999e-100 9.999e-100 9.999e-100
0.007049999999999999 9.999e-100 9.999e-100 9.999e-100
0.0077399999999999995 9.999e-100 9.999e-100 9.999e-100
0.0085 9.999e-100 9.999e-100 9.999e-100
0.00933 9.999e-100 9.999e-100 9.999e-100
0.01024 9.999e-100 9.999e-100 9.999e-100
0.01123 9.999e-100 9.999e-100 9.999e-100
0.01233 9.999e-100 9.999e-100 9.999e-100
0.01353 9.999e-100 9.999e-100 9.999e-100
0.014849999999999999 9.999e-100 9.999e-100 9.999e-100
0.016300000000000002 9.999e-100 9.999e-100 9.999e-100
0.01789 9.999e-100 9.999e-100 9.999e-100
0.01963 9.999e-100 9.999e-100 9.999e-100
0.02154 9.999e-100 9.999e-100 9.999e-100
0.02364 9.999e-100 9.999e-100 9.999e-100
0.02595 9.999e-100 9.999e-100 9.999e-100
0.02848 9.999e-100 9.999e-100 9.999e-100
0.031259999999999996 9.999e-100 9.999e-100 9.999e-100
0.034300000000000004 9.999e-100 9.999e-100 9.999e-100
0.03765 9.999e-100 9.999e-100 9.999e-100
0.04132 9.999e-100 9.999e-100 9.999e-100
0.04535 9.999e-100 9.999e-100 9.999e-100
0.049769999999999995 9.999e-100 9.999e-100 9.999e-100
0.05462 9.999e-100 9.999e-100 9.999e-100
0.05995 9.999e-100 9.999e-100 9.999e-100
0.06579 9.999e-100 9.999e-100 9.999e-100
0.07221 9.999e-100 9.999e-100 9.999e-100
0.07925 9.999e-100 9.999e-100 9.999e-100
0.08697 9.999e-100 9.999e-100 9.999e-100
0.09545000000000001 9.999e-100 9.999e-100 9.999e-100
0.10476 9.999e-100 9.999e-100 9.999e-100
0.11498 9.999e-100 9.999e-100 9.999e-100
0.12619 9.999e-100 9.999e-100 9.999e-100
0.13849 9.999e-100 9.999e-100 9.999e-100
0.15199000000000001 9.999e-100 9.999e-100 9.999e-100
0.16680999999999999 9.999e-100 9.999e-100 9.999e-100
0.18307 9.999e-100 9.999e-100 9.999e-100
0.20092 9.999e-100 9.999e-100 9.999e-100
0.22050999999999998 9.999e-100 9.999e-100 9.999e-100
0.24201 9.999e-100 9.999e-100 9.999e-100
0.26561 9.999e-100 9.999e-100 9.999e-100
0.29151 9.999e-100 9.999e-100 9.999e-100
0.31993 9.999e-100 9.999e-100 9.999e-100
0.35112 9.999e-100 9.999e-100 9.999e-100
0.38534999999999997 9.999e-100 9.999e-100 9.999e-100
0.42291999999999996 9.999e-100 9.999e-100 9.999e-100
0.46416 9.999e-100 9.999e-100 9.999e-100
0.50941 7.975e-23 6.0e-23 1.002e-22
0.55908 2.389e-20 1.826e-20 2.98e-20
0.6135900000000001 7.994e-18 6.2e-18 9.894e-18
0.67342 1.085e-15 8.467e-16 1.328e-15
0.73907 1.064e-13 8.396e-14 1.293e-13
0.81113 7.691e-12 6.153e-12 9.288e-12
0.89022 3.379e-10 2.722e-10 4.039e-10
0.9770099999999999 1.029e-8 8.392e-9 1.225e-8
1.07227 1.822e-7 1.5e-7 2.157e-7
1.1768100000000001 3.257e-6 2.705e-6 3.833e-6
1.29155 5.267e-5 4.412e-5 6.155e-5
1.41747 0.0005342 0.0004504 0.0006193
1.5556800000000002 0.005079 0.004313 0.005849
1.70735 0.03749 0.03207 0.043
1.8738199999999998 0.2233 0.1922 0.2546
2.0565100000000003 1.147 0.9932 1.3
2.25702 4.589 3.995 5.183
2.47708 21.02 18.4 23.64
2.71859 67.6 59.39 75.99
2.98365 229.9 202.7 258.5
3.27455 616.1 544.1 689.9
3.59381 1644.0 1454.0 1835.0
3.9442100000000004 3944.0 3495.0 4404.0
4.32876 8097.0 7159.0 9052.0
4.7508099999999995 17050.0 15020.0 19090.0
5.21401 34350.0 30150.0 38560.0
5.72237 63790.0 55750.0 71900.0
6.28029 115100.0 100000.0 130200.0
6.89261 199400.0 172300.0 226500.0
7.564629999999999 326900.0 281000.0 373300.0
8.30218 526100.0 449100.0 604300.0
9.11163 819100.0 693500.0 945900.0
10.0 1.243e6 1.046e6 1.441e6
end
reaction: na23 he4 -> n al*6 ; label: na23+he4_to_n+al*6 ; table: nacre ; variant: standard
0.001 9.999e-100 9.999e-100 9.999e-100
0.0010999999999999998 9.999e-100 9.999e-100 9.999e-100
0.0012000000000000001 9.999e-100 9.999e-100 9.999e-100
0.00132 9.999e-100 9.999e-100 9.999e-100
0.0014500000000000001 9.999e-100 9.999e-100 9.999e-100
0.00159 9.999e-100 9.999e-100 9.999e-100
0.0017500000000000003 9.999e-100 9.999e-100 9.999e-100
0.0019199999999999998 9.999e-100 9.999e-100 9.999e-100
0.0021000000000000003 9.999e-100 9.999e-100 9.999e-100
0.00231 9.999e-100 9.999e-100 9.999e-100
0.0025399999999999997 9.999e-100 9.999e-100 9.999e-100
0.00278 9.999e-100 9.999e-100 9.999e-100
0.0030499999999999998 9.999e-100 9.999e-100 9.999e-100
0.00335 9.999e-100 9.999e-100 9.999e-100
0.00368 9.999e-100 9.999e-100 9.999e-100
0.00404 9.999e-100 9.999e-100 9.999e-100
0.00443 9.999e-100 9.999e-100 9.999e-100
0.00486 9.999e-100 9.999e-100 9.999e-100
0.00534 9.999e-100 9.999e-100 9.999e-100
0.00586 9.999e-100 9.999e-100 9.999e-100
0.00643 9.999e-100 9.999e-100 9.999e-100
0.007049999999999999 9.999e-100 9.999e-100 9.999e-100
0.0077399999999999995 9.999e-100 9.999e-100 9.999e-100
0.0085 9.999e-100 9.999e-100 9.999e-100
0.00933 9.999e-100 9.999e-100 9.999e-100
0.01024 9.999e-100 9.999e-100 9.999e-100
0.01123 9.999e-100 9.999e-100 9.999e-100
0.01233 9.999e-100 9.999e-100 9.999e-100
0.01353 9.999e-100 9.999e-100 9.999e-100
0.014849999999999999 9.999e-100 9.999e-100 9.999e-100
0.016300000000000002 9.999e-100 9.999e-100 9.999e-100
0.01789 9.999e-100 9.999e-100 9.999e-100
0.01963 9.999e-100 9.999e-100 9.999e-100
0.02154 9.999e-100 9.999e-100 9.999e-100
0.02364 9.999e-100 9.999e-100 9.999e-100
0.02595 9.999e-100 9.999e-100 9.999e-100
0.02848 9.999e-100 9.999e-100 9.999e-100
0.031259999999999996 9.999e-100 9.999e-100 9.999e-100
0.034300000000000004 9.999e-100 9.999e-100 9.999e-100
0.03765 9.999e-100 9.999e-100 9.999e-100
0.04132 9.999e-100 9.999e-100 9.999e-100
0.04535 9.999e-100 9.999e-100 9.999e-100
0.049769999999999995 9.999e-100 9.999e-100 9.999e-100
0.05462 9.999e-100 9.999e-100 9.999e-100
0.05995 9.999e-100 9.999e-100 9.999e-100
0.06579 9.999e-100 9.999e-100 9.999e-100
0.07221 9.999e-100 9.999e-100 9.999e-100
0.07925 9.999e-100 9.999e-100 9.999e-100
0.08697 9.999e-100 9.999e-100 9.999e-100
0.09545000000000001 9.999e-100 9.999e-100 9.999e-100
0.10476 9.999e-100 9.999e-100 9.999e-100
0.11498 9.999e-100 9.999e-100 9.999e-100
0.12619 9.999e-100 9.999e-100 9.999e-100
0.13849 9.999e-100 9.999e-100 9.999e-100
0.15199000000000001 9.999e-100 9.999e-100 9.999e-100
0.16680999999999999 9.999e-100 9.999e-100 9.999e-100
0.18307 9.999e-100 9.999e-100 9.999e-100
0.20092 9.999e-100 9.999e-100 9.999e-100
0.22050999999999998 9.999e-100 9.999e-100 9.999e-100
0.24201 9.999e-100 9.999e-100 9.999e-100
0.26561 9.999e-100 9.999e-100 9.999e-100
0.29151 9.999e-100 9.999e-100 9.999e-100
0.31993 9.999e-100 9.999e-100 9.999e-100
0.35112 9.999e-100 9.999e-100 9.999e-100
0.38534999999999997 9.999e-100 9.999e-100 9.999e-100
0.42291999999999996 9.999e-100 9.999e-100 9.999e-100
0.46416 9.999e-100 9.999e-100 9.999e-100
0.50941 3.465e-26
0.55908 1.686e-23
0.6135900000000001 9.236e-21
0.67342 1.888e-18
0.73907 2.716e-16
0.81113 2.808e-14
0.89022 1.693e-12
0.9770099999999999 6.871e-11
1.07227 1.551e-9
1.1768100000000001 3.543e-8
1.29155 7.263e-7
1.41747 8.997e-6
1.5556800000000002 0.0001038
1.70735 0.000907
1.8738199999999998 0.006271
2.0565100000000003 0.03693
2.25702 0.1663
2.47708 0.8675
2.71859 3.074
2.98365 11.57
3.27455 33.61
3.59381 97.36
3.9442100000000004 252.0
4.32876 553.1
4.7508099999999995 1249.0
5.21401 2691.0
5.72237 5311.0
6.28029 10170.0
6.89261 18660.0
7.564629999999999 32320.0
8.30218 54850.0
9.11163 89590.0
10.0 141900.0
end
reaction: mg24 p -> al25 ; label: mg24+p_to_al25 ; table: nacre ; variant: standard
0.001 9.999e-100 9.999e-100 9.999e-100
0.0010999999999999998 9.999e-100 9.999e-100 9.999e-100
0.0012000000000000001 9.999e-100 9.999e-100 9.999e-100
0.00132 9.999e-100 9.999e-100 9.999e-100
0.0014500000000000001 9.999e-100 9.999e-100 9.999e-100
0.00159 9.999e-100 9.999e-100 9.999e-100
0.0017500000000000003 9.999e-100 9.999e-100 9.999e-100
0.0019199999999999998 9.999e-100 9.999e-100 9.999e-100
0.0021000000000000003 9.999e-100 9.999e-100 9.999e-100
0.00231 9.999e-100 9.999e-100 9.999e-100
0.0025399999999999997 9.999e-100 9.999e-100 9.999e-100
0.00278 9.999e-100 9.999e-100 9.999e-100
0.0030499999999999998 9.999e-100 9.999e-100 9.999e-100
0.00335 9.999e-100 9.999e-100 9.999e-100
0.00368 9.999e-100 9.999e-100 9.999e-100
0.00404 9.999e-100 9.999e-100 9.999e-100
0.00443 9.999e-100 9.999e-100 9.999e-100
0.00486 9.999e-100 9.999e-100 9.999e-100
0.00534 9.999e-100 9.999e-100 9.999e-100
0.00586 9.999e-100 9.999e-100 9.999e-100
0.00643 9.999e-100 9.999e-100 9.999e-100
0.007049999999999999 9.999e-100 9.999e-100 9.999e-100
0.0077399999999999995 9.999e-100 9.999e-100 9.999e-100
0.0085 9.999e-100 9.999e-100 9.999e-100
0.00933 9.999e-100 9.999e-100 9.999e-100
0.01024 9.999e-100 9.999e-100 9.999e-100
0.01123 9.999e-100 9.999e-100 9.999e-100
0.01233 9.999e-100 9.999e-100 9.999e-100
0.01353 9.999e-100 9.999e-100 9.999e-100
0.014849999999999999 9.999e-100 9.999e-100 9.999e-100
0.016300000000000002 9.999e-100 9.999e-100 9.999e-100
0.01789 9.999e-100 9.999e-100 9.999e-100
0.01963 9.999e-100 9.999e-100 9.999e-100
0.02154 9.999e-100 9.999e-100 9.999e-100
0.02364 9.999e-100 9.999e-100 9.999e-100
0.02595 2.838e-23 2.263e-23 3.386e-23
0.02848 2.517e-22 2.011e-22 3.013e-22
0.031259999999999996 2.058e-21 1.646e-21 2.468e-21
0.034300000000000004 1.397e-20 1.118e-20 1.676e-20
0.03765 1.143e-19 9.151e-20 1.372e-19
0.04132 9.822e-19 7.798e-19 1.191e-18
0.04535 7.662e-18 5.934e-18 9.608e-18
0.049769999999999995 7.302e-17 5.505e-17 9.499e-17
0.05462 2.357e-15 1.733e-15 3.159e-15
0.05995 1.127e-13 8.064e-14 1.56e-13
0.06579 3.123e-12 2.258e-12 4.273e-12
0.07221 8.627e-11 6.304e-11 1.167e-10
0.07925 1.695e-9 1.25e-9 2.272e-9
0.08697 2.285e-8 1.697e-8 3.032e-8
0.09545000000000001 2.542e-7 1.9e-7 3.333e-7
0.10476 2.269e-6 1.708e-6 2.95e-6
0.11498 1.642e-5 1.242e-5 2.123e-5
0.12619 9.823e-5 7.466e-5 0.0001263
0.13849 0.0004989 0.0003819 0.0006369
0.15199000000000001 0.002134 0.001641 0.00271
0.16680999999999999 0.007674 0.005923 0.009689
0.18307 0.0257 0.01992 0.0323
0.20092 0.07523 0.05848 0.09394
0.22050999999999998 0.1746 0.1361 0.2173
0.24201 0.4399 0.3437 0.5456
0.26561 0.9545 0.7476 1.18
0.29151 1.953 1.533 2.406
0.31993 3.614 2.845 4.441
0.35112 6.521 5.15 7.993
0.38534999999999997 10.52 8.311 12.82
0.42291999999999996 16.37 12.96 19.92
0.46416 24.37 19.33 29.61
0.50941 34.58 27.52 41.87
0.55908 46.43 37.12 56.14
0.6135900000000001 62.62 50.28 75.53
0.67342 80.19 64.59 96.13
0.73907 101.0 81.61 120.5
0.81113 125.3 101.6 148.9
0.89022 151.4 123.9 179.8
0.9770099999999999 180.6 148.8 213.4
1.07227 212.0 175.8 249.1
1.1768100000000001 250.2 209.1 292.3
1.29155 296.6 249.9 344.2
1.41747 349.4 297.2 402.0
1.5556800000000002 413.5 355.2 471.9
1.70735 488.6 423.5 553.6
1.8738199999999998 575.8 503.0 647.7
2.0565100000000003 676.5 595.1 756.1
2.25702 783.8 693.2 873.3
2.47708 921.4 819.6 1023.0
2.71859 1052.0 937.5 1166.0
2.98365 1210.0 1080.0 1339.0
3.27455 1362.0 1216.0 1502.0
3.59381 1532.0 1369.0 1688.0
3.9442100000000004 1701.0 1524.0 1878.0
4.32876 1855.0 1657.0 2050.0
4.7508099999999995 2030.0 1806.0 2246.0
5.21401 2201.0 1953.0 2439.0
5.72237 2353.0 2084.0 2611.0
6.28029 2492.0 2204.0 2770.0
6.89261 2609.0 2302.0 2906.0
7.564629999999999 3061.0 2527.0 3566.0
8.30218 3693.0 2812.0 4536.0
9.11163 4455.0 3131.0 5735.0
10.0 5390.0 3480.0 7230.0
end
reaction: mg24 p -> he4 na21 ; label: mg24+p_to_he4+na21 ; table: nacre ; variant: standard
0.001 9.999e-100 9.999e-100 9.999e-100
0.0010999999999999998 9.999e-100 9.999e-100 9.999e-100
0.0012000000000000001 9.999e-100 9.999e-100 9.999e-100
0.00132 9.999e-100 9.999e-100 9.999e-100
0.0014500000000000001 9.999e-100 9.999e-100 9.999e-100
0.00159 9.999e-100 9.999e-100 9.999e-100
0.0017500000000000003 9.999e-100 9.999e-100 9.999e-100
0.0019199999999999998 9.999e-100 9.999e-100 9.999e-100
0.0021000000000000003 9.999e-100 9.999e-100 9.999e-100
0.00231 9.999e-100 9.999e-100 9.999e-100
0.0025399999999999997 9.999e-100 9.999e-100 9.999e-100
0.00278 9.999e-100 9.999e-100 9.999e-100
0.0030499999999999998 9.999e-100 9.999e-100 9.999e-100
0.00335 9.999e-100 9.999e-100 9.999e-100
0.00368 9.999e-100 9.999e-100 9.999e-100
0.00404 9.999e-100 9.999e-100 9.999e-100
0.00443 9.999e-100 9.999e-100 9.999e-100
0.00486 9.999e-100 9.999e-100 9.999e-100
0.00534 9.999e-100 9.999e-100 9.999e-100
0.00586 9.999e-100 9.999e-100 9.999e-100
0.00643 9.999e-100 9.999e-100 9.999e-100
0.007049999999999999 9.999e-100 9.999e-100 9.999e-100
0.0077399999999999995 9.999e-100 9.999e-100 9.999e-100
0.0085 9.999e-100 9.999e-100 9.999e-100
0.00933 9.999e-100 9.999e-100 9.999e-100
0.01024 9.999e-100 9.999e-100 9.999e-100
0.01123 9.999e-100 9.999e-100 9.999e-100
0.01233 9.999e-100 9.999e-100 9.999e-100
0.01353 9.999e-100 9.999e-100 9.999e-100
0.014849999999999999 9.999e-100 9.999e-100 9.999e-100
0.016300000000000002 9.999e-100 9.999e-100 9.999e-100
0.01789 9.999e-100 9.999e-100 9.999e-100
0.01963 9.999e-100 9.999e-100 9.999e-100
0.02154 9.999e-100 9.999e-100 9.999e-100
0.02364 9.999e-100 9.999e-100 9.999e-100
0.02595 9.999e-100 9.999e-100 9.999e-100
0.02848 9.999e-100 9.999e-100 9.999e-100
0.031259999999999996 9.999e-100 9.999e-100 9.999e-100
0.034300000000000004 9.999e-100 9.999e-100 9.999e-100
0.03765 9.999e-100 9.999e-100 9.999e-100
0.04132 9.999e-100 9.999e-100 9.999e-100
0.04535 9.999e-100 9.999e-100 9.999e-100
0.049769999999999995 9.999e-100 9.999e-100 9.999e-100
0.05462 9.999e-100 9.999e-100 9.999e-100
0.05995 9.999e-100 9.999e-100 9.999e-100
0.06579 9.999e-100 9.999e-100 9.999e-100
0.07221 9.999e-100 9.999e-100 9.999e-100
0.07925 9.999e-100 9.999e-100 9.999e-100
0.08697 9.999e-100 9.999e-100 9.999e-100
0.09545000000000001 9.999e-100 9.999e-100 9.999e-100
0.10476 9.999e-100 9.999e-100 9.999e-100
0.11498 9.999e-100 9.999e-100 9.999e-100
0.12619 9.999e-100 9.999e-100 9.999e-100
0.13849 9.999e-100 9.999e-100 9.999e-100
0.15199000000000001 9.999e-100 9.999e-100 9.999e-100
0.16680999999999999 9.999e-100 9.999e-100 9.999e-100
0.18307 9.999e-100 9.999e-100 9.999e-100
0.20092 9.999e-100 9.999e-100 9.999e-100
0.22050999999999998 9.999e-100 9.999e-100 9.999e-100
0.24201 9.999e-100 9.999e-100 9.999e-100
0.26561 9.999e-100 9.999e-100 9.999e-100
0.29151 9.999e-100 9.999e-100 9.999e-100
0.31993 9.999e-100 9.999e-100 9.999e-100
0.35112 9.999e-100 9.999e-100 9.999e-100
0.38534999999999997 9.999e-100 9.999e-100 9.999e-100
0.42291999999999996 9.999e-100 9.999e-100 9.999e-100
0.46416 9.999e-100 9.999e-100 9.999e-100
0.50941 9.999e-100 9.999e-100 9.999e-100
0.55908 9.999e-100 9.999e-100 9.999e-100
0.6135900000000001 9.999e-100 9.999e-100 9.999e-100
0.67342 9.999e-100 9.999e-100 9.999e-100
0.73907 9.999e-100 9.999e-100 9.999e-100
0.81113 9.999e-100 9.999e-100 9.999e-100
0.89022 9.999e-100 9.999e-100 9.999e-100
0.9770099999999999 9.999e-100 9.999e-100 9.999e-100
1.07227 9.999e-100 9.999e-100 9.999e-100
1.1768100000000001 9.999e-100 9.999e-100 9.999e-100
1.29155 9.999e-100 9.999e-100 9.999e-100
1.41747 9.999e-100 9.999e-100 9.999e-100
1.5556800000000002 1.219e-21 3.803e-22 5.01e-21
1.70735 4.486e-19 1.418e-19 1.813e-18
1.8738199999999998 9.313e-17 2.991e-17 3.706e-16
2.0565100000000003 1.305e-14 4.266e-15 5.112e-14
2.25702 9.151e-13 3.048e-13 3.522e-12
2.47708 9.712e-11 3.303e-11 3.667e-10
2.71859 3.724e-9 1.292e-9 1.38e-8
2.98365 1.72e-7 6.101e-8 6.248e-7
3.27455 3.923e-6 1.418e-6 1.392e-5
3.59381 8.928e-5 3.295e-5 0.0003092
3.9442100000000004 0.001479 0.0005587 0.005005
4.32876 0.01503 0.00582 0.04978
4.7508099999999995 0.1662 0.0661 0.5378
5.21401 1.567 0.6395 4.951
5.72237 11.12 4.647 34.28
6.28029 70.59 30.26 212.5
6.89261 385.8 170.2 1137.0
7.564629999999999 1691.0 761.1 4871.0
8.30218 6862.0 3155.0 19320.0
9.11163 24610.0 11600.0 67880.0
10.0 77260.0 37350.0 209500.0
end
reaction: mg25 p -> al26 ; label: mg25+p_to_al26 ; table: nacre ; variant: standard
0.001 9.999e-100 9.999e-100 9.999e-100
0.0010999999999999998 9.999e-100 9.999e-100 9.999e-100
0.0012000000000000001 9.999e-100 9.999e-100 9.999e-100
0.00132 9.999e-100 9.999e-100 9.999e-100
0.0014500000000000001 9.999e-100 9.999e-100 9.999e-100
0.00159 9.999e-100 9.999e-100 9.999e-100
0.0017500000000000003 9.999e-100 9.999e-100 9.999e-100
0.0019199999999999998 9.999e-100 9.999e-100 9.999e-100
0.0021000000000000003 9.999e-100 9.999e-100 9.999e-100
0.00231 9.999e-100 9.999e-100 9.999e-100
0.0025399999999999997 9.999e-100 9.999e-100 9.999e-100
0.00278 9.999e-100 9.999e-100 9.999e-100
0.0030499999999999998 9.999e-100 9.999e-100 9.999e-100
0.00335 9.999e-100 9.999e-100 9.999e-100
0.00368 9.999e-100 9.999e-100 9.999e-100
0.00404 9.999e-100 9.999e-100 9.999e-100
0.00443 9.999e-100 9.999e-100 9.999e-100
0.00486 9.999e-100 9.999e-100 9.999e-100
0.00534 9.999e-100 9.999e-100 9.999e-100
0.00586 9.999e-100 9.999e-100 9.999e-100
0.00643 9.999e-100 9.999e-100 9.999e-100
0.007049999999999999 9.999e-100 9.999e-100 9.999e-100
0.0077399999999999995 9.999e-100 9.999e-100 9.999e-100
0.0085 9.999e-100 9.999e-100 9.999e-100
0.00933 9.999e-100 9.999e-100 9.999e-100
0.01024 9.999e-100 9.999e-100 9.999e-100
0.01123 9.999e-100 9.999e-100 9.999e-100
0.01233 9.999e-100 9.999e-100 9.999e-100
0.01353 9.999e-100 9.999e-100 9.999e-100
0.014849999999999999 9.999e-100 9.999e-100 9.999e-100
0.016300000000000002 2.006e-23 9.373e-24 4.732e-23
0.01789 7.049e-22 3.419e-22 1.493e-21
0.01963 1.678e-20 8.369e-21 3.379e-20
0.02154 2.337e-19 1.195e-19 4.576e-19
0.02364 3.418e-18 1.794e-18 6.532e-18
0.02595 4.296e-17 2.309e-17 8.025e-17
0.02848 3.616e-16 1.982e-16 6.636e-16
0.031259999999999996 2.497e-15 1.393e-15 4.509e-15
0.034300000000000004 1.216e-14 6.879e-15 2.166e-14
0.03765 6.904e-14 3.968e-14 1.213e-13
0.04132 3.544e-13 2.066e-13 6.167e-13
0.04535 1.258e-12 7.402e-13 2.192e-12
0.049769999999999995 5.052e-12 3.003e-12 8.818e-12
0.05462 1.549e-11 9.297e-12 2.771e-11
0.05995 5.179e-11 3.143e-11 9.535e-11
0.06579 1.503e-10 9.174e-11 2.861e-10
0.07221 4.486e-10 2.759e-10 8.826e-10
0.07925 1.279e-9 7.941e-10 2.586e-9
0.08697 3.342e-9 2.086e-9 6.924e-9
0.09545000000000001 8.461e-9 5.341e-9 1.772e-8
0.10476 2.119e-8 1.373e-8 4.362e-8
0.11498 5.778e-8 3.985e-8 1.1e-7
0.12619 2.072e-7 1.59e-7 3.311e-7
0.13849 1.085e-6 9.212e-7 1.417e-6
0.15199000000000001 6.987e-6 6.186e-6 8.144e-6
0.16680999999999999 4.192e-5 3.763e-5 4.707e-5
0.18307 0.0002385 0.0002164 0.0002634
0.20092 0.001157 0.001056 0.001274
0.22050999999999998 0.004116 0.003759 0.004507
0.24201 0.01657 0.01514 0.01804
0.26561 0.05442 0.04983 0.05907
0.29151 0.1658 0.1525 0.1798
0.31993 0.4423 0.407 0.4788
0.35112 1.15 1.057 1.242
0.38534999999999997 2.552 2.361 2.748
0.42291999999999996 5.463 5.067 5.873
0.46416 11.06 10.27 11.89
0.50941 20.9 19.45 22.45
0.55908 36.54 34.02 39.22
0.6135900000000001 64.69 60.23 69.35
0.67342 105.4 98.18 112.8
0.73907 167.0 155.5 178.6
0.81113 257.6 239.6 275.6
0.89022 378.5 351.9 405.2
0.9770099999999999 537.9 499.0 575.5
1.07227 725.3 672.0 776.8
1.1768100000000001 980.1 907.6 1052.0
1.29155 1315.0 1216.0 1412.0
1.41747 1694.0 1562.0 1815.0
1.5556800000000002 2168.0 1993.0 2321.0
1.70735 2699.0 2477.0 2894.0
1.8738199999999998 3321.0 3038.0 3560.0
2.0565100000000003 4085.0 3708.0 4395.0
2.25702 5035.0 4484.0 5488.0
2.47708 6334.0 5523.0 7003.0
2.71859 7601.0 6483.0 8535.0
2.98365 9212.0 7667.0 10520.0
3.27455 10820.0 8803.0 12520.0
3.59381 12730.0 10090.0 14950.0
3.9442100000000004 14820.0 11370.0 17730.0
4.32876 16900.0 12580.0 20530.0
4.7508099999999995 19390.0 13980.0 23950.0
5.21401 22120.0 15380.0 27760.0
5.72237 24940.0 16650.0 31760.0
6.28029 28000.0 17940.0 36220.0
6.89261 31230.0 19210.0 41080.0
7.564629999999999 34130.0 20140.0 45650.0
8.30218 37200.0 20980.0 50590.0
9.11163 40420.0 21680.0 55850.0
10.0 42970.0 21910.0 60320.0
end
reaction: mg25 p -> al*6 ; label: mg25+p_to_al*6 ; table: nacre ; variant: standard
0.001 9.999e-100 9.999e-100 9.999e-100
0.0010999999999999998 9.999e-100 9.999e-100 9.999e-100
0.0012000000000000001 9.999e-100 9.999e-100 9.999e-100
0.00132 9.999e-100 9.999e-100 9.999e-100
0.0014500000000000001 9.999e-100 9.999e-100 9.999e-100
0.00159 9.999e-100 9.999e-100 9.999e-100
0.0017500000000000003 9.999e-100 9.999e-100 9.999e-100
0.0019199999999999998 9.999e-100 9.999e-100 9.999e-100
0.0021000000000000003 9.999e-100 9.999e-100 9.999e-100
0.00231 9.999e-100 9.999e-100 9.999e-100
0.0025399999999999997 9.999e-100 9.999e-100 9.999e-100
0.00278 9.999e-100 9.999e-100 9.999e-100
0.0030499999999999998 9.999e-100 9.999e-100 9.999e-100
0.00335 9.999e-100 9.999e-100 9.999e-100
0.00368 9.999e-100 9.999e-100 9.999e-100
0.00404 9.999e-100 9.999e-100 9.999e-100
0.00443 9.999e-100 9.999e-100 9.999e-100
0.00486 9.999e-100 9.999e-100 9.999e-100
0.00534 9.999e-100 9.999e-100 9.999e-100
0.00586 9.999e-100 9.999e-100 9.999e-100
0.00643 9.999e-100 9.999e-100 9.999e-100
0.007049999999999999 9.999e-100 9.999e-100 9.999e-100
0.0077399999999999995 9.999e-100 9.999e-100 9.999e-100
0.0085 9.999e-100 9.999e-100 9.999e-100
0.00933 9.999e-100 9.999e-100 9.999e-100
0.01024 9.999e-100 9.999e-100 9.999e-100
0.01123 9.999e-100 9.999e-100 9.999e-100
0.01233 9.999e-100 9.999e-100 9.999e-100
0.01353 9.999e-100 9.999e-100 9.999e-100
0.014849999999999999 9.999e-100 9.999e-100 9.999e-100
0.016300000000000002 4.836e-24 2.198e-24 1.14e-23
0.01789 1.64e-22 8.042e-23 3.522e-22
0.01963 3.919e-21 1.996e-21 7.974e-21
0.02154 5.496e-20 2.835e-20 1.078e-19
0.02364 8.106e-19 4.21e-19 1.533e-18
0.02595 1.024e-17 5.387e-18 1.878e-17
0.02848 8.622e-17 4.638e-17 1.549e-16
0.031259999999999996 5.944e-16 3.254e-16 1.051e-15
0.034300000000000004 2.881e-15 1.593e-15 5.052e-15
0.03765 1.628e-14 9.105e-15 2.83e-14
0.04132 8.289e-14 4.704e-14 1.431e-13
0.04535 2.899e-13 1.68e-13 5.001e-13
0.049769999999999995 1.145e-12 6.789e-13 1.974e-12
0.05462 3.429e-12 2.048e-12 6.052e-12
0.05995 1.117e-11 6.722e-12 2.026e-11
0.06579 3.114e-11 1.898e-11 5.87e-11
0.07221 8.973e-11 5.513e-11 1.752e-10
0.07925 2.509e-10 1.533e-10 5.006e-10
0.08697 6.517e-10 4.008e-10 1.313e-9
0.09545000000000001 1.671e-9 1.046e-9 3.46e-9
0.10476 4.364e-9 2.823e-9 9.007e-9
0.11498 1.261e-8 8.718e-9 2.405e-8
0.12619 4.51e-8 3.439e-8 7.365e-8
0.13849 2.137e-7 1.789e-7 2.863e-7
0.15199000000000001 1.238e-6 1.082e-6 1.469e-6
0.16680999999999999 6.997e-6 6.339e-6 7.933e-6
0.18307 3.951e-5 3.566e-5 4.319e-5
0.20092 0.0001911 0.0001752 0.0002018
0.22050999999999998 0.0006803 0.0006286 0.0007268
0.24201 0.002741 0.002554 0.002966
0.26561 0.009175 0.008559 0.009928
0.29151 0.02884 0.02681 0.03098
0.31993 0.07977 0.0733 0.0847
0.35112 0.2157 0.1952 0.2262
0.38534999999999997 0.492 0.4484 0.5286
0.42291999999999996 1.088 0.9962 1.173
0.46416 2.284 2.101 2.464
0.50941 4.498 4.159 4.938
0.55908 8.35 7.703 9.081
0.6135900000000001 15.76 14.5 17.02
0.67342 27.38 25.08 29.68
0.73907 46.14 42.21 50.33
0.81113 75.75 69.33 83.11
0.89022 120.0 109.6 130.5
0.9770099999999999 182.2 166.2 198.3
1.07227 261.9 236.1 283.0
1.1768100000000001 378.6 335.9 404.8
1.29155 539.1 473.7 573.8
1.41747 719.8 635.3 773.1
1.5556800000000002 955.7 841.7 1031.0
1.70735 1234.0 1073.0 1328.0
1.8738199999999998 1561.0 1351.0 1677.0
2.0565100000000003 1970.0 1678.0 2133.0
2.25702 2505.0 2017.0 2776.0
2.47708 3261.0 2466.0 3708.0
2.71859 4036.0 2875.0 4687.0
2.98365 5056.0 3374.0 6004.0
3.27455 6133.0 3837.0 7422.0
3.59381 7459.0 4360.0 9201.0
3.9442100000000004 8939.0 4880.0 11230.0
4.32876 10490.0 5347.0 13380.0
4.7508099999999995 12420.0 5876.0 16100.0
5.21401 14600.0 6405.0 19210.0
5.72237 16900.0 6887.0 22550.0
6.28029 19510.0 7357.0 26340.0
6.89261 22410.0 7793.0 30550.0
7.564629999999999 25160.0 8083.0 34690.0
8.30218 28180.0 8352.0 39270.0
9.11163 31440.0 8597.0 44190.0
10.0 34250.0 8646.0 48580.0
end
reaction: mg25 he4 -> n si28 ; label: mg25+he4_to_n+si28 ; table: nacre ; variant: standard
0.001 9.999e-100 9.999e-100 9.999e-100
0.0010999999999999998 9.999e-100 9.999e-100 9.999e-100
0.0012000000000000001 9.999e-100 9.999e-100 9.999e-100
0.00132 9.999e-100 9.999e-100 9.999e-100
0.0014500000000000001 9.999e-100 9.999e-100 9.999e-100
0.00159 9.999e-100 9.999e-100 9.999e-100
0.0017500000000000003 9.999e-100 9.999e-100 9.999e-100
0.0019199999999999998 9.999e-100 9.999e-100 9.999e-100
0.0021000000000000003 9.999e-100 9.999e-100 9.999e-100
0.00231 9.999e-100 9.999e-100 9.999e-100
0.0025399999999999997 9.999e-100 9.999e-100 9.999e-100
0.00278 9.999e-100 9.999e-100 9.999e-100
0.0030499999999999998 9.999e-100 9.999e-100 9.999e-100
0.00335 9.999e-100 9.999e-100 9.999e-100
0.00368 9.999e-100 9.999e-100 9.999e-100
0.00404 9.999e-100 9.999e-100 9.999e-100
0.00443 9.999e-100 9.999e-100 9.999e-100
0.00486 9.999e-100 9.999e-100 9.999e-100
0.00534 9.999e-100 9.999e-100 9.999e-100
0.00586 9.999e-100 9.999e-100 9.999e-100
0.00643 9.999e-100 9.999e-100 9.999e-100
0.007049999999999999 9.999e-100 9.999e-100 9.999e-100
0.0077399999999999995 9.999e-100 9.999e-100 9.999e-100
0.0085 9.999e-100 9.999e-100 9.999e-100
0.00933 9.999e-100 9.999e-100 9.999e-100
0.01024 9.999e-100 9.999e-100 9.999e-100
0.01123 9.999e-100 9.999e-100 9.999e-100
0.01233 9.999e-100 9.999e-100 9.999e-100
0.01353 9.999e-100 9.999e-100 9.999e-100
0.014849999999999999 9.999e-100 9.999e-100 9.999e-100
0.016300000000000002 9.999e-100 9.999e-100 9.999e-100
0.01789 9.999e-100 9.999e-100 9.999e-100
0.01963 9.999e-100 9.999e-100 9.999e-100
0.02154 9.999e-100 9.999e-100 9.999e-100
0.02364 9.999e-100 9.999e-100 9.999e-100
0.02595 9.999e-100 9.999e-100 9.999e-100
0.02848 9.999e-100 9.999e-100 9.999e-100
0.031259999999999996 9.999e-100 9.999e-100 9.999e-100
0.034300000000000004 9.999e-100 9.999e-100 9.999e-100
0.03765 9.999e-100 9.999e-100 9.999e-100
0.04132 9.999e-100 9.999e-100 9.999e-100
0.04535 9.999e-100 9.999e-100 9.999e-100
0.049769999999999995 9.999e-100 9.999e-100 9.999e-100
0.05462 9.999e-100 9.999e-100 9.999e-100
0.05995 9.999e-100 9.999e-100 9.999e-100
0.06579 9.999e-100 9.999e-100 9.999e-100
0.07221 9.999e-100 9.999e-100 9.999e-100
0.07925 9.999e-100 9.999e-100 9.999e-100
0.08697 9.999e-100 9.999e-100 9.999e-100
0.09545000000000001 9.999e-100 9.999e-100 9.999e-100
0.10476 9.999e-100 9.999e-100 9.999e-100
0.11498 9.999e-100 9.999e-100 9.999e-100
0.12619 9.999e-100 9.999e-100 9.999e-100
0.13849 2.3e-25 3.054e-28 8.2e-24
0.15199000000000001 5.071e-24 7.1e-27 1.807e-22
0.16680999999999999 9.646e-23 1.429e-25 3.43e-21
0.18307 1.831e-21 2.88e-24 6.47e-20
0.20092 3.084e-20 5.221e-23 1.087e-18
0.22050999999999998 3.805e-19 6.981e-22 1.333e-17
0.24201 5.996e-18 1.202e-20 2.087e-16
0.26561 7.685e-17 1.703e-19 2.659e-15
0.29151 9.673e-16 2.395e-18 3.327e-14
0.31993 1.048e-14 2.974e-17 3.596e-13
0.35112 1.171e-13 3.898e-16 4.018e-12
0.38534999999999997 1.057e-12 4.447e-15 3.614e-11
0.42291999999999996 9.417e-12 5.56e-14 3.194e-10
0.46416 7.956e-11 7.576e-13 2.654e-9
0.50941 6.135e-10 1.087e-11 1.975e-8
0.55908 4.201e-9 1.44e-10 1.261e-7
0.6135900000000001 3.131e-8 2.083e-9 8.553e-7
0.67342 2.021e-7 2.274e-8 4.693e-6
0.73907 1.271e-6 2.227e-7 2.39e-5
0.81113 7.824e-6 1.97e-6 0.0001135
0.89022 4.38e-5 1.432e-5 0.0004683
0.9770099999999999 0.0002269 9.153e-5 0.001744
1.07227 0.001006 0.0004738 0.005612
1.1768100000000001 0.004675 0.002551 0.01862
1.29155 0.02165 0.01354 0.06244
1.41747 0.08664 0.05997 0.192
1.5556800000000002 0.3493 0.2644 0.6112
1.70735 1.31 1.057 1.926
1.8738199999999998 4.574 3.876 5.99
2.0565100000000003 15.04 13.17 18.39
2.25702 42.8 37.59 52.22
2.47708 134.9 118.9 164.2
2.71859 349.3 308.1 424.6
2.98365 958.2 845.6 1163.0
3.27455 2289.0 2022.0 2769.0
3.59381 5531.0 4896.0 6671.0
3.9442100000000004 12520.0 11120.0 15050.0
4.32876 25200.0 22440.0 30190.0
4.7508099999999995 52370.0 46720.0 62500.0
5.21401 104900.0 93870.0 124700.0
5.72237 195900.0 176100.0 232200.0
6.28029 356600.0 321900.0 420600.0
6.89261 627000.0 567500.0 734000.0
7.564629999999999 1.043e6 948600.0 1.211e6
8.30218 1.706e6 1.56e6 1.965e6
9.11163 2.701e6 2.48e6 3.092e6
10.0 4.094e6 3.781e6 4.646e6
end
reaction: mg26 p -> al27 ; label: mg26+p_to_al27 ; table: nacre ; variant: standard
0.001 9.999e-100 9.999e-100 9.999e-100
0.0010999999999999998 9.999e-100 9.999e-100 9.999e-100
0.0012000000000000001 9.999e-100 9.999e-100 9.999e-100
0.00132 9.999e-100 9.999e-100 9.999e-100
0.0014500000000000001 9.999e-100 9.999e-100 9.999e-100
0.00159 9.999e-100 9.999e-100 9.999e-100
0.0017500000000000003 9.999e-100 9.999e-100 9.999e-100
0.0019199999999999998 9.999e-100 9.999e-100 9.999e-100
0.0021000000000000003 9.999e-100 9.999e-100 9.999e-100
0.00231 9.999e-100 9.999e-100 9.999e-100
0.0025399999999999997 9.999e-100 9.999e-100 9.999e-100
0.00278 9.999e-100 9.999e-100 9.999e-100
0.0030499999999999998 9.999e-100 9.999e-100 9.999e-100
0.00335 9.999e-100 9.999e-100 9.999e-100
0.00368 9.999e-100 9.999e-100 9.999e-100
0.00404 9.999e-100 9.999e-100 9.999e-100
0.00443 9.999e-100 9.999e-100 9.999e-100
0.00486 9.999e-100 9.999e-100 9.999e-100
0.00534 9.999e-100 9.999e-100 9.999e-100
0.00586 9.999e-100 9.999e-100 9.999e-100
0.00643 9.999e-100 9.999e-100 9.999e-100
0.007049999999999999 9.999e-100 9.999e-100 9.999e-100
0.0077399999999999995 9.999e-100 9.999e-100 9.999e-100
0.0085 9.999e-100 9.999e-100 9.999e-100
0.00933 9.999e-100 9.999e-100 9.999e-100
0.01024 9.999e-100 9.999e-100 9.999e-100
0.01123 9.999e-100 9.999e-100 9.999e-100
0.01233 9.999e-100 9.999e-100 9.999e-100
0.01353 9.999e-100 9.999e-100 9.999e-100
0.014849999999999999 9.999e-100 9.999e-100 9.999e-100
0.016300000000000002 2.982e-25 1.317e-25 6.034e-25
0.01789 7.268e-24 3.342e-24 1.42e-23
0.01963 1.24e-22 5.93e-23 2.342e-22
0.02154 1.31e-21 6.434e-22 2.451e-21
0.02364 1.448e-20 7.29e-21 2.701e-20
0.02595 1.416e-19 7.186e-20 2.97e-19
0.02848 9.914e-19 4.915e-19 2.853e-18
0.031259999999999996 6.867e-18 2.822e-18 2.859e-17
0.034300000000000004 4.404e-17 1.187e-17 2.834e-16
0.03765 3.386e-16 5.745e-17 3.512e-15
0.04132 2.647e-15 2.77e-16 3.863e-14
0.04535 1.771e-14 1.145e-15 2.631e-13
0.049769999999999995 1.427e-13 5.432e-15 2.16e-12
0.05462 7.262e-13 3.522e-14 1.04e-11
0.05995 4.179e-12 2.764e-13 5.608e-11
0.06579 1.829e-11 2.053e-12 2.17e-10
0.07221 8.491e-11 1.599e-11 8.598e-10
0.07925 3.862e-10 1.121e-10 3.135e-9
0.08697 1.714e-9 6.525e-10 1.076e-8
0.09545000000000001 7.711e-9 3.567e-9 3.682e-8
0.10476 3.538e-8 1.875e-8 1.267e-7
0.11498 1.734e-7 1.034e-7 4.571e-7
0.12619 9.69e-7 6.596e-7 1.863e-6
0.13849 6.272e-6 4.841e-6 9.187e-6
0.15199000000000001 4.288e-5 3.621e-5 5.324e-5
0.16680999999999999 0.0002679 0.0002388 0.0003084
0.18307 0.001612 0.001484 0.001765
0.20092 0.008334 0.007805 0.008904
0.22050999999999998 0.03128 0.02954 0.03311
0.24201 0.1335 0.1273 0.1399
0.26561 0.4594 0.4402 0.4786
0.29151 1.458 1.402 1.515
0.31993 3.992 3.847 4.144
0.35112 10.57 10.21 10.98
0.38534999999999997 23.56 22.78 24.38
0.42291999999999996 50.11 48.45 51.8
0.46416 99.69 96.47 103.2
0.50941 183.3 177.7 190.0
0.55908 309.7 299.0 320.8
0.6135900000000001 527.3 507.2 546.6
0.67342 819.6 787.2 853.3
0.73907 1231.0 1181.0 1286.0
0.81113 1792.0 1717.0 1875.0
0.89022 2496.0 2382.0 2611.0
0.9770099999999999 3340.0 3176.0 3505.0
1.07227 4253.0 4031.0 4475.0
1.1768100000000001 5414.0 5114.0 5714.0
1.29155 6832.0 6426.0 7232.0
1.41747 8290.0 7754.0 8796.0
1.5556800000000002 10020.0 9316.0 10670.0
1.70735 11910.0 10980.0 12750.0
1.8738199999999998 13910.0 12770.0 15030.0
2.0565100000000003 16110.0 14710.0 17610.0
2.25702 18470.0 16670.0 20370.0
2.47708 21460.0 19120.0 23900.0
2.71859 24550.0 21600.0 27700.0
2.98365 28350.0 24600.0 32480.0
3.27455 32420.0 27680.0 37800.0
3.59381 38100.0 31860.0 45330.0
3.9442100000000004 47420.0 38430.0 57810.0
4.32876 57240.0 44890.0 71480.0
4.7508099999999995 69690.0 52740.0 89300.0
5.21401 83840.0 61150.0 110300.0
5.72237 98690.0 69310.0 133300.0
6.28029 115200.0 77630.0 159500.0
6.89261 133000.0 85630.0 188100.0
7.564629999999999 149600.0 92000.0 216200.0
8.30218 165700.0 97080.0 244900.0
9.11163 178400.0 99440.0 270200.0
10.0 183500.0 97020.0 284500.0
end
reaction: mg26 he4 -> n si29 ; label: mg26+he4_to_n+si29 ; table: nacre ; variant: standard
0.001 9.999e-100 9.999e-100 9.999e-100
0.0010999999999999998 9.999e-100 9.999e-100 9.999e-100
0.0012000000000000001 9.999e-100 9.999e-100 9.999e-100
0.00132 9.999e-100 9.999e-100 9.999e-100
0.0014500000000000001 9.999e-100 9.999e-100 9.999e-100
0.00159 9.999e-100 9.999e-100 9.999e-100
0.0017500000000000003 9.999e-100 9.999e-100 9.999e-100
0.0019199999999999998 9.999e-100 9.999e-100 9.999e-100
0.0021000000000000003 9.999e-100 9.999e-100 9.999e-100
0.00231 9.999e-100 9.999e-100 9.999e-100
0.0025399999999999997 9.999e-100 9.999e-100 9.999e-100
0.00278 9.999e-100 9.999e-100 9.999e-100
0.0030499999999999998 9.999e-100 9.999e-100 9.999e-100
0.00335 9.999e-100 9.999e-100 9.999e-100
0.00368 9.999e-100 9.999e-100 9.999e-100
0.00404 9.999e-100 9.999e-100 9.999e-100
0.00443 9.999e-100 9.999e-100 9.999e-100
0.00486 9.999e-100 9.999e-100 9.999e-100
0.00534 9.999e-100 9.999e-100 9.999e-100
0.00586 9.999e-100 9.999e-100 9.999e-100
0.00643 9.999e-100 9.999e-100 9.999e-100
0.007049999999999999 9.999e-100 9.999e-100 9.999e-100
0.0077399999999999995 9.999e-100 9.999e-100 9.999e-100
0.0085 9.999e-100 9.999e-100 9.999e-100
0.00933 9.999e-100 9.999e-100 9.999e-100
0.01024 9.999e-100 9.999e-100 9.999e-100
0.01123 9.999e-100 9.999e-100 9.999e-100
0.01233 9.999e-100 9.999e-100 9.999e-100
0.01353 9.999e-100 9.999e-100 9.999e-100
0.014849999999999999 9.999e-100 9.999e-100 9.999e-100
0.016300000000000002 9.999e-100 9.999e-100 9.999e-100
0.01789 9.999e-100 9.999e-100 9.999e-100
0.01963 9.999e-100 9.999e-100 9.999e-100
0.02154 9.999e-100 9.999e-100 9.999e-100
0.02364 9.999e-100 9.999e-100 9.999e-100
0.02595 9.999e-100 9.999e-100 9.999e-100
0.02848 9.999e-100 9.999e-100 9.999e-100
0.031259999999999996 9.999e-100 9.999e-100 9.999e-100
0.034300000000000004 9.999e-100 9.999e-100 9.999e-100
0.03765 9.999e-100 9.999e-100 9.999e-100
0.04132 9.999e-100 9.999e-100 9.999e-100
0.04535 9.999e-100 9.999e-100 9.999e-100
0.049769999999999995 9.999e-100 9.999e-100 9.999e-100
0.05462 9.999e-100 9.999e-100 9.999e-100
0.05995 9.999e-100 9.999e-100 9.999e-100
0.06579 9.999e-100 9.999e-100 9.999e-100
0.07221 9.999e-100 9.999e-100 9.999e-100
0.07925 9.999e-100 9.999e-100 9.999e-100
0.08697 9.999e-100 9.999e-100 9.999e-100
0.09545000000000001 9.999e-100 9.999e-100 9.999e-100
0.10476 9.999e-100 9.999e-100 9.999e-100
0.11498 9.999e-100 9.999e-100 9.999e-100
0.12619 9.999e-100 9.999e-100 9.999e-100
0.13849 3.544e-25 2.308e-28 6.963e-24
0.15199000000000001 7.821e-24 5.354e-27 1.548e-22
0.16680999999999999 1.487e-22 1.076e-25 2.941e-21
0.18307 2.813e-21 2.168e-24 5.576e-20
0.20092 4.75e-20 3.92e-23 9.41e-19
0.22050999999999998 5.848e-19 5.219e-22 1.159e-17
0.24201 9.198e-18 8.944e-21 1.825e-16
0.26561 1.176e-16 1.264e-19 2.335e-15
0.29151 1.474e-15 1.777e-18 2.934e-14
0.31993 1.599e-14 2.207e-17 3.183e-13
0.35112 1.795e-13 2.891e-16 3.567e-12
0.38534999999999997 1.622e-12 3.284e-15 3.213e-11
0.42291999999999996 1.446e-11 4.165e-14 2.833e-10
0.46416 1.222e-10 6.014e-13 2.331e-9
0.50941 9.413e-10 9.894e-12 1.694e-8
0.55908 6.429e-9 1.597e-10 1.044e-7
0.6135900000000001 4.792e-8 2.84e-9 6.813e-7
0.67342 3.125e-7 3.749e-8 3.592e-6
0.73907 2.011e-6 4.3e-7 1.771e-5
0.81113 1.283e-5 4.319e-6 8.223e-5
0.89022 7.535e-5 3.401e-5 0.0003413
0.9770099999999999 0.0004056 0.0002234 0.001328
1.07227 0.001802 0.001117 0.00461
1.1768100000000001 0.008285 0.005673 0.01674
1.29155 0.03725 0.0278 0.06131
1.41747 0.1394 0.1093 0.203
1.5556800000000002 0.5206 0.427 0.6827
1.70735 1.788 1.519 2.19
1.8738199999999998 5.819 5.062 6.79
2.0565100000000003 18.32 16.17 20.75
2.25702 52.75 46.59 59.71
2.47708 168.4 148.9 190.5
2.71859 446.3 395.4 504.1
2.98365 1257.0 1116.0 1417.0
3.27455 3060.0 2722.0 3447.0
3.59381 7551.0 6724.0 8494.0
3.9442100000000004 17500.0 15570.0 19610.0
4.32876 36050.0 32200.0 40330.0
4.7508099999999995 76780.0 68910.0 85810.0
5.21401 157900.0 142200.0 176200.0
5.72237 303200.0 273100.0 337800.0
6.28029 568000.0 512000.0 631000.0
6.89261 1.027e6 928000.0 1.136e6
7.564629999999999 1.748e6 1.585e6 1.925e6
8.30218 2.919e6 2.66e6 3.206e6
9.11163 4.717e6 4.317e6 5.169e6
10.0 7.37e6 6.77e6 8.04e6
end
reaction: al26 p -> si27 ; label: al26+p_to_si27 ; table: nacre ; variant: standard
0.001 9.999e-100 9.999e-100 9.999e-100
0.0010999999999999998 9.999e-100 9.999e-100 9.999e-100
0.0012000000000000001 9.999e-100 9.999e-100 9.999e-100
0.00132 9.999e-100 9.999e-100 9.999e-100
0.0014500000000000001 9.999e-100 9.999e-100 9.999e-100
0.00159 9.999e-100 9.999e-100 9.999e-100
0.0017500000000000003 9.999e-100 9.999e-100 9.999e-100
0.0019199999999999998 9.999e-100 9.999e-100 9.999e-100
0.0021000000000000003 9.999e-100 9.999e-100 9.999e-100
0.00231 9.999e-100 9.999e-100 9.999e-100
0.0025399999999999997 9.999e-100 9.999e-100 9.999e-100
0.00278 9.999e-100 9.999e-100 9.999e-100
0.0030499999999999998 9.999e-100 9.999e-100 9.999e-100
0.00335 9.999e-100 9.999e-100 9.999e-100
0.00368 9.999e-100 9.999e-100 9.999e-100
0.00404 9.999e-100 9.999e-100 9.999e-100
0.00443 9.999e-100 9.999e-100 9.999e-100
0.00486 9.999e-100 9.999e-100 9.999e-100
0.00534 9.999e-100 9.999e-100 9.999e-100
0.00586 9.999e-100 9.999e-100 9.999e-100
0.00643 9.999e-100 9.999e-100 9.999e-100
0.007049999999999999 9.999e-100 9.999e-100 9.999e-100
0.0077399999999999995 9.999e-100 9.999e-100 9.999e-100
0.0085 9.999e-100 9.999e-100 9.999e-100
0.00933 9.999e-100 9.999e-100 9.999e-100
0.01024 1.287e-36 1.287e-36 1.287e-36
0.01123 3.844e-35 3.844e-35 3.844e-35
0.01233 1.598e-33 1.598e-33 1.598e-33
0.01353 9.555e-32 9.555e-32 9.555e-32
0.014849999999999999 8.514e-30 8.514e-30 8.514e-30
0.016300000000000002 4.003e-28 4.003e-28 4.003e-28
0.01789 2.389e-26 2.389e-26 2.389e-26
0.01963 2.125e-24 2.125e-24 2.125e-24
0.02154 3.929e-23 3.929e-23 3.929e-23
0.02364 5.697e-22 5.697e-22 5.697e-22
0.02595 1.072e-20 1.072e-20 1.072e-20
0.02848 2.687e-19 2.687e-19 2.687e-19
0.031259999999999996 4.145e-18 4.145e-18 4.145e-18
0.034300000000000004 2.891e-17 2.891e-17 2.891e-17
0.03765 2.437e-16 2.437e-16 2.437e-16
0.04132 1.865e-15 1.865e-15 1.865e-15
0.04535 9.611e-15 9.611e-15 9.611e-15
0.049769999999999995 5.81e-14 5.81e-14 5.81e-14
0.05462 2.616e-13 2.616e-13 2.616e-13
0.05995 1.329e-12 1.329e-12 1.329e-12
0.06579 7.558e-12 7.558e-12 7.558e-12
0.07221 5.313e-11 5.313e-11 5.313e-11
0.07925 4.941e-10 4.941e-10 4.941e-10
0.08697 4.278e-9 4.278e-9 4.278e-9
0.09545000000000001 3.35e-8 3.35e-8 3.35e-8
0.10476 1.765e-7 1.765e-7 1.765e-7
0.11498 6.974e-7 6.974e-7 6.974e-7
0.12619 3.151e-6 3.151e-6 3.151e-6
0.13849 1.649e-5 1.649e-5 1.649e-5
0.15199000000000001 8.914e-5 8.914e-5 8.914e-5
0.16680999999999999 0.0002501 0.0002501 0.0002501
0.18307 0.0007757 0.0007757 0.0007757
0.20092 0.002618 0.002618 0.002618
0.22050999999999998 0.005874 0.005874 0.005874
0.24201 0.01426 0.01426 0.01426
0.26561 0.03775 0.03775 0.03775
0.29151 0.1099 0.1099 0.1099
0.31993 0.2562 0.2562 0.2562
0.35112 0.5569 0.5569 0.5569
0.38534999999999997 1.306 1.306 1.306
0.42291999999999996 2.697 2.697 2.697
0.46416 5.16 5.16 5.16
0.50941 10.01 10.01 10.01
0.55908 16.86 16.86 16.86
0.6135900000000001 28.63 28.63 28.63
0.67342 44.48 44.48 44.48
0.73907 71.64 71.64 71.64
0.81113 118.5 118.5 118.5
0.89022 188.8 188.8 188.8
0.9770099999999999 287.9 287.9 287.9
1.07227 400.0 400.0 400.0
1.1768100000000001 549.8 549.8 549.8
1.29155 779.5 779.5 779.5
1.41747 1144.0 1144.0 1144.0
1.5556800000000002 1609.0 1609.0 1609.0
1.70735 2058.0 2058.0 2058.0
1.8738199999999998 2697.0 2697.0 2697.0
2.0565100000000003 3473.0 3473.0 3473.0
2.25702 4119.0 4119.0 4119.0
2.47708 4967.0 4967.0 4967.0
2.71859 6100.0 6100.0 6100.0
2.98365 7643.0 7643.0 7643.0
3.27455 8738.0 8738.0 8738.0
3.59381 10050.0 10050.0 10050.0
3.9442100000000004 11710.0 11710.0 11710.0
4.32876 13110.0 13110.0 13110.0
4.7508099999999995 14680.0 14680.0 14680.0
5.21401 16350.0 16350.0 16350.0
5.72237 18020.0 18020.0 18020.0
6.28029 19750.0 19750.0 19750.0
6.89261 21480.0 21480.0 21480.0
7.564629999999999 23230.0 23230.0 23230.0
8.30218 25070.0 25070.0 25070.0
9.11163 26940.0 26940.0 26940.0
10.0 28900.0 28900.0 28900.0
end
reaction: al*6 p -> si27 ; label: al*6+p_to_si27 ; table: nacre ; variant: standard
0.001 9.999e-100 9.999e-100 9.999e-100
0.0010999999999999998 9.999e-100 9.999e-100 9.999e-100
0.0012000000000000001 9.999e-100 9.999e-100 9.999e-100
0.00132 9.999e-100 9.999e-100 9.999e-100
0.0014500000000000001 9.999e-100 9.999e-100 9.999e-100
0.00159 9.999e-100 9.999e-100 9.999e-100
0.0017500000000000003 9.999e-100 9.999e-100 9.999e-100
0.0019199999999999998 9.999e-100 9.999e-100 9.999e-100
0.0021000000000000003 9.999e-100 9.999e-100 9.999e-100
0.00231 9.999e-100 9.999e-100 9.999e-100
0.0025399999999999997 9.999e-100 9.999e-100 9.999e-100
0.00278 9.999e-100 9.999e-100 9.999e-100
0.0030499999999999998 9.999e-100 9.999e-100 9.999e-100
0.00335 9.999e-100 9.999e-100 9.999e-100
0.00368 9.999e-100 9.999e-100 9.999e-100
0.00404 9.999e-100 9.999e-100 9.999e-100
0.00443 9.999e-100 9.999e-100 9.999e-100
0.00486 9.999e-100 9.999e-100 9.999e-100
0.00534 9.999e-100 9.999e-100 9.999e-100
0.00586 9.999e-100 9.999e-100 9.999e-100
0.00643 9.999e-100 9.999e-100 9.999e-100
0.007049999999999999 9.999e-100 9.999e-100 9.999e-100
0.0077399999999999995 9.999e-100 9.999e-100 9.999e-100
0.0085 9.999e-100 9.999e-100 9.999e-100
0.00933 9.999e-100 9.999e-100 9.999e-100
0.01024 9.999e-100 9.999e-100 9.999e-100
0.01123 9.999e-100 9.999e-100 9.999e-100
0.01233 9.999e-100 9.999e-100 9.999e-100
0.01353 9.999e-100 9.999e-100 9.999e-100
0.014849999999999999 9.999e-100 9.999e-100 9.999e-100
0.016300000000000002 9.999e-100 9.999e-100 9.999e-100
0.01789 9.999e-100 9.999e-100 9.999e-100
0.01963 4.2e-24 6.453e-27 2.482e-22
0.02154 9.472e-23 1.683e-25 4.848e-21
0.02364 2.268e-21 4.681e-24 1.002e-19
0.02595 4.551e-20 1.091e-22 1.75e-18
0.02848 5.712e-19 1.578e-21 1.955e-17
0.031259999999999996 5.751e-18 1.883e-20 1.784e-16
0.034300000000000004 3.905e-17 1.571e-19 1.13e-15
0.03765 3.195e-16 1.612e-18 8.571e-15
0.04132 2.379e-15 1.537e-17 6.565e-14
0.04535 1.201e-14 1.016e-16 4.249e-13
0.049769999999999995 7.094e-14 8.072e-16 3.299e-12
0.05462 3.139e-13 4.119e-15 2.485e-11
0.05995 1.565e-12 2.379e-14 2.251e-10
0.06579 8.903e-12 9.598e-14 1.439e-9
0.07221 6.284e-11 3.937e-13 9.31e-9
0.07925 5.919e-10 1.461e-12 5.133e-8
0.08697 5.161e-9 7.298e-12 2.397e-7
0.09545000000000001 4.062e-8 6.296e-11 1.06e-6
0.10476 2.713e-7 7.845e-10 4.43e-6
0.11498 1.526e-6 9.637e-9 1.762e-5
0.12619 7.371e-6 9.849e-8 6.655e-5
0.13849 3.132e-5 8.335e-7 0.0002382
0.15199000000000001 0.0001171 5.723e-6 0.0007884
0.16680999999999999 0.0003876 3.186e-5 0.002361
0.18307 0.001246 0.0001647 0.006845
0.20092 0.003716 0.00073 0.01841
0.22050999999999998 0.009773 0.002491 0.04265
0.24201 0.02825 0.009579 0.1072
0.26561 0.07573 0.03129 0.2494
0.29151 0.2022 0.09721 0.5731
0.31993 0.5072 0.2705 1.256
0.35112 1.284 0.7438 2.785
0.38534999999999997 2.915 1.768 5.718
0.42291999999999996 6.453 4.057 11.6
0.46416 13.61 8.79 22.84
0.50941 26.74 17.61 42.68
0.55908 48.33 32.22 74.54
0.6135900000000001 88.26 59.56 131.6
0.67342 146.2 99.51 213.1
0.73907 233.6 160.2 334.0
0.81113 360.6 248.9 507.4
0.89022 525.9 363.6 730.3
0.9770099999999999 840.9 581.7 1164.0
1.07227 1286.0 890.5 1780.0
1.1768100000000001 1981.0 1373.0 2741.0
1.29155 3021.0 2096.0 4182.0
1.41747 4343.0 3012.0 6014.0
1.5556800000000002 6207.0 4304.0 8591.0
1.70735 8589.0 5959.0 11870.0
1.8738199999999998 11540.0 8004.0 15930.0
2.0565100000000003 15170.0 10530.0 20950.0
2.25702 19190.0 13350.0 26520.0
2.47708 24820.0 17320.0 34360.0
2.71859 30430.0 21220.0 42020.0
2.98365 37700.0 26250.0 51920.0
3.27455 44770.0 31260.0 61630.0
3.59381 53160.0 37220.0 73150.0
3.9442100000000004 62050.0 43510.0 85290.0
4.32876 70420.0 49460.0 96730.0
4.7508099999999995 80260.0 56490.0 110200.0
5.21401 90690.0 63930.0 124300.0
5.72237 100900.0 71190.0 137900.0
6.28029 111500.0 78790.0 151900.0
6.89261 122100.0 86480.0 165500.0
7.564629999999999 131700.0 93740.0 178500.0
8.30218 141500.0 101300.0 191700.0
9.11163 151100.0 108800.0 204400.0
10.0 160000.0 115000.0 216000.0
end
reaction: al27 p -> si28 ; label: al27+p_to_si28 ; table: nacre ; variant: standard
0.001 9.999e-100 9.999e-100 9.999e-100
0.0010999999999999998 9.999e-100 9.999e-100 9.999e-100
0.0012000000000000001 9.999e-100 9.999e-100 9.999e-100
0.00132 9.999e-100 9.999e-100 9.999e-100
0.0014500000000000001 9.999e-100 9.999e-100 9.999e-100
0.00159 9.999e-100 9.999e-100 9.999e-100
0.0017500000000000003 9.999e-100 9.999e-100 9.999e-100
0.0019199999999999998 9.999e-100 9.999e-100 9.999e-100
0.0021000000000000003 9.999e-100 9.999e-100 9.999e-100
0.00231 9.999e-100 9.999e-100 9.999e-100
0.0025399999999999997 9.999e-100 9.999e-100 9.999e-100
0.00278 9.999e-100 9.999e-100 9.999e-100
0.0030499999999999998 9.999e-100 9.999e-100 9.999e-100
0.00335 9.999e-100 9.999e-100 9.999e-100
0.00368 9.999e-100 9.999e-100 9.999e-100
0.00404 9.999e-100 9.999e-100 9.999e-100
0.00443 9.999e-100 9.999e-100 9.999e-100
0.00486 9.999e-100 9.999e-100 9.999e-100
0.00534 9.999e-100 9.999e-100 9.999e-100
0.00586 9.999e-100 9.999e-100 9.999e-100
0.00643 9.999e-100 9.999e-100 9.999e-100
0.007049999999999999 9.999e-100 9.999e-100 9.999e-100
0.0077399999999999995 9.999e-100 9.999e-100 9.999e-100
0.0085 9.999e-100 9.999e-100 9.999e-100
0.00933 9.999e-100 9.999e-100 9.999e-100
0.01024 9.999e-100 9.999e-100 9.999e-100
0.01123 9.999e-100 9.999e-100 9.999e-100
0.01233 9.999e-100 9.999e-100 9.999e-100
0.01353 9.999e-100 9.999e-100 9.999e-100
0.014849999999999999 9.999e-100 9.999e-100 9.999e-100
0.016300000000000002 9.999e-100 9.999e-100 9.999e-100
0.01789 9.999e-100 9.999e-100 9.999e-100
0.01963 9.999e-100 9.999e-100 9.999e-100
0.02154 9.999e-100 9.999e-100 9.999e-100
0.02364 9.999e-100 9.999e-100 9.999e-100
0.02595 4.584e-23 8.002e-25 4.507e-22
0.02848 6.744e-22 8.064e-24 6.651e-21
0.031259999999999996 7.752e-21 7.454e-23 7.66e-20
0.034300000000000004 5.756e-20 5.659e-22 5.687e-19
0.03765 5.197e-19 5.235e-21 5.134e-18
0.04132 4.103e-18 5.036e-20 4.033e-17
0.04535 2.003e-17 4.267e-19 1.94e-16
0.049769999999999995 1.142e-16 4.453e-18 1.088e-15
0.05462 8.729e-16 1.066e-16 4.871e-15
0.05995 8.19e-15 3.595e-15 2.471e-14
0.06579 1.563e-13 7.897e-14 3.134e-13
0.07221 3.126e-12 1.749e-12 4.627e-12
0.07925 5.005e-11 2.884e-11 7.158e-11
0.08697 5.728e-10 3.39e-10 8.09e-10
0.09545000000000001 5.535e-9 3.362e-9 7.738e-9
0.10476 4.399e-8 2.734e-8 6.08e-8
0.11498 2.896e-7 1.836e-7 3.958e-7
0.12619 1.606e-6 1.038e-6 2.177e-6
0.13849 7.672e-6 5.047e-6 1.027e-5
0.15199000000000001 3.142e-5 2.103e-5 4.181e-5
0.16680999999999999 0.0001095 7.443e-5 0.0001447
0.18307 0.0003605 0.0002491 0.0004724
0.20092 0.001053 0.0007395 0.001375
0.22050999999999998 0.002539 0.001807 0.003287
0.24201 0.00667 0.004815 0.008552
0.26561 0.01564 0.01148 0.01984
0.29151 0.03547 0.02652 0.04444
0.31993 0.07561 0.05766 0.09375
0.35112 0.1616 0.1259 0.1984
0.38534999999999997 0.3249 0.2571 0.3933
0.42291999999999996 0.654 0.5266 0.783
0.46416 1.306 1.07 1.548
0.50941 2.562 2.127 2.997
0.55908 4.848 4.077 5.618
0.6135900000000001 9.423 8.027 10.82
0.67342 17.37 14.95 19.8
0.73907 31.49 27.35 35.66
0.81113 56.21 49.21 63.26
0.89022 96.35 84.54 107.7
0.9770099999999999 158.3 140.3 176.1
1.07227 244.6 217.9 271.4
1.1768100000000001 381.2 340.8 422.1
1.29155 589.0 527.7 650.7
1.41747 859.0 769.4 946.5
1.5556800000000002 1244.0 1114.0 1368.0
1.70735 1738.0 1556.0 1912.0
1.8738199999999998 2361.0 2116.0 2599.0
2.0565100000000003 3139.0 2816.0 3463.0
2.25702 4010.0 3588.0 4433.0
2.47708 5247.0 4680.0 5813.0
2.71859 6473.0 5753.0 7193.0
2.98365 8072.0 7146.0 8999.0
3.27455 9654.0 8503.0 10810.0
3.59381 11510.0 10080.0 12930.0
3.9442100000000004 13360.0 11610.0 15030.0
4.32876 15000.0 12980.0 16950.0
4.7508099999999995 16890.0 14550.0 19200.0
5.21401 18800.0 16110.0 21480.0
5.72237 20540.0 17500.0 23580.0
6.28029 24470.0 18960.0 29670.0
6.89261 32250.0 20470.0 43850.0
7.564629999999999 41050.0 21910.0 59970.0
8.30218 51400.0 23220.0 79480.0
9.11163 62730.0 24230.0 101300.0
10.0 75480.0 25310.0 126500.0
end
reaction: al27 p -> he4 mg24 ; label: al27+p_to_he4+mg24 ; table: nacre ; variant: standard
0.001 9.999e-100 9.999e-100 9.999e-100
0.0010999999999999998 9.999e-100 9.999e-100 9.999e-100
0.0012000000000000001 9.999e-100 9.999e-100 9.999e-100
0.00132 9.999e-100 9.999e-100 9.999e-100
0.0014500000000000001 9.999e-100 9.999e-100 9.999e-100
0.00159 9.999e-100 9.999e-100 9.999e-100
0.0017500000000000003 9.999e-100 9.999e-100 9.999e-100
0.0019199999999999998 9.999e-100 9.999e-100 9.999e-100
0.0021000000000000003 9.999e-100 9.999e-100 9.999e-100
0.00231 9.999e-100 9.999e-100 9.999e-100
0.0025399999999999997 9.999e-100 9.999e-100 9.999e-100
0.00278 9.999e-100 9.999e-100 9.999e-100
0.0030499999999999998 9.999e-100 9.999e-100 9.999e-100
0.00335 9.999e-100 9.999e-100 9.999e-100
0.00368 9.999e-100 9.999e-100 9.999e-100
0.00404 9.999e-100 9.999e-100 9.999e-100
0.00443 9.999e-100 9.999e-100 9.999e-100
0.00486 9.999e-100 9.999e-100 9.999e-100
0.00534 9.999e-100 9.999e-100 9.999e-100
0.00586 9.999e-100 9.999e-100 9.999e-100
0.00643 9.999e-100 9.999e-100 9.999e-100
0.007049999999999999 9.999e-100 9.999e-100 9.999e-100
0.0077399999999999995 9.999e-100 9.999e-100 9.999e-100
0.0085 9.999e-100 9.999e-100 9.999e-100
0.00933 9.999e-100 9.999e-100 9.999e-100
0.01024 9.999e-100 9.999e-100 9.999e-100
0.01123 9.999e-100 9.999e-100 9.999e-100
0.01233 9.999e-100 9.999e-100 9.999e-100
0.01353 9.999e-100 9.999e-100 9.999e-100
0.014849999999999999 9.999e-100 9.999e-100 9.999e-100
0.016300000000000002 9.999e-100 9.999e-100 9.999e-100
0.01789 9.999e-100 9.999e-100 9.999e-100
0.01963 9.999e-100 9.999e-100 9.999e-100
0.02154 9.999e-100 9.999e-100 9.999e-100
0.02364 9.999e-100 9.999e-100 9.999e-100
0.02595 2.132e-22 3.899e-28 2.132e-21
0.02848 3.103e-21 4.108e-27 3.103e-20
0.031259999999999996 3.517e-20 3.974e-26 3.517e-19
0.034300000000000004 2.564e-19 3.158e-25 2.564e-18
0.03765 2.269e-18 3.072e-24 2.269e-17
0.04132 1.745e-17 2.938e-23 1.745e-16
0.04535 8.22e-17 2.196e-22 8.22e-16
0.049769999999999995 4.504e-16 1.997e-21 4.504e-15
0.05462 1.572e-15 2.721e-20 1.572e-14
0.05995 5.992e-15 4.833e-19 5.992e-14
0.06579 1.711e-14 9.069e-18 1.691e-13
0.07221 5.157e-14 1.742e-16 4.824e-13
0.07925 1.579e-13 2.593e-15 1.271e-12
0.08697 7.2e-13 2.745e-14 3.948e-12
0.09545000000000001 4.279e-12 2.444e-13 1.694e-11
0.10476 2.82e-11 1.784e-12 9.52e-11
0.11498 1.697e-10 1.076e-11 5.701e-10
0.12619 8.811e-10 5.476e-11 3.097e-9
0.13849 3.975e-9 2.414e-10 1.475e-8
0.15199000000000001 1.55e-8 9.39e-10 6.058e-8
0.16680999999999999 5.236e-8 3.641e-9 2.13e-7
0.18307 1.736e-7 1.706e-8 7.177e-7
0.20092 5.847e-7 1.185e-7 2.255e-6
0.22050999999999998 2.601e-6 8.501e-7 7.553e-6
0.24201 1.339e-5 7.389e-6 2.847e-5
0.26561 7.006e-5 4.899e-5 0.0001221
0.29151 0.0003977 0.0002981 0.0006038
0.31993 0.001875 0.001449 0.002669
0.35112 0.008588 0.006712 0.01188
0.38534999999999997 0.0304 0.02384 0.04155
0.42291999999999996 0.1007 0.07933 0.1366
0.46416 0.3032 0.2394 0.4088
0.50941 0.8135 0.6419 1.089
0.55908 1.924 1.522 2.561
0.6135900000000001 4.646 3.682 6.14
0.67342 9.921 7.855 12.98
0.73907 20.44 16.26 26.54
0.81113 40.89 32.81 52.73
0.89022 78.58 63.41 99.8
0.9770099999999999 148.3 120.9 185.5
1.07227 273.2 225.6 335.5
1.1768100000000001 520.4 436.2 626.1
1.29155 1007.0 856.1 1188.0
1.41747 1896.0 1632.0 2202.0
1.5556800000000002 3599.0 3133.0 4122.0
1.70735 6668.0 5855.0 7556.0
1.8738199999999998 11990.0 10580.0 13500.0
2.0565100000000003 21080.0 18640.0 23620.0
2.25702 34920.0 30970.0 38990.0
2.47708 60760.0 54040.0 67600.0
2.71859 95580.0 85190.0 106300.0
2.98365 154400.0 137900.0 171900.0
3.27455 231400.0 206200.0 257300.0
3.59381 348300.0 309700.0 387000.0
3.9442100000000004 506700.0 450300.0 564000.0
4.32876 693000.0 615400.0 771900.0
4.7508099999999995 959600.0 851100.0 1.069e6
5.21401 1.297e6 1.149e6 1.446e6
5.72237 1.681e6 1.487e6 1.876e6
6.28029 2.33e6 2.05e6 2.61e6
6.89261 3.486e6 3.035e6 3.937e6
7.564629999999999 5.027e6 4.316e6 5.732e6
8.30218 7.183e6 6.082e6 8.274e6
9.11163 1.006e7 8.413e6 1.172e7
10.0 1.373e7 1.133e7 1.624e7
end
reaction: al27 he4 -> n p30 ; label: al27+he4_to_n+p30 ; table: nacre ; variant: standard
0.001 9.999e-100 9.999e-100 9.999e-100
0.0010999999999999998 9.999e-100 9.999e-100 9.999e-100
0.0012000000000000001 9.999e-100 9.999e-100 9.999e-100
0.00132 9.999e-100 9.999e-100 9.999e-100
0.0014500000000000001 9.999e-100 9.999e-100 9.999e-100
0.00159 9.999e-100 9.999e-100 9.999e-100
0.0017500000000000003 9.999e-100 9.999e-100 9.999e-100
0.0019199999999999998 9.999e-100 9.999e-100 9.999e-100
0.0021000000000000003 9.999e-100 9.999e-100 9.999e-100
0.00231 9.999e-100 9.999e-100 9.999e-100
0.0025399999999999997 9.999e-100 9.999e-100 9.999e-100
0.00278 9.999e-100 9.999e-100 9.999e-100
0.0030499999999999998 9.999e-100 9.999e-100 9.999e-100
0.00335 9.999e-100 9.999e-100 9.999e-100
0.00368 9.999e-100 9.999e-100 9.999e-100
0.00404 9.999e-100 9.999e-100 9.999e-100
0.00443 9.999e-100 9.999e-100 9.999e-100
0.00486 9.999e-100 9.999e-100 9.999e-100
0.00534 9.999e-100 9.999e-100 9.999e-100
0.00586 9.999e-100 9.999e-100 9.999e-100
0.00643 9.999e-100 9.999e-100 9.999e-100
0.007049999999999999 9.999e-100 9.999e-100 9.999e-100
0.0077399999999999995 9.999e-100 9.999e-100 9.999e-100
0.0085 9.999e-100 9.999e-100 9.999e-100
0.00933 9.999e-100 9.999e-100 9.999e-100
0.01024 9.999e-100 9.999e-100 9.999e-100
0.01123 9.999e-100 9.999e-100 9.999e-100
0.01233 9.999e-100 9.999e-100 9.999e-100
0.01353 9.999e-100 9.999e-100 9.999e-100
0.014849999999999999 9.999e-100 9.999e-100 9.999e-100
0.016300000000000002 9.999e-100 9.999e-100 9.999e-100
0.01789 9.999e-100 9.999e-100 9.999e-100
0.01963 9.999e-100 9.999e-100 9.999e-100
0.02154 9.999e-100 9.999e-100 9.999e-100
0.02364 9.999e-100 9.999e-100 9.999e-100
0.02595 9.999e-100 9.999e-100 9.999e-100
0.02848 9.999e-100 9.999e-100 9.999e-100
0.031259999999999996 9.999e-100 9.999e-100 9.999e-100
0.034300000000000004 9.999e-100 9.999e-100 9.999e-100
0.03765 9.999e-100 9.999e-100 9.999e-100
0.04132 9.999e-100 9.999e-100 9.999e-100
0.04535 9.999e-100 9.999e-100 9.999e-100
0.049769999999999995 9.999e-100 9.999e-100 9.999e-100
0.05462 9.999e-100 9.999e-100 9.999e-100
0.05995 9.999e-100 9.999e-100 9.999e-100
0.06579 9.999e-100 9.999e-100 9.999e-100
0.07221 9.999e-100 9.999e-100 9.999e-100
0.07925 9.999e-100 9.999e-100 9.999e-100
0.08697 9.999e-100 9.999e-100 9.999e-100
0.09545000000000001 9.999e-100 9.999e-100 9.999e-100
0.10476 9.999e-100 9.999e-100 9.999e-100
0.11498 9.999e-100 9.999e-100 9.999e-100
0.12619 9.999e-100 9.999e-100 9.999e-100
0.13849 9.999e-100 9.999e-100 9.999e-100
0.15199000000000001 9.999e-100 9.999e-100 9.999e-100
0.16680999999999999 9.999e-100 9.999e-100 9.999e-100
0.18307 9.999e-100 9.999e-100 9.999e-100
0.20092 9.999e-100 9.999e-100 9.999e-100
0.22050999999999998 9.999e-100 9.999e-100 9.999e-100
0.24201 9.999e-100 9.999e-100 9.999e-100
0.26561 9.999e-100 9.999e-100 9.999e-100
0.29151 9.999e-100 9.999e-100 9.999e-100
0.31993 9.999e-100 9.999e-100 9.999e-100
0.35112 9.999e-100 9.999e-100 9.999e-100
0.38534999999999997 9.999e-100 9.999e-100 9.999e-100
0.42291999999999996 9.999e-100 9.999e-100 9.999e-100
0.46416 9.185e-25 5.484e-25 1.288e-24
0.50941 3.147e-22 1.955e-22 4.339e-22
0.55908 5.098e-20 3.295e-20 6.906e-20
0.6135900000000001 9.189e-18 6.195e-18 1.22e-17
0.67342 7.603e-16 5.35e-16 9.858e-16
0.73907 4.821e-14 3.537e-14 6.102e-14
0.81113 2.387e-12 1.826e-12 2.948e-12
0.89022 7.854e-11 6.263e-11 9.443e-11
0.9770099999999999 1.917e-9 1.577e-9 2.257e-9
1.07227 2.935e-8 2.473e-8 3.394e-8
1.1768100000000001 4.612e-7 3.975e-7 5.236e-7
1.29155 6.732e-6 5.925e-6 7.519e-6
1.41747 6.588e-5 5.888e-5 7.28e-5
1.5556800000000002 0.0006155 0.0005579 0.0006731
1.70735 0.004617 0.00423 0.005004
1.8738199999999998 0.02874 0.02657 0.03091
2.0565100000000003 0.1578 0.1469 0.1687
2.25702 0.6923 0.647 0.7376
2.47708 3.509 3.293 3.725
2.71859 12.68 11.91 13.44
2.98365 49.02 46.07 51.88
3.27455 151.3 142.1 160.3
3.59381 469.1 440.1 498.6
3.9442100000000004 1308.0 1224.0 1400.0
4.32876 3122.0 2909.0 3350.0
4.7508099999999995 7735.0 7168.0 8316.0
5.21401 18290.0 16840.0 19730.0
5.72237 39570.0 36130.0 42940.0
6.28029 82730.0 75040.0 90310.0
6.89261 165000.0 148900.0 181200.0
7.564629999999999 308500.0 276400.0 341000.0
8.30218 564800.0 502300.0 628300.0
9.11163 993200.0 876800.0 1.11e6
10.0 1.678e6 1.476e6 1.88e6
end
reaction: si28 p -> p29 ; label: si28+p_to_p29 ; table: nacre ; variant: standard
0.001 9.999e-100 9.999e-100 9.999e-100
0.0010999999999999998 9.999e-100 9.999e-100 9.999e-100
0.0012000000000000001 9.999e-100 9.999e-100 9.999e-100
0.00132 9.999e-100 9.999e-100 9.999e-100
0.0014500000000000001 9.999e-100 9.999e-100 9.999e-100
0.00159 9.999e-100 9.999e-100 9.999e-100
0.0017500000000000003 9.999e-100 9.999e-100 9.999e-100
0.0019199999999999998 9.999e-100 9.999e-100 9.999e-100
0.0021000000000000003 9.999e-100 9.999e-100 9.999e-100
0.00231 9.999e-100 9.999e-100 9.999e-100
0.0025399999999999997 9.999e-100 9.999e-100 9.999e-100
0.00278 9.999e-100 9.999e-100 9.999e-100
0.0030499999999999998 9.999e-100 9.999e-100 9.999e-100
0.00335 9.999e-100 9.999e-100 9.999e-100
0.00368 9.999e-100 9.999e-100 9.999e-100
0.00404 9.999e-100 9.999e-100 9.999e-100
0.00443 9.999e-100 9.999e-100 9.999e-100
0.00486 9.999e-100 9.999e-100 9.999e-100
0.00534 9.999e-100 9.999e-100 9.999e-100
0.00586 9.999e-100 9.999e-100 9.999e-100
0.00643 9.999e-100 9.999e-100 9.999e-100
0.007049999999999999 9.999e-100 9.999e-100 9.999e-100
0.0077399999999999995 9.999e-100 9.999e-100 9.999e-100
0.0085 9.999e-100 9.999e-100 9.999e-100
0.00933 9.999e-100 9.999e-100 9.999e-100
0.01024 9.999e-100 9.999e-100 9.999e-100
0.01123 9.999e-100 9.999e-100 9.999e-100
0.01233 9.999e-100 9.999e-100 9.999e-100
0.01353 9.999e-100 9.999e-100 9.999e-100
0.014849999999999999 9.999e-100 9.999e-100 9.999e-100
0.016300000000000002 9.999e-100 9.999e-100 9.999e-100
0.01789 9.999e-100 9.999e-100 9.999e-100
0.01963 9.999e-100 9.999e-100 9.999e-100
0.02154 9.999e-100 9.999e-100 9.999e-100
0.02364 9.999e-100 9.999e-100 9.999e-100
0.02595 9.999e-100 9.999e-100 9.999e-100
0.02848 9.999e-100 9.999e-100 9.999e-100
0.031259999999999996 1.441e-24 7.289e-25 2.87e-24
0.034300000000000004 1.22e-23 6.169e-24 2.426e-23
0.03765 1.272e-22 6.431e-23 2.525e-22
0.04132 1.276e-21 6.446e-22 2.529e-21
0.04535 9.492e-21 4.793e-21 1.882e-20
0.049769999999999995 8.589e-20 4.335e-20 1.703e-19
0.05462 5.57e-19 2.808e-19 1.105e-18
0.05995 4.207e-18 2.118e-18 8.355e-18
0.06579 2.481e-17 1.251e-17 4.924e-17
0.07221 1.54e-16 7.778e-17 3.055e-16
0.07925 8.95e-16 4.517e-16 1.774e-15
0.08697 4.743e-15 2.409e-15 9.378e-15
0.09545000000000001 2.634e-14 1.403e-14 5.041e-14
0.10476 1.912e-13 1.179e-13 3.24e-13
0.11498 2.312e-12 1.721e-12 3.241e-12
0.12619 3.885e-11 3.178e-11 4.798e-11
0.13849 6.109e-10 5.143e-10 7.224e-10
0.15199000000000001 7.555e-9 6.431e-9 8.817e-9
0.16680999999999999 7.013e-8 6.018e-8 8.124e-8
0.18307 5.817e-7 5.012e-7 6.7e-7
0.20092 3.853e-6 3.327e-6 4.41e-6
0.22050999999999998 1.722e-5 1.493e-5 1.964e-5
0.24201 8.907e-5 7.754e-5 0.0001012
0.26561 0.0003569 0.000312 0.0004045
0.29151 0.001297 0.001138 0.001468
0.31993 0.003978 0.003493 0.004487
0.35112 0.01173 0.01029 0.01317
0.38534999999999997 0.02823 0.02493 0.03162
0.42291999999999996 0.06428 0.05702 0.07194
0.46416 0.1355 0.1205 0.1515
0.50941 0.2609 0.2321 0.2908
0.55908 0.4531 0.4034 0.5044
0.6135900000000001 0.7912 0.7052 0.8798
0.67342 1.243 1.111 1.383
0.73907 1.88 1.681 2.09
0.81113 2.74 2.448 3.043
0.89022 3.768 3.373 4.182
0.9770099999999999 4.966 4.445 5.515
1.07227 6.195 5.537 6.889
1.1768100000000001 7.702 6.87 8.577
1.29155 9.528 8.476 10.67
1.41747 11.44 10.14 13.0
1.5556800000000002 14.01 12.31 16.18
1.70735 17.55 15.18 20.64
1.8738199999999998 23.36 19.9 28.06
2.0565100000000003 32.76 27.52 40.25
2.25702 48.66 40.39 61.01
2.47708 75.12 61.54 96.31
2.71859 114.3 92.57 149.1
2.98365 179.9 144.0 238.9
3.27455 228.7 172.7 319.9
3.59381 289.0 204.6 427.1
3.9442100000000004 361.3 239.8 561.1
4.32876 443.1 276.1 715.4
4.7508099999999995 550.0 320.2 924.3
5.21401 680.8 369.4 1189.0
5.72237 834.4 421.6 1510.0
6.28029 1023.0 479.8 1913.0
6.89261 1252.0 543.6 2412.0
7.564629999999999 1535.0 618.9 3041.0
8.30218 1895.0 707.4 3851.0
9.11163 2347.0 809.8 4877.0
10.0 2939.0 939.3 6231.0
end
reaction: si29 p -> p30 ; label: si29+p_to_p30 ; table: nacre ; variant: standard
0.001 9.999e-100 9.999e-100 9.999e-100
0.0010999999999999998 9.999e-100 9.999e-100 9.999e-100
0.0012000000000000001 9.999e-100 9.999e-100 9.999e-100
0.00132 9.999e-100 9.999e-100 9.999e-100
0.0014500000000000001 9.999e-100 9.999e-100 9.999e-100
0.00159 9.999e-100 9.999e-100 9.999e-100
0.0017500000000000003 9.999e-100 9.999e-100 9.999e-100
0.0019199999999999998 9.999e-100 9.999e-100 9.999e-100
0.0021000000000000003 9.999e-100 9.999e-100 9.999e-100
0.00231 9.999e-100 9.999e-100 9.999e-100
0.0025399999999999997 9.999e-100 9.999e-100 9.999e-100
0.00278 9.999e-100 9.999e-100 9.999e-100
0.0030499999999999998 9.999e-100 9.999e-100 9.999e-100
0.00335 9.999e-100 9.999e-100 9.999e-100
0.00368 9.999e-100 9.999e-100 9.999e-100
0.00404 9.999e-100 9.999e-100 9.999e-100
0.00443 9.999e-100 9.999e-100 9.999e-100
0.00486 9.999e-100 9.999e-100 9.999e-100
0.00534 9.999e-100 9.999e-100 9.999e-100
0.00586 9.999e-100 9.999e-100 9.999e-100
0.00643 9.999e-100 9.999e-100 9.999e-100
0.007049999999999999 9.999e-100 9.999e-100 9.999e-100
0.0077399999999999995 9.999e-100 9.999e-100 9.999e-100
0.0085 9.999e-100 9.999e-100 9.999e-100
0.00933 9.999e-100 9.999e-100 9.999e-100
0.01024 9.999e-100 9.999e-100 9.999e-100
0.01123 9.999e-100 9.999e-100 9.999e-100
0.01233 9.999e-100 9.999e-100 9.999e-100
0.01353 9.999e-100 9.999e-100 9.999e-100
0.014849999999999999 9.999e-100 9.999e-100 9.999e-100
0.016300000000000002 9.999e-100 9.999e-100 9.999e-100
0.01789 9.999e-100 9.999e-100 9.999e-100
0.01963 9.999e-100 9.999e-100 9.999e-100
0.02154 9.999e-100 9.999e-100 9.999e-100
0.02364 9.999e-100 9.999e-100 9.999e-100
0.02595 4.094e-26 3.093e-26 4.543e-26
0.02848 4.677e-25 3.525e-25 5.188e-25
0.031259999999999996 4.874e-24 3.668e-24 5.404e-24
0.034300000000000004 4.123e-23 3.104e-23 4.57e-23
0.03765 4.296e-22 3.235e-22 4.759e-22
0.04132 4.301e-21 3.241e-21 4.766e-21
0.04535 3.192e-20 2.409e-20 3.543e-20
0.049769999999999995 2.881e-19 2.176e-19 3.202e-19
0.05462 1.863e-18 1.407e-18 2.071e-18
0.05995 1.402e-17 1.059e-17 1.559e-17
0.06579 8.322e-17 6.288e-17 9.246e-17
0.07221 5.741e-16 4.388e-16 6.39e-16
0.07925 4.597e-15 3.638e-15 5.153e-15
0.08697 1.041e-13 8.709e-14 1.179e-13
0.09545000000000001 3.147e-12 2.713e-12 3.588e-12
0.10476 8.974e-11 7.777e-11 1.023e-10
0.11498 1.926e-9 1.668e-9 2.188e-9
0.12619 3.116e-8 2.702e-8 3.538e-8
0.13849 3.935e-7 3.414e-7 4.47e-7
0.15199000000000001 3.853e-6 3.352e-6 4.37e-6
0.16680999999999999 2.902e-5 2.515e-5 3.273e-5
0.18307 0.0001974 0.0001716 0.000223
0.20092 0.00111 0.0009618 0.001249
0.22050999999999998 0.004421 0.003842 0.004983
0.24201 0.02015 0.01757 0.02275
0.26561 0.07445 0.06509 0.08401
0.29151 0.2556 0.224 0.2878
0.31993 0.7617 0.6688 0.8558
0.35112 2.214 1.946 2.481
0.38534999999999997 5.41 4.77 6.06
0.42291999999999996 12.66 11.2 14.17
0.46416 27.71 24.57 30.96
0.50941 55.71 49.46 62.09
0.55908 101.7 90.54 113.3
0.6135900000000001 187.5 167.3 208.8
0.67342 312.4 278.9 347.6
0.73907 500.9 447.1 556.2
0.81113 773.8 690.3 857.3
0.89022 1126.0 1003.0 1250.0
0.9770099999999999 1570.0 1403.0 1744.0
1.07227 2064.0 1846.0 2291.0
1.1768100000000001 2711.0 2422.0 3003.0
1.29155 3515.0 3140.0 3892.0
1.41747 4333.0 3871.0 4807.0
1.5556800000000002 5305.0 4736.0 5892.0
1.70735 6336.0 5644.0 7039.0
1.8738199999999998 7427.0 6609.0 8260.0
2.0565100000000003 8620.0 7655.0 9604.0
2.25702 9858.0 8716.0 11010.0
2.47708 11420.0 10050.0 12800.0
2.71859 12960.0 11370.0 14590.0
2.98365 14830.0 12960.0 16780.0
3.27455 17060.0 13860.0 21600.0
3.59381 19710.0 14830.0 27950.0
3.9442100000000004 22550.0 15940.0 34690.0
4.32876 25200.0 16980.0 40810.0
4.7508099999999995 28280.0 18140.0 48090.0
5.21401 31480.0 19290.0 55860.0
5.72237 34560.0 20360.0 63300.0
6.28029 37760.0 21460.0 71130.0
6.89261 40980.0 22590.0 79050.0
7.564629999999999 43960.0 23570.0 86210.0
8.30218 47100.0 24610.0 93940.0
9.11163 50450.0 25780.0 102500.0
10.0 54180.0 27090.0 111300.0
end
reaction: si30 p -> p31 ; label: si30+p_to_p31 ; table: nacre ; variant: standard
0.001 9.999e-100 9.999e-100 9.999e-100
0.0010999999999999998 9.999e-100 9.999e-100 9.999e-100
0.0012000000000000001 9.999e-100 9.999e-100 9.999e-100
0.00132 9.999e-100 9.999e-100 9.999e-100
0.0014500000000000001 9.999e-100 9.999e-100 9.999e-100
0.00159 9.999e-100 9.999e-100 9.999e-100
0.0017500000000000003 9.999e-100 9.999e-100 9.999e-100
0.0019199999999999998 9.999e-100 9.999e-100 9.999e-100
0.0021000000000000003 9.999e-100 9.999e-100 9.999e-100
0.00231 9.999e-100 9.999e-100 9.999e-100
0.0025399999999999997 9.999e-100 9.999e-100 9.999e-100
0.00278 9.999e-100 9.999e-100 9.999e-100
0.0030499999999999998 9.999e-100 9.999e-100 9.999e-100
0.00335 9.999e-100 9.999e-100 9.999e-100
0.00368 9.999e-100 9.999e-100 9.999e-100
0.00404 9.999e-100 9.999e-100 9.999e-100
0.00443 9.999e-100 9.999e-100 9.999e-100
0.00486 9.999e-100 9.999e-100 9.999e-100
0.00534 9.999e-100 9.999e-100 9.999e-100
0.00586 9.999e-100 9.999e-100 9.999e-100
0.00643 9.999e-100 9.999e-100 9.999e-100
0.007049999999999999 9.999e-100 9.999e-100 9.999e-100
0.0077399999999999995 9.999e-100 9.999e-100 9.999e-100
0.0085 9.999e-100 9.999e-100 9.999e-100
0.00933 9.999e-100 9.999e-100 9.999e-100
0.01024 9.999e-100 9.999e-100 9.999e-100
0.01123 9.999e-100 9.999e-100 9.999e-100
0.01233 9.999e-100 9.999e-100 9.999e-100
0.01353 9.999e-100 9.999e-100 9.999e-100
0.014849999999999999 9.999e-100 9.999e-100 9.999e-100
0.016300000000000002 9.999e-100 9.999e-100 9.999e-100
0.01789 9.999e-100 9.999e-100 9.999e-100
0.01963 9.999e-100 9.999e-100 9.999e-100
0.02154 9.999e-100 9.999e-100 9.999e-100
0.02364 9.999e-100 9.999e-100 9.999e-100
0.02595 2.596e-26 1.765e-26 3.421e-26
0.02848 2.964e-25 2.017e-25 3.911e-25
0.031259999999999996 3.09e-24 2.102e-24 4.079e-24
0.034300000000000004 2.618e-23 1.779e-23 3.453e-23
0.03765 2.732e-22 1.854e-22 3.6e-22
0.04132 2.739e-21 1.858e-21 3.609e-21
0.04535 2.035e-20 1.381e-20 2.683e-20
0.049769999999999995 1.837e-19 1.249e-19 2.426e-19
0.05462 1.189e-18 8.087e-19 1.572e-18
0.05995 8.963e-18 6.099e-18 1.187e-17
0.06579 5.285e-17 3.587e-17 6.977e-17
0.07221 3.279e-16 2.223e-16 4.32e-16
0.07925 1.898e-15 1.293e-15 2.503e-15
0.08697 9.944e-15 6.772e-15 1.312e-14
0.09545000000000001 5.049e-14 3.44e-14 6.667e-14
0.10476 2.448e-13 1.666e-13 3.234e-13
0.11498 1.128e-12 7.669e-13 1.489e-12
0.12619 4.956e-12 3.37e-12 6.558e-12
0.13849 2.105e-11 1.431e-11 2.787e-11
0.15199000000000001 9.303e-11 6.301e-11 1.238e-10
0.16680999999999999 5.857e-10 3.951e-10 7.941e-10
0.18307 5.481e-9 3.695e-9 7.536e-9
0.20092 6.618e-8 4.498e-8 9.112e-8
0.22050999999999998 5.496e-7 3.76e-7 7.499e-7
0.24201 5.611e-6 3.867e-6 7.579e-6
0.26561 4.071e-5 2.827e-5 5.465e-5
0.29151 0.0002606 0.0001823 0.0003481
0.31993 0.001312 0.0009237 0.001743
0.35112 0.006257 0.004432 0.008268
0.38534999999999997 0.02254 0.01604 0.02965
0.42291999999999996 0.07535 0.05394 0.09864
0.46416 0.2263 0.1628 0.2949
0.50941 0.5983 0.4314 0.7769
0.55908 1.375 0.9975 1.779
0.6135900000000001 3.205 2.338 4.13
0.67342 6.495 4.751 8.341
0.73907 12.53 9.205 16.04
0.81113 23.09 17.07 29.44
0.89022 39.66 29.53 50.34
0.9770099999999999 65.04 48.69 82.07
1.07227 99.67 75.14 125.0
1.1768100000000001 153.6 116.8 191.4
1.29155 235.5 180.7 291.4
1.41747 343.1 266.1 421.6
1.5556800000000002 499.9 392.2 609.9
1.70735 712.4 564.9 862.7
1.8738199999999998 997.5 797.2 1200.0
2.0565100000000003 1380.0 1111.0 1649.0
2.25702 1854.0 1504.0 2203.0
2.47708 2562.0 2096.0 3028.0
2.71859 3366.0 2763.0 3970.0
2.98365 4499.0 3703.0 5295.0
3.27455 5768.0 4744.0 6800.0
3.59381 7423.0 6090.0 8777.0
3.9442100000000004 9392.0 7648.0 11160.0
4.32876 11460.0 9227.0 13690.0
4.7508099999999995 14100.0 11210.0 16940.0
5.21401 21560.0 15780.0 28340.0
5.72237 44180.0 27080.0 71430.0
6.28029 76000.0 41550.0 139800.0
6.89261 105600.0 55560.0 201100.0
7.564629999999999 133500.0 68910.0 259400.0
8.30218 162800.0 83000.0 321100.0
9.11163 190800.0 96490.0 380000.0
10.0 215700.0 107400.0 431300.0
end
